member,registrant,filer,contributor_name,contribution_type,payee_name,honoree_name,amount,date,filing_year,period,uuid,url
Meeks (D-NY-5),FLUOR CORPORATION,registrant,FLUOR PAC,feca,FRIENDS FOR GREGORY MEEKS,Friends for Gregory Meeks,1000.00,2024-04-18,2024,mid_year,80f0e3c2-779b-41d5-aa3e-281e1830da0b,https://lda.gov/filings/public/contribution/80f0e3c2-779b-41d5-aa3e-281e1830da0b/print/
Meeks (D-NY-5),FLUOR CORPORATION,registrant,FLUOR PAC,feca,FRIENDS FOR GREGORY MEEKS,Friends for Gregory Meeks,1000.00,2024-04-18,2024,mid_year,b1306183-1ccd-423e-a4b9-3ecff9b69878,https://lda.gov/filings/public/contribution/b1306183-1ccd-423e-a4b9-3ecff9b69878/print/
Smith (D-WA-9),FLUOR CORPORATION,registrant,SELF,feca,ADAM SMITH FOR CONGRESS COMMITTEE,Adam Smith for Congress Committee,2500.00,2024-09-10,2024,year_end,d5f245b9-28c5-4540-b2ac-86dbc30d5390,https://lda.gov/filings/public/contribution/d5f245b9-28c5-4540-b2ac-86dbc30d5390/print/
Young Kim (R-CA-40),FLUOR CORPORATION,registrant,SELF,feca,YOUNG KIM FOR CONGRESS,Young Kim for Congress,1000.00,2024-09-10,2024,year_end,d5f245b9-28c5-4540-b2ac-86dbc30d5390,https://lda.gov/filings/public/contribution/d5f245b9-28c5-4540-b2ac-86dbc30d5390/print/
Rogers (R-AL-3),FLUOR CORPORATION,registrant,SELF,feca,MIKE ROGERS FOR CONGRESS,Mike Rogers for Congress,1500.00,2024-09-10,2024,year_end,d5f245b9-28c5-4540-b2ac-86dbc30d5390,https://lda.gov/filings/public/contribution/d5f245b9-28c5-4540-b2ac-86dbc30d5390/print/
Smith (D-WA-9),FLUOR CORPORATION,registrant,FLUOR PAC,feca,ADAM SMITH FOR CONGRESS COMMITTEE,Adam Smith for Congress Committee,2500.00,2024-09-10,2024,year_end,6dcb2f97-7153-4778-8a46-7ef1c12487d4,https://lda.gov/filings/public/contribution/6dcb2f97-7153-4778-8a46-7ef1c12487d4/print/
Young Kim (R-CA-40),FLUOR CORPORATION,registrant,FLUOR PAC,feca,YOUNG KIM FOR CONGRESS,Young Kim for Congress,1000.00,2024-09-10,2024,year_end,6dcb2f97-7153-4778-8a46-7ef1c12487d4,https://lda.gov/filings/public/contribution/6dcb2f97-7153-4778-8a46-7ef1c12487d4/print/
Rogers (R-AL-3),FLUOR CORPORATION,registrant,FLUOR PAC,feca,MIKE ROGERS FOR CONGRESS,Mike Rogers for Congress,1500.00,2024-09-10,2024,year_end,6dcb2f97-7153-4778-8a46-7ef1c12487d4,https://lda.gov/filings/public/contribution/6dcb2f97-7153-4778-8a46-7ef1c12487d4/print/
Wittman (R-VA-1),ROLLS-ROYCE NORTH AMERICA AND ITS AFFILIATES,registrant,ROLLS-ROYCE NORTH AMERICA HOLDINGS INC. PAC (ROLLS-ROYCE NORTH AMERICA PAC),feca,ROB WITTMAN FOR CONGRESS,Congressman Robert Wittman,5000.00,2024-02-29,2024,mid_year,daa3c503-99b2-41be-8189-4850093f9cd8,https://lda.gov/filings/public/contribution/daa3c503-99b2-41be-8189-4850093f9cd8/print/
Courtney (D-CT-2),ROLLS-ROYCE NORTH AMERICA AND ITS AFFILIATES,registrant,ROLLS-ROYCE NORTH AMERICA HOLDINGS INC. PAC (ROLLS-ROYCE NORTH AMERICA PAC),feca,COURTNEY FOR CONGRESS,Congressman Joseph Courtney,1000.00,2024-02-29,2024,mid_year,daa3c503-99b2-41be-8189-4850093f9cd8,https://lda.gov/filings/public/contribution/daa3c503-99b2-41be-8189-4850093f9cd8/print/
Kelly (R-MS-1),ROLLS-ROYCE NORTH AMERICA AND ITS AFFILIATES,registrant,ROLLS-ROYCE NORTH AMERICA HOLDINGS INC. PAC (ROLLS-ROYCE NORTH AMERICA PAC),feca,KELLY FOR CONGRESS,Congressman John Kelly,1000.00,2024-02-29,2024,mid_year,daa3c503-99b2-41be-8189-4850093f9cd8,https://lda.gov/filings/public/contribution/daa3c503-99b2-41be-8189-4850093f9cd8/print/
Rogers (R-AL-3),ROLLS-ROYCE NORTH AMERICA AND ITS AFFILIATES,registrant,ROLLS-ROYCE NORTH AMERICA HOLDINGS INC. PAC (ROLLS-ROYCE NORTH AMERICA PAC),feca,MIKE ROGERS FOR CONGRESS,Congressman Michael Rogers,5000.00,2024-06-26,2024,mid_year,daa3c503-99b2-41be-8189-4850093f9cd8,https://lda.gov/filings/public/contribution/daa3c503-99b2-41be-8189-4850093f9cd8/print/
Norcross (D-NJ-1),ROLLS-ROYCE NORTH AMERICA AND ITS AFFILIATES,registrant,ROLLS-ROYCE NORTH AMERICA HOLDINGS INC. PAC (ROLLS-ROYCE NORTH AMERICA PAC),feca,DONALD NORCROSS FOR CONGRESS,Congressman Donald Norcross,1000.00,2024-06-26,2024,mid_year,daa3c503-99b2-41be-8189-4850093f9cd8,https://lda.gov/filings/public/contribution/daa3c503-99b2-41be-8189-4850093f9cd8/print/
Kelly (R-MS-1),ROLLS-ROYCE NORTH AMERICA AND ITS AFFILIATES,registrant,ROLLS-ROYCE NORTH AMERICA HOLDINGS INC. PAC (ROLLS-ROYCE NORTH AMERICA PAC),feca,KELLY FOR CONGRESS,Congressman John Kelly,3000.00,2024-09-24,2024,year_end,9565ea54-da2a-49c5-922d-206475a69f9e,https://lda.gov/filings/public/contribution/9565ea54-da2a-49c5-922d-206475a69f9e/print/
Smith (D-WA-9),ROLLS-ROYCE NORTH AMERICA AND ITS AFFILIATES,registrant,ROLLS-ROYCE NORTH AMERICA HOLDINGS INC. PAC (ROLLS-ROYCE NORTH AMERICA PAC),feca,ADAM SMITH FOR CONGRESS COMMITTEE,Congressman Adam Smith,5000.00,2024-10-30,2024,year_end,9565ea54-da2a-49c5-922d-206475a69f9e,https://lda.gov/filings/public/contribution/9565ea54-da2a-49c5-922d-206475a69f9e/print/
Smith (D-WA-9),GENERAL DYNAMICS CORP,lobbyist: SHANA CHANDLER,SELF,feca,ADAM SMITH OR CONGRESS,Adam Smith,1000.00,2023-04-14,2023,mid_year,481dbfdf-00e4-47b9-84d5-ef29c7ac595e,https://lda.gov/filings/public/contribution/481dbfdf-00e4-47b9-84d5-ef29c7ac595e/print/
Smith (D-WA-9),GENERAL DYNAMICS CORP,lobbyist: DOUGLAS RITTER,SELF,feca,ADAM SMITH FOR CONGRESS,Rep Adam Smith,1000.00,2023-04-18,2023,mid_year,daad84ac-31bc-4cc1-bea7-5effe706d545,https://lda.gov/filings/public/contribution/daad84ac-31bc-4cc1-bea7-5effe706d545/print/
Smith (D-WA-9),GENERAL DYNAMICS CORP,lobbyist: ERICA STRIEBEL,SELF,feca,ADAM SMITH FOR CONGRESS,Hon Adam Smith,1000.00,2023-04-18,2023,mid_year,67ed17f2-36c9-4be7-84a2-222c70e42756,https://lda.gov/filings/public/contribution/67ed17f2-36c9-4be7-84a2-222c70e42756/print/
Smith (D-WA-9),GENERAL DYNAMICS CORP,lobbyist: ELIZABETH SCHMID,SELF,feca,ACTBLUE,Adam Smith,1000.00,2023-04-18,2023,mid_year,d6aec39d-b298-489f-9c56-d6371dc7f272,https://lda.gov/filings/public/contribution/d6aec39d-b298-489f-9c56-d6371dc7f272/print/
Kelly (R-MS-1),GENERAL DYNAMICS CORP,registrant,GENERAL DYNAMICS CORPORATION POLITICAL ACTION COMMITTEE,feca,KELLY FOR CONGRESS,Trent Kelly,1000.00,2023-02-01,2023,mid_year,6a62c94d-3252-44af-b05b-daad278ba543,https://lda.gov/filings/public/contribution/6a62c94d-3252-44af-b05b-daad278ba543/print/
Norcross (D-NJ-1),GENERAL DYNAMICS CORP,registrant,GENERAL DYNAMICS CORPORATION POLITICAL ACTION COMMITTEE,feca,DONALD NORCROSS FOR CONGRESS,Donald Norcross,2500.00,2023-03-15,2023,mid_year,6a62c94d-3252-44af-b05b-daad278ba543,https://lda.gov/filings/public/contribution/6a62c94d-3252-44af-b05b-daad278ba543/print/
Smith (D-WA-9),GENERAL DYNAMICS CORP,registrant,GENERAL DYNAMICS CORPORATION POLITICAL ACTION COMMITTEE,feca,ADAM SMITH FOR CONGRESS COMMITTEE,Adam Smith,1000.00,2023-03-21,2023,mid_year,6a62c94d-3252-44af-b05b-daad278ba543,https://lda.gov/filings/public/contribution/6a62c94d-3252-44af-b05b-daad278ba543/print/
Meeks (D-NY-5),GENERAL DYNAMICS CORP,registrant,GENERAL DYNAMICS CORPORATION POLITICAL ACTION COMMITTEE,feca,MEEKS FOR CONGRESS,Gregory Meeks,1000.00,2023-03-24,2023,mid_year,6a62c94d-3252-44af-b05b-daad278ba543,https://lda.gov/filings/public/contribution/6a62c94d-3252-44af-b05b-daad278ba543/print/
Courtney (D-CT-2),GENERAL DYNAMICS CORP,registrant,GENERAL DYNAMICS CORPORATION POLITICAL ACTION COMMITTEE,feca,COURTNEY FOR CONGRESS,Joe Courtney,2500.00,2023-03-27,2023,mid_year,6a62c94d-3252-44af-b05b-daad278ba543,https://lda.gov/filings/public/contribution/6a62c94d-3252-44af-b05b-daad278ba543/print/
Rogers (R-AL-3),GENERAL DYNAMICS CORP,registrant,GENERAL DYNAMICS CORPORATION POLITICAL ACTION COMMITTEE,feca,MIKE ROGERS FOR CONGRESS,Mike Rogers,5000.00,2023-03-29,2023,mid_year,6a62c94d-3252-44af-b05b-daad278ba543,https://lda.gov/filings/public/contribution/6a62c94d-3252-44af-b05b-daad278ba543/print/
Wittman (R-VA-1),GENERAL DYNAMICS CORP,registrant,GENERAL DYNAMICS CORPORATION POLITICAL ACTION COMMITTEE,feca,ROB WITTMAN FOR CONGRESS,Rob Wittman,5000.00,2023-03-29,2023,mid_year,6a62c94d-3252-44af-b05b-daad278ba543,https://lda.gov/filings/public/contribution/6a62c94d-3252-44af-b05b-daad278ba543/print/
Waltz (R-FL-6),GENERAL DYNAMICS CORP,registrant,GENERAL DYNAMICS CORPORATION POLITICAL ACTION COMMITTEE,feca,MICHAEL WALTZ FOR CONGRESS,Michael Waltz,2000.00,2023-04-25,2023,mid_year,6a62c94d-3252-44af-b05b-daad278ba543,https://lda.gov/filings/public/contribution/6a62c94d-3252-44af-b05b-daad278ba543/print/
Gallagher (R-WI-8),GENERAL DYNAMICS CORP,registrant,GENERAL DYNAMICS CORPORATION POLITICAL ACTION COMMITTEE,feca,MIKE GALLAGHER FOR WISCONSIN,Michael Gallagher,1000.00,2023-04-25,2023,mid_year,6a62c94d-3252-44af-b05b-daad278ba543,https://lda.gov/filings/public/contribution/6a62c94d-3252-44af-b05b-daad278ba543/print/
Waltz (R-FL-6),GENERAL DYNAMICS CORP,registrant,GENERAL DYNAMICS CORPORATION POLITICAL ACTION COMMITTEE,feca,MICHAEL WALTZ FOR CONGRESS,Michael Waltz,1000.00,2023-06-06,2023,mid_year,6a62c94d-3252-44af-b05b-daad278ba543,https://lda.gov/filings/public/contribution/6a62c94d-3252-44af-b05b-daad278ba543/print/
Courtney (D-CT-2),GENERAL DYNAMICS CORP,registrant,GENERAL DYNAMICS CORPORATION POLITICAL ACTION COMMITTEE,feca,COURTNEY FOR CONGRESS,Joe Courtney,2500.00,2023-06-27,2023,mid_year,6a62c94d-3252-44af-b05b-daad278ba543,https://lda.gov/filings/public/contribution/6a62c94d-3252-44af-b05b-daad278ba543/print/
Norcross (D-NJ-1),GENERAL DYNAMICS CORP,registrant,GENERAL DYNAMICS CORPORATION POLITICAL ACTION COMMITTEE,feca,DONALD NORCROSS FOR CONGRESS,Donald Norcross,1000.00,2023-06-27,2023,mid_year,6a62c94d-3252-44af-b05b-daad278ba543,https://lda.gov/filings/public/contribution/6a62c94d-3252-44af-b05b-daad278ba543/print/
Meeks (D-NY-5),GENERAL DYNAMICS CORP,registrant,GENERAL DYNAMICS CORPORATION POLITICAL ACTION COMMITTEE,feca,MEEKS FOR CONGRESS,Gregory Meeks,2500.00,2023-06-27,2023,mid_year,6a62c94d-3252-44af-b05b-daad278ba543,https://lda.gov/filings/public/contribution/6a62c94d-3252-44af-b05b-daad278ba543/print/
Kilmer (D-WA-6),GENERAL DYNAMICS CORP,registrant,GENERAL DYNAMICS CORPORATION POLITICAL ACTION COMMITTEE,feca,PEOPLE FOR DEREK KILMER,Derek Kilmer,1000.00,2023-06-28,2023,mid_year,6a62c94d-3252-44af-b05b-daad278ba543,https://lda.gov/filings/public/contribution/6a62c94d-3252-44af-b05b-daad278ba543/print/
Moore (R-UT-1),GENERAL DYNAMICS CORP,registrant,GENERAL DYNAMICS CORPORATION POLITICAL ACTION COMMITTEE,feca,BLAKE MOORE FOR CONGRESS,Blake Moore,1000.00,2023-06-29,2023,mid_year,6a62c94d-3252-44af-b05b-daad278ba543,https://lda.gov/filings/public/contribution/6a62c94d-3252-44af-b05b-daad278ba543/print/
Courtney (D-CT-2),GENERAL DYNAMICS CORP,registrant,SELF,he,NATIONAL MARITIME HISTORICAL SOCIETY,Joe Courtney,10000.00,2023-05-09,2023,mid_year,6a62c94d-3252-44af-b05b-daad278ba543,https://lda.gov/filings/public/contribution/6a62c94d-3252-44af-b05b-daad278ba543/print/
Kilmer (D-WA-6),GENERAL DYNAMICS CORP,registrant,GENERAL DYNAMICS CORPORATION POLITICAL ACTION COMMITTEE,feca,"DEREK PAC (DEFENSE, ECONOMIC RENEWAL, EDUCATION AND KNOWLEDGE PAC",Derek Kilmer,5000.00,2023-04-18,2023,mid_year,6a62c94d-3252-44af-b05b-daad278ba543,https://lda.gov/filings/public/contribution/6a62c94d-3252-44af-b05b-daad278ba543/print/
Young Kim (R-CA-40),GENERAL DYNAMICS CORP,registrant,GENERAL DYNAMICS CORPORATION POLITICAL ACTION COMMITTEE,feca,YOUNG KIM FOR CONGRESS,Young Kim,1000.00,2023-07-10,2023,year_end,29ecab2a-e27b-43f3-9d00-cd78e0cf9382,https://lda.gov/filings/public/contribution/29ecab2a-e27b-43f3-9d00-cd78e0cf9382/print/
Gallagher (R-WI-8),GENERAL DYNAMICS CORP,registrant,GENERAL DYNAMICS CORPORATION POLITICAL ACTION COMMITTEE,feca,MIKE GALLAGHER FOR WISCONSIN,Mike Gallagher,2500.00,2023-09-12,2023,year_end,29ecab2a-e27b-43f3-9d00-cd78e0cf9382,https://lda.gov/filings/public/contribution/29ecab2a-e27b-43f3-9d00-cd78e0cf9382/print/
Smith (D-WA-9),GENERAL DYNAMICS CORP,registrant,GENERAL DYNAMICS CORPORATION POLITICAL ACTION COMMITTEE,feca,ADAM SMITH FOR CONGRESS COMMITTEE,Adam Smith,4000.00,2023-09-14,2023,year_end,29ecab2a-e27b-43f3-9d00-cd78e0cf9382,https://lda.gov/filings/public/contribution/29ecab2a-e27b-43f3-9d00-cd78e0cf9382/print/
Courtney (D-CT-2),GENERAL DYNAMICS CORP,registrant,GENERAL DYNAMICS CORPORATION POLITICAL ACTION COMMITTEE,feca,COURTNEY FOR CONGRESS,Joe Courtney,2000.00,2023-09-14,2023,year_end,29ecab2a-e27b-43f3-9d00-cd78e0cf9382,https://lda.gov/filings/public/contribution/29ecab2a-e27b-43f3-9d00-cd78e0cf9382/print/
Moore (R-UT-1),GENERAL DYNAMICS CORP,registrant,GENERAL DYNAMICS CORPORATION POLITICAL ACTION COMMITTEE,feca,BLAKE MOORE FOR CONGRESS,Blake Moore,1000.00,2023-09-18,2023,year_end,29ecab2a-e27b-43f3-9d00-cd78e0cf9382,https://lda.gov/filings/public/contribution/29ecab2a-e27b-43f3-9d00-cd78e0cf9382/print/
Moore (R-UT-1),GENERAL DYNAMICS CORP,registrant,GENERAL DYNAMICS CORPORATION POLITICAL ACTION COMMITTEE,feca,BLAKE MOORE FOR CONGRESS,Blake Moore,1000.00,2023-09-18,2023,year_end,29ecab2a-e27b-43f3-9d00-cd78e0cf9382,https://lda.gov/filings/public/contribution/29ecab2a-e27b-43f3-9d00-cd78e0cf9382/print/
Norcross (D-NJ-1),GENERAL DYNAMICS CORP,registrant,GENERAL DYNAMICS CORPORATION POLITICAL ACTION COMMITTEE,feca,DONALD NORCROSS FOR CONGRESS,Donald Norcross,1000.00,2023-09-18,2023,year_end,29ecab2a-e27b-43f3-9d00-cd78e0cf9382,https://lda.gov/filings/public/contribution/29ecab2a-e27b-43f3-9d00-cd78e0cf9382/print/
Kelly (R-MS-1),GENERAL DYNAMICS CORP,registrant,GENERAL DYNAMICS CORPORATION POLITICAL ACTION COMMITTEE,feca,KELLY FOR CONGRESS,Trent Kelly,1000.00,2023-10-17,2023,year_end,29ecab2a-e27b-43f3-9d00-cd78e0cf9382,https://lda.gov/filings/public/contribution/29ecab2a-e27b-43f3-9d00-cd78e0cf9382/print/
Meeks (D-NY-5),GENERAL DYNAMICS CORP,registrant,GENERAL DYNAMICS CORPORATION POLITICAL ACTION COMMITTEE,feca,MEEKS FOR CONGRESS,Gregory Meeks,2500.00,2023-10-31,2023,year_end,29ecab2a-e27b-43f3-9d00-cd78e0cf9382,https://lda.gov/filings/public/contribution/29ecab2a-e27b-43f3-9d00-cd78e0cf9382/print/
McCaul (R-TX-10),GENERAL DYNAMICS CORP,registrant,GENERAL DYNAMICS CORPORATION POLITICAL ACTION COMMITTEE,feca,"MCCAUL FOR CONGRESS, INC",Michael McCaul,1000.00,2023-12-04,2023,year_end,29ecab2a-e27b-43f3-9d00-cd78e0cf9382,https://lda.gov/filings/public/contribution/29ecab2a-e27b-43f3-9d00-cd78e0cf9382/print/
Courtney (D-CT-2),GENERAL DYNAMICS CORP,registrant,GENERAL DYNAMICS CORPORATION POLITICAL ACTION COMMITTEE,feca,COURTNEY FOR CONGRESS,Joe Courtney,1000.00,2023-12-12,2023,year_end,29ecab2a-e27b-43f3-9d00-cd78e0cf9382,https://lda.gov/filings/public/contribution/29ecab2a-e27b-43f3-9d00-cd78e0cf9382/print/
Smith (D-WA-9),GENERAL DYNAMICS CORP,registrant,GENERAL DYNAMICS CORPORATION POLITICAL ACTION COMMITTEE,feca,AMERICAN DEFENSE AND MILITARY PAC,Adam Smith,2500.00,2023-11-08,2023,year_end,29ecab2a-e27b-43f3-9d00-cd78e0cf9382,https://lda.gov/filings/public/contribution/29ecab2a-e27b-43f3-9d00-cd78e0cf9382/print/
Smith (D-WA-9),GENERAL DYNAMICS CORP,registrant,GENERAL DYNAMICS CORPORATION POLITICAL ACTION COMMITTEE,feca,AMERICAN DEFENSE AND MILITARY PAC,Adam Smith,2500.00,2023-12-04,2023,year_end,29ecab2a-e27b-43f3-9d00-cd78e0cf9382,https://lda.gov/filings/public/contribution/29ecab2a-e27b-43f3-9d00-cd78e0cf9382/print/
Rogers (R-AL-3),GENERAL DYNAMICS CORP,registrant,GENERAL DYNAMICS CORPORATION POLITICAL ACTION COMMITTEE,feca,AMERICAN SECURITY PAC,Mike Rogers,5000.00,2023-10-31,2023,year_end,29ecab2a-e27b-43f3-9d00-cd78e0cf9382,https://lda.gov/filings/public/contribution/29ecab2a-e27b-43f3-9d00-cd78e0cf9382/print/
Wittman (R-VA-1),GENERAL DYNAMICS CORP,registrant,GENERAL DYNAMICS CORPORATION POLITICAL ACTION COMMITTEE,feca,AMERICA'S FIRST PAC,Rob Wittman,5000.00,2023-12-12,2023,year_end,29ecab2a-e27b-43f3-9d00-cd78e0cf9382,https://lda.gov/filings/public/contribution/29ecab2a-e27b-43f3-9d00-cd78e0cf9382/print/
Norcross (D-NJ-1),GENERAL DYNAMICS CORP,registrant,GENERAL DYNAMICS CORPORATION POLITICAL ACTION COMMITTEE,feca,BLUE POWER PAC,Donald Norcross,2500.00,2023-11-28,2023,year_end,29ecab2a-e27b-43f3-9d00-cd78e0cf9382,https://lda.gov/filings/public/contribution/29ecab2a-e27b-43f3-9d00-cd78e0cf9382/print/
Courtney (D-CT-2),GENERAL DYNAMICS CORP,registrant,GENERAL DYNAMICS CORPORATION POLITICAL ACTION COMMITTEE,feca,HUSKY PAC,Joe Courtney,5000.00,2023-09-12,2023,year_end,29ecab2a-e27b-43f3-9d00-cd78e0cf9382,https://lda.gov/filings/public/contribution/29ecab2a-e27b-43f3-9d00-cd78e0cf9382/print/
Kelly (R-MS-1),GENERAL DYNAMICS CORP,registrant,GENERAL DYNAMICS CORPORATION POLITICAL ACTION COMMITTEE,feca,SOUTHERN STATES PAC,Trent Kelly,5000.00,2023-09-12,2023,year_end,29ecab2a-e27b-43f3-9d00-cd78e0cf9382,https://lda.gov/filings/public/contribution/29ecab2a-e27b-43f3-9d00-cd78e0cf9382/print/
Kilmer (D-WA-6),HUNTINGTON INGALLS INDUSTRIES INCORPORATED,registrant,"HUNTINGTON INGALLS INDUSTRIES, INC. EMPLOYEES POLITICAL ACTION COMMITTEE (HIIPAC)",feca,PEOPLE FOR DEREK KILMER,Derek Kilmer,1500.00,2023-02-02,2023,mid_year,cbc17eee-4bf9-4489-83ad-14222de57ddf,https://lda.gov/filings/public/contribution/cbc17eee-4bf9-4489-83ad-14222de57ddf/print/
Kelly (R-MS-1),HUNTINGTON INGALLS INDUSTRIES INCORPORATED,registrant,"HUNTINGTON INGALLS INDUSTRIES, INC. EMPLOYEES POLITICAL ACTION COMMITTEE (HIIPAC)",feca,KELLY FOR CONGRESS,Trent Kelly,1000.00,2023-02-02,2023,mid_year,cbc17eee-4bf9-4489-83ad-14222de57ddf,https://lda.gov/filings/public/contribution/cbc17eee-4bf9-4489-83ad-14222de57ddf/print/
Norcross (D-NJ-1),HUNTINGTON INGALLS INDUSTRIES INCORPORATED,registrant,"HUNTINGTON INGALLS INDUSTRIES, INC. EMPLOYEES POLITICAL ACTION COMMITTEE (HIIPAC)",feca,DONALD NORCROSS FOR CONGRESS,Donald Norcross,5000.00,2023-02-02,2023,mid_year,cbc17eee-4bf9-4489-83ad-14222de57ddf,https://lda.gov/filings/public/contribution/cbc17eee-4bf9-4489-83ad-14222de57ddf/print/
Wittman (R-VA-1),HUNTINGTON INGALLS INDUSTRIES INCORPORATED,registrant,"HUNTINGTON INGALLS INDUSTRIES, INC. EMPLOYEES POLITICAL ACTION COMMITTEE (HIIPAC)",feca,ROB WITTMAN FOR CONGRESS,Rob Wittman,5000.00,2023-02-02,2023,mid_year,cbc17eee-4bf9-4489-83ad-14222de57ddf,https://lda.gov/filings/public/contribution/cbc17eee-4bf9-4489-83ad-14222de57ddf/print/
Kelly (R-MS-1),HUNTINGTON INGALLS INDUSTRIES INCORPORATED,registrant,"HUNTINGTON INGALLS INDUSTRIES, INC. EMPLOYEES POLITICAL ACTION COMMITTEE (HIIPAC)",feca,KELLY FOR CONGRESS,Trent Kelly,-1000.00,2023-02-03,2023,mid_year,cbc17eee-4bf9-4489-83ad-14222de57ddf,https://lda.gov/filings/public/contribution/cbc17eee-4bf9-4489-83ad-14222de57ddf/print/
Courtney (D-CT-2),HUNTINGTON INGALLS INDUSTRIES INCORPORATED,registrant,"HUNTINGTON INGALLS INDUSTRIES, INC. EMPLOYEES POLITICAL ACTION COMMITTEE (HIIPAC)",feca,COURTNEY FOR CONGRESS,Joseph Courtney,-500.00,2023-02-03,2023,mid_year,cbc17eee-4bf9-4489-83ad-14222de57ddf,https://lda.gov/filings/public/contribution/cbc17eee-4bf9-4489-83ad-14222de57ddf/print/
Rogers (R-AL-3),HUNTINGTON INGALLS INDUSTRIES INCORPORATED,registrant,"HUNTINGTON INGALLS INDUSTRIES, INC. EMPLOYEES POLITICAL ACTION COMMITTEE (HIIPAC)",feca,MIKE ROGERS FOR CONGRESS,Mike Rogers,-1000.00,2023-02-03,2023,mid_year,cbc17eee-4bf9-4489-83ad-14222de57ddf,https://lda.gov/filings/public/contribution/cbc17eee-4bf9-4489-83ad-14222de57ddf/print/
Courtney (D-CT-2),HUNTINGTON INGALLS INDUSTRIES INCORPORATED,registrant,"HUNTINGTON INGALLS INDUSTRIES, INC. EMPLOYEES POLITICAL ACTION COMMITTEE (HIIPAC)",feca,COURTNEY FOR CONGRESS,Joseph Courtney,-1000.00,2023-02-03,2023,mid_year,cbc17eee-4bf9-4489-83ad-14222de57ddf,https://lda.gov/filings/public/contribution/cbc17eee-4bf9-4489-83ad-14222de57ddf/print/
Rogers (R-AL-3),HUNTINGTON INGALLS INDUSTRIES INCORPORATED,registrant,"HUNTINGTON INGALLS INDUSTRIES, INC. EMPLOYEES POLITICAL ACTION COMMITTEE (HIIPAC)",feca,MIKE ROGERS FOR CONGRESS,Mike Rogers,2500.00,2023-03-17,2023,mid_year,cbc17eee-4bf9-4489-83ad-14222de57ddf,https://lda.gov/filings/public/contribution/cbc17eee-4bf9-4489-83ad-14222de57ddf/print/
Smith (D-WA-9),HUNTINGTON INGALLS INDUSTRIES INCORPORATED,registrant,"HUNTINGTON INGALLS INDUSTRIES, INC. EMPLOYEES POLITICAL ACTION COMMITTEE (HIIPAC)",feca,ADAM SMITH FOR CONGRESS COMMITTEE,Adam Smith,5000.00,2023-03-17,2023,mid_year,cbc17eee-4bf9-4489-83ad-14222de57ddf,https://lda.gov/filings/public/contribution/cbc17eee-4bf9-4489-83ad-14222de57ddf/print/
Kelly (R-MS-1),HUNTINGTON INGALLS INDUSTRIES INCORPORATED,registrant,"HUNTINGTON INGALLS INDUSTRIES, INC. EMPLOYEES POLITICAL ACTION COMMITTEE (HIIPAC)",feca,KELLY FOR CONGRESS,Trent Kelly,1000.00,2023-03-17,2023,mid_year,cbc17eee-4bf9-4489-83ad-14222de57ddf,https://lda.gov/filings/public/contribution/cbc17eee-4bf9-4489-83ad-14222de57ddf/print/
Gallagher (R-WI-8),HUNTINGTON INGALLS INDUSTRIES INCORPORATED,registrant,"HUNTINGTON INGALLS INDUSTRIES, INC. EMPLOYEES POLITICAL ACTION COMMITTEE (HIIPAC)",feca,MIKE GALLAGHER FOR WISCONSIN,Mike Gallagher,1000.00,2023-03-27,2023,mid_year,cbc17eee-4bf9-4489-83ad-14222de57ddf,https://lda.gov/filings/public/contribution/cbc17eee-4bf9-4489-83ad-14222de57ddf/print/
Rogers (R-AL-3),HUNTINGTON INGALLS INDUSTRIES INCORPORATED,registrant,"HUNTINGTON INGALLS INDUSTRIES, INC. EMPLOYEES POLITICAL ACTION COMMITTEE (HIIPAC)",feca,ROGERS FOR CONGRESS,Mike Rogers,2500.00,2023-03-27,2023,mid_year,cbc17eee-4bf9-4489-83ad-14222de57ddf,https://lda.gov/filings/public/contribution/cbc17eee-4bf9-4489-83ad-14222de57ddf/print/
Wittman (R-VA-1),HUNTINGTON INGALLS INDUSTRIES INCORPORATED,registrant,"HUNTINGTON INGALLS INDUSTRIES, INC. EMPLOYEES POLITICAL ACTION COMMITTEE (HIIPAC)",feca,AMERICA'S FIRST PAC,Rob Wittman,2500.00,2023-03-28,2023,mid_year,cbc17eee-4bf9-4489-83ad-14222de57ddf,https://lda.gov/filings/public/contribution/cbc17eee-4bf9-4489-83ad-14222de57ddf/print/
Waltz (R-FL-6),HUNTINGTON INGALLS INDUSTRIES INCORPORATED,registrant,"HUNTINGTON INGALLS INDUSTRIES, INC. EMPLOYEES POLITICAL ACTION COMMITTEE (HIIPAC)",feca,MICHAEL WALTZ FOR CONGRESS,Michael Waltz,2500.00,2023-05-09,2023,mid_year,cbc17eee-4bf9-4489-83ad-14222de57ddf,https://lda.gov/filings/public/contribution/cbc17eee-4bf9-4489-83ad-14222de57ddf/print/
McCaul (R-TX-10),HUNTINGTON INGALLS INDUSTRIES INCORPORATED,registrant,"HUNTINGTON INGALLS INDUSTRIES, INC. EMPLOYEES POLITICAL ACTION COMMITTEE (HIIPAC)",feca,MCCAUL FOR CONGRESS INC,Michael McCaul,1000.00,2023-05-09,2023,mid_year,cbc17eee-4bf9-4489-83ad-14222de57ddf,https://lda.gov/filings/public/contribution/cbc17eee-4bf9-4489-83ad-14222de57ddf/print/
Kelly (R-MS-1),HUNTINGTON INGALLS INDUSTRIES INCORPORATED,registrant,"HUNTINGTON INGALLS INDUSTRIES, INC. EMPLOYEES POLITICAL ACTION COMMITTEE (HIIPAC)",feca,KELLY FOR CONGRESS,Trent Kelly,1000.00,2023-06-27,2023,mid_year,cbc17eee-4bf9-4489-83ad-14222de57ddf,https://lda.gov/filings/public/contribution/cbc17eee-4bf9-4489-83ad-14222de57ddf/print/
Gallagher (R-WI-8),HUNTINGTON INGALLS INDUSTRIES INCORPORATED,registrant,"HUNTINGTON INGALLS INDUSTRIES, INC. EMPLOYEES POLITICAL ACTION COMMITTEE (HIIPAC)",feca,MIKE GALLAGHER FOR WISCONSIN,Mike Gallagher,1000.00,2023-06-27,2023,mid_year,cbc17eee-4bf9-4489-83ad-14222de57ddf,https://lda.gov/filings/public/contribution/cbc17eee-4bf9-4489-83ad-14222de57ddf/print/
Courtney (D-CT-2),HUNTINGTON INGALLS INDUSTRIES INCORPORATED,registrant,"HUNTINGTON INGALLS INDUSTRIES, INC. EMPLOYEES POLITICAL ACTION COMMITTEE (HIIPAC)",feca,COURTNEY FOR CONGRESS,Joseph Courtney,2500.00,2023-11-30,2023,year_end,8961c07c-645d-47ed-a977-e970f15de2bd,https://lda.gov/filings/public/contribution/8961c07c-645d-47ed-a977-e970f15de2bd/print/
Norcross (D-NJ-1),HUNTINGTON INGALLS INDUSTRIES INCORPORATED,registrant,"HUNTINGTON INGALLS INDUSTRIES, INC. EMPLOYEES POLITICAL ACTION COMMITTEE (HIIPAC)",feca,DONALD NORCROSS FOR CONGRESS,Donald Norcross,1000.00,2023-12-14,2023,year_end,8961c07c-645d-47ed-a977-e970f15de2bd,https://lda.gov/filings/public/contribution/8961c07c-645d-47ed-a977-e970f15de2bd/print/
Rogers (R-AL-3),HUNTINGTON INGALLS INDUSTRIES INCORPORATED,registrant,"HUNTINGTON INGALLS INDUSTRIES, INC. EMPLOYEES POLITICAL ACTION COMMITTEE (HIIPAC)",feca,ROGERS FOR CONGRESS,Mike Rogers,-2500.00,2023-07-13,2023,year_end,8961c07c-645d-47ed-a977-e970f15de2bd,https://lda.gov/filings/public/contribution/8961c07c-645d-47ed-a977-e970f15de2bd/print/
Rogers (R-AL-3),HUNTINGTON INGALLS INDUSTRIES INCORPORATED,registrant,"HUNTINGTON INGALLS INDUSTRIES, INC. EMPLOYEES POLITICAL ACTION COMMITTEE (HIIPAC)",feca,MIKE ROGERS FOR CONGRESS,Mike Rogers,2500.00,2023-07-27,2023,year_end,8961c07c-645d-47ed-a977-e970f15de2bd,https://lda.gov/filings/public/contribution/8961c07c-645d-47ed-a977-e970f15de2bd/print/
Wittman (R-VA-1),HUNTINGTON INGALLS INDUSTRIES INCORPORATED,registrant,"HUNTINGTON INGALLS INDUSTRIES, INC. EMPLOYEES POLITICAL ACTION COMMITTEE (HIIPAC)",feca,AMERICA'S FIRST PAC,Rob Wittman,2500.00,2023-07-27,2023,year_end,8961c07c-645d-47ed-a977-e970f15de2bd,https://lda.gov/filings/public/contribution/8961c07c-645d-47ed-a977-e970f15de2bd/print/
Kelly (R-MS-1),HUNTINGTON INGALLS INDUSTRIES INCORPORATED,registrant,"HUNTINGTON INGALLS INDUSTRIES, INC. EMPLOYEES POLITICAL ACTION COMMITTEE (HIIPAC)",feca,KELLY FOR CONGRESS,Trent Kelly,1000.00,2023-09-21,2023,year_end,8961c07c-645d-47ed-a977-e970f15de2bd,https://lda.gov/filings/public/contribution/8961c07c-645d-47ed-a977-e970f15de2bd/print/
Courtney (D-CT-2),HUNTINGTON INGALLS INDUSTRIES INCORPORATED,registrant,"HUNTINGTON INGALLS INDUSTRIES, INC. EMPLOYEES POLITICAL ACTION COMMITTEE (HIIPAC)",feca,COURTNEY FOR CONGRESS,Joseph Courtney,2500.00,2023-09-21,2023,year_end,8961c07c-645d-47ed-a977-e970f15de2bd,https://lda.gov/filings/public/contribution/8961c07c-645d-47ed-a977-e970f15de2bd/print/
Rogers (R-AL-3),HUNTINGTON INGALLS INDUSTRIES INCORPORATED,registrant,"HUNTINGTON INGALLS INDUSTRIES, INC. EMPLOYEES POLITICAL ACTION COMMITTEE (HIIPAC)",feca,AMERICAN SECURITY PAC,Mike Rogers,2500.00,2023-11-02,2023,year_end,8961c07c-645d-47ed-a977-e970f15de2bd,https://lda.gov/filings/public/contribution/8961c07c-645d-47ed-a977-e970f15de2bd/print/
Kilmer (D-WA-6),HUNTINGTON INGALLS INDUSTRIES INCORPORATED,registrant,"HUNTINGTON INGALLS INDUSTRIES, INC. EMPLOYEES POLITICAL ACTION COMMITTEE (HIIPAC)",feca,PEOPLE FOR DEREK KILMER,Derek Kilmer,1000.00,2023-11-02,2023,year_end,8961c07c-645d-47ed-a977-e970f15de2bd,https://lda.gov/filings/public/contribution/8961c07c-645d-47ed-a977-e970f15de2bd/print/
Kelly (R-MS-1),HUNTINGTON INGALLS INDUSTRIES INCORPORATED,registrant,"HUNTINGTON INGALLS INDUSTRIES, INC. EMPLOYEES POLITICAL ACTION COMMITTEE (HIIPAC)",feca,KELLY FOR CONGRESS,Trent Kelly,1000.00,2023-11-30,2023,year_end,8961c07c-645d-47ed-a977-e970f15de2bd,https://lda.gov/filings/public/contribution/8961c07c-645d-47ed-a977-e970f15de2bd/print/
Kelly (R-MS-1),HUNTINGTON INGALLS INDUSTRIES INCORPORATED,registrant,"HUNTINGTON INGALLS INDUSTRIES, INC. EMPLOYEES POLITICAL ACTION COMMITTEE (HIIPAC)",feca,KELLY FOR CONGRESS,Trent Kelly,1000.00,2023-11-30,2023,year_end,8961c07c-645d-47ed-a977-e970f15de2bd,https://lda.gov/filings/public/contribution/8961c07c-645d-47ed-a977-e970f15de2bd/print/
McCaul (R-TX-10),HUNTINGTON INGALLS INDUSTRIES INCORPORATED,registrant,"HUNTINGTON INGALLS INDUSTRIES, INC. EMPLOYEES POLITICAL ACTION COMMITTEE (HIIPAC)",feca,MCCAUL FOR CONGRESS INC,Michael McCaul,1000.00,2023-11-30,2023,year_end,8961c07c-645d-47ed-a977-e970f15de2bd,https://lda.gov/filings/public/contribution/8961c07c-645d-47ed-a977-e970f15de2bd/print/
Smith (D-WA-9),HUNTINGTON INGALLS INDUSTRIES INCORPORATED,registrant,"HUNTINGTON INGALLS INDUSTRIES, INC. EMPLOYEES POLITICAL ACTION COMMITTEE (HIIPAC)",feca,AMERICAN DEFENSE AND MILITARY PAC (ADAM PAC),Adam Smith,5000.00,2023-11-30,2023,year_end,8961c07c-645d-47ed-a977-e970f15de2bd,https://lda.gov/filings/public/contribution/8961c07c-645d-47ed-a977-e970f15de2bd/print/
Rogers (R-AL-3),"BAE SYSTEMS, INC.",registrant,BAE SYSTEMS INC. POLITICAL ACTION COMMITTEE (BAE SYSTEMS USA PAC),feca,AMERICAN SECURITY PAC,Rep. Michael Dennis Rogers,2500.00,2024-06-26,2024,mid_year,03754665-9ed3-4d1e-ab3c-9f05c71926d0,https://lda.gov/filings/public/contribution/03754665-9ed3-4d1e-ab3c-9f05c71926d0/print/
Meeks (D-NY-5),"BAE SYSTEMS, INC.",registrant,BAE SYSTEMS INC. POLITICAL ACTION COMMITTEE (BAE SYSTEMS USA PAC),feca,FRIENDS FOR GREGORY MEEKS,Rep. Gregory Weldon Meeks,1000.00,2024-06-26,2024,mid_year,03754665-9ed3-4d1e-ab3c-9f05c71926d0,https://lda.gov/filings/public/contribution/03754665-9ed3-4d1e-ab3c-9f05c71926d0/print/
McCaul (R-TX-10),"BAE SYSTEMS, INC.",registrant,BAE SYSTEMS INC. POLITICAL ACTION COMMITTEE (BAE SYSTEMS USA PAC),feca,"MCCAUL FOR CONGRESS, INC","Rep. Michael Thomas McCaul, Sr.",1000.00,2024-06-26,2024,mid_year,03754665-9ed3-4d1e-ab3c-9f05c71926d0,https://lda.gov/filings/public/contribution/03754665-9ed3-4d1e-ab3c-9f05c71926d0/print/
Waltz (R-FL-6),"BAE SYSTEMS, INC.",registrant,BAE SYSTEMS INC. POLITICAL ACTION COMMITTEE (BAE SYSTEMS USA PAC),feca,MICHAEL WALTZ FOR CONGRESS,Rep. Michael G. Waltz,1500.00,2024-06-04,2024,mid_year,03754665-9ed3-4d1e-ab3c-9f05c71926d0,https://lda.gov/filings/public/contribution/03754665-9ed3-4d1e-ab3c-9f05c71926d0/print/
Rogers (R-AL-3),"BAE SYSTEMS, INC.",registrant,BAE SYSTEMS INC. POLITICAL ACTION COMMITTEE (BAE SYSTEMS USA PAC),feca,AMERICAN SECURITY PAC,Rep. Michael Dennis Rogers,2500.00,2024-05-01,2024,mid_year,03754665-9ed3-4d1e-ab3c-9f05c71926d0,https://lda.gov/filings/public/contribution/03754665-9ed3-4d1e-ab3c-9f05c71926d0/print/
Kelly (R-MS-1),"BAE SYSTEMS, INC.",registrant,BAE SYSTEMS INC. POLITICAL ACTION COMMITTEE (BAE SYSTEMS USA PAC),feca,SOUTHERN STATES PAC,Rep. J. Trent Kelly,5000.00,2024-05-01,2024,mid_year,03754665-9ed3-4d1e-ab3c-9f05c71926d0,https://lda.gov/filings/public/contribution/03754665-9ed3-4d1e-ab3c-9f05c71926d0/print/
Moore (R-UT-1),"BAE SYSTEMS, INC.",registrant,BAE SYSTEMS INC. POLITICAL ACTION COMMITTEE (BAE SYSTEMS USA PAC),feca,BLAKE MOORE FOR CONGRESS,Rep. Blake D. Moore,5000.00,2024-03-19,2024,mid_year,03754665-9ed3-4d1e-ab3c-9f05c71926d0,https://lda.gov/filings/public/contribution/03754665-9ed3-4d1e-ab3c-9f05c71926d0/print/
Norcross (D-NJ-1),"BAE SYSTEMS, INC.",registrant,BAE SYSTEMS INC. POLITICAL ACTION COMMITTEE (BAE SYSTEMS USA PAC),feca,DONALD NORCROSS FOR CONGRESS,Rep. Donald W. Norcross,1000.00,2024-03-19,2024,mid_year,03754665-9ed3-4d1e-ab3c-9f05c71926d0,https://lda.gov/filings/public/contribution/03754665-9ed3-4d1e-ab3c-9f05c71926d0/print/
Kelly (R-MS-1),"BAE SYSTEMS, INC.",registrant,BAE SYSTEMS INC. POLITICAL ACTION COMMITTEE (BAE SYSTEMS USA PAC),feca,KELLY FOR CONGRESS,Rep. J. Trent Kelly,1000.00,2024-03-19,2024,mid_year,03754665-9ed3-4d1e-ab3c-9f05c71926d0,https://lda.gov/filings/public/contribution/03754665-9ed3-4d1e-ab3c-9f05c71926d0/print/
Wittman (R-VA-1),"BAE SYSTEMS, INC.",registrant,BAE SYSTEMS INC. POLITICAL ACTION COMMITTEE (BAE SYSTEMS USA PAC),feca,ROB WITTMAN FOR CONGRESS,Rep. Robert Joseph Wittman,5000.00,2024-03-19,2024,mid_year,03754665-9ed3-4d1e-ab3c-9f05c71926d0,https://lda.gov/filings/public/contribution/03754665-9ed3-4d1e-ab3c-9f05c71926d0/print/
Smith (D-WA-9),"BAE SYSTEMS, INC.",registrant,BAE SYSTEMS INC. POLITICAL ACTION COMMITTEE (BAE SYSTEMS USA PAC),feca,ADAM SMITH FOR CONGRESS COMMITTEE,Rep. Adam Smith,5000.00,2024-02-26,2024,mid_year,03754665-9ed3-4d1e-ab3c-9f05c71926d0,https://lda.gov/filings/public/contribution/03754665-9ed3-4d1e-ab3c-9f05c71926d0/print/
Norcross (D-NJ-1),"BAE SYSTEMS, INC.",registrant,BAE SYSTEMS INC. POLITICAL ACTION COMMITTEE (BAE SYSTEMS USA PAC),feca,DONALD NORCROSS FOR CONGRESS,Rep. Donald W. Norcross,500.00,2024-02-26,2024,mid_year,03754665-9ed3-4d1e-ab3c-9f05c71926d0,https://lda.gov/filings/public/contribution/03754665-9ed3-4d1e-ab3c-9f05c71926d0/print/
Norcross (D-NJ-1),"BAE SYSTEMS, INC.",registrant,BAE SYSTEMS INC. POLITICAL ACTION COMMITTEE (BAE SYSTEMS USA PAC),feca,DONALD NORCROSS FOR CONGRESS,Rep. Donald W. Norcross,500.00,2024-02-26,2024,mid_year,03754665-9ed3-4d1e-ab3c-9f05c71926d0,https://lda.gov/filings/public/contribution/03754665-9ed3-4d1e-ab3c-9f05c71926d0/print/
Smith (D-WA-9),"BAE SYSTEMS, INC.",registrant,BAE SYSTEMS INC. POLITICAL ACTION COMMITTEE (BAE SYSTEMS USA PAC),feca,AMERICAN DEFENSE AND MILITARY PAC,Rep. David Adam Smith,2500.00,2024-09-24,2024,year_end,b8ab612d-6776-4c1d-9ac4-25a3cc0e28e4,https://lda.gov/filings/public/contribution/b8ab612d-6776-4c1d-9ac4-25a3cc0e28e4/print/
Wittman (R-VA-1),"BAE SYSTEMS, INC.",registrant,BAE SYSTEMS INC. POLITICAL ACTION COMMITTEE (BAE SYSTEMS USA PAC),feca,AMERICA'S FIRST PAC,Rep. Robert Joseph Wittman,2500.00,2024-09-24,2024,year_end,b8ab612d-6776-4c1d-9ac4-25a3cc0e28e4,https://lda.gov/filings/public/contribution/b8ab612d-6776-4c1d-9ac4-25a3cc0e28e4/print/
Norcross (D-NJ-1),"BAE SYSTEMS, INC.",registrant,BAE SYSTEMS INC. POLITICAL ACTION COMMITTEE (BAE SYSTEMS USA PAC),feca,DONALD NORCROSS FOR CONGRESS,Rep. Donald W. Norcross,1000.00,2024-09-24,2024,year_end,b8ab612d-6776-4c1d-9ac4-25a3cc0e28e4,https://lda.gov/filings/public/contribution/b8ab612d-6776-4c1d-9ac4-25a3cc0e28e4/print/
Courtney (D-CT-2),"BAE SYSTEMS, INC.",registrant,BAE SYSTEMS INC. POLITICAL ACTION COMMITTEE (BAE SYSTEMS USA PAC),feca,COURTNEY FOR CONGRESS,Rep. Joseph David Courtney,1000.00,2024-07-31,2024,year_end,b8ab612d-6776-4c1d-9ac4-25a3cc0e28e4,https://lda.gov/filings/public/contribution/b8ab612d-6776-4c1d-9ac4-25a3cc0e28e4/print/
Kelly (R-MS-1),"BAE SYSTEMS, INC.",registrant,BAE SYSTEMS INC. POLITICAL ACTION COMMITTEE (BAE SYSTEMS USA PAC),feca,KELLY FOR CONGRESS,Rep. John Trent Kelly,4000.00,2024-07-31,2024,year_end,b8ab612d-6776-4c1d-9ac4-25a3cc0e28e4,https://lda.gov/filings/public/contribution/b8ab612d-6776-4c1d-9ac4-25a3cc0e28e4/print/
Rogers (R-AL-3),"THEGROUP DC, LLC",lobbyist: PAMELA THIESSEN,SELF,feca,MIKE ROGERS FOR CONGRESS,Mike Rogers,1250.00,2023-03-23,2023,mid_year,45bf1719-b742-4907-848e-6ca08842a375,https://lda.gov/filings/public/contribution/45bf1719-b742-4907-848e-6ca08842a375/print/
Rogers (R-AL-3),"THEGROUP DC, LLC",lobbyist: DWAYNE BOLTON,SELF,feca,MIKE ROGERS FOR CONGRESS,Mike Rogers for Congress,500.00,2023-06-23,2023,mid_year,4f36dc71-e814-4f1b-8224-02848f81209d,https://lda.gov/filings/public/contribution/4f36dc71-e814-4f1b-8224-02848f81209d/print/
Rogers (R-AL-3),"THEGROUP DC, LLC",lobbyist: PAMELA THIESSEN,SELF,feca,MIKE ROGERS FOR CONGRESS,Mike Rogers,1000.00,2023-07-17,2023,year_end,5ef18087-eaa9-4f0d-a66f-c870903da18d,https://lda.gov/filings/public/contribution/5ef18087-eaa9-4f0d-a66f-c870903da18d/print/
Meeks (D-NY-5),"THEGROUP DC, LLC",lobbyist: DARREL THOMPSON,SELF,feca,GREG MEEKS FOR CONGRESS,Greg Meeks,3300.00,2023-10-23,2023,year_end,0e2d0306-edc7-4b4f-bb2b-2251e783f27c,https://lda.gov/filings/public/contribution/0e2d0306-edc7-4b4f-bb2b-2251e783f27c/print/
Meeks (D-NY-5),"THEGROUP DC, LLC",lobbyist: SUDAFI HENRY,SELF,feca,FRIENDS OF GREGORY MEEKS,Gregory Meeks,3300.00,2023-10-23,2023,year_end,4d303da4-a47c-480d-96cc-1027f8736720,https://lda.gov/filings/public/contribution/4d303da4-a47c-480d-96cc-1027f8736720/print/
Wittman (R-VA-1),FEDERAL BUSINESS GROUP,lobbyist: MARK HAMILTON,SELF,feca,WITTMAN FOR CONGRESS,REP Rob Wittman,2900.00,2023-03-01,2023,mid_year,1003566e-017c-470f-b763-e74114a02466,https://lda.gov/filings/public/contribution/1003566e-017c-470f-b763-e74114a02466/print/
Gallagher (R-WI-8),"BAE SYSTEMS, INC.",registrant,BAE SYSTEMS INC. POLITICAL ACTION COMMITTEE (BAE SYSTEMS USA PAC),feca,MIKE GALLAGHER FOR WISCONSIN,Rep. Michael John Gallagher,1000.00,2023-06-12,2023,mid_year,55004e21-e9dd-4b7d-80a2-58d6a9a9cba8,https://lda.gov/filings/public/contribution/55004e21-e9dd-4b7d-80a2-58d6a9a9cba8/print/
Kelly (R-MS-1),"BAE SYSTEMS, INC.",registrant,BAE SYSTEMS INC. POLITICAL ACTION COMMITTEE (BAE SYSTEMS USA PAC),feca,KELLY FOR CONGRESS,Rep. J. Trent Kelly,4000.00,2023-03-22,2023,mid_year,55004e21-e9dd-4b7d-80a2-58d6a9a9cba8,https://lda.gov/filings/public/contribution/55004e21-e9dd-4b7d-80a2-58d6a9a9cba8/print/
McCaul (R-TX-10),"BAE SYSTEMS, INC.",registrant,BAE SYSTEMS INC. POLITICAL ACTION COMMITTEE (BAE SYSTEMS USA PAC),feca,"MCCAUL FOR CONGRESS, INC","Rep. Michael Thomas McCaul, Sr.",1000.00,2023-03-02,2023,mid_year,55004e21-e9dd-4b7d-80a2-58d6a9a9cba8,https://lda.gov/filings/public/contribution/55004e21-e9dd-4b7d-80a2-58d6a9a9cba8/print/
Kelly (R-MS-1),"BAE SYSTEMS, INC.",registrant,BAE SYSTEMS INC. POLITICAL ACTION COMMITTEE (BAE SYSTEMS USA PAC),feca,KELLY FOR CONGRESS,Rep. J. Trent Kelly,1000.00,2023-02-06,2023,mid_year,55004e21-e9dd-4b7d-80a2-58d6a9a9cba8,https://lda.gov/filings/public/contribution/55004e21-e9dd-4b7d-80a2-58d6a9a9cba8/print/
Kilmer (D-WA-6),"BAE SYSTEMS, INC.",registrant,BAE SYSTEMS INC. POLITICAL ACTION COMMITTEE (BAE SYSTEMS USA PAC),feca,PEOPLE FOR DEREK KILMER,Rep. Derek Kilmer,1500.00,2023-06-12,2023,mid_year,55004e21-e9dd-4b7d-80a2-58d6a9a9cba8,https://lda.gov/filings/public/contribution/55004e21-e9dd-4b7d-80a2-58d6a9a9cba8/print/
Gallagher (R-WI-8),"BAE SYSTEMS, INC.",registrant,BAE SYSTEMS INC. POLITICAL ACTION COMMITTEE (BAE SYSTEMS USA PAC),feca,MIKE GALLAGHER FOR WISCONSIN,Rep. Michael John Gallagher,1000.00,2023-03-22,2023,mid_year,55004e21-e9dd-4b7d-80a2-58d6a9a9cba8,https://lda.gov/filings/public/contribution/55004e21-e9dd-4b7d-80a2-58d6a9a9cba8/print/
Meeks (D-NY-5),"BAE SYSTEMS, INC.",registrant,BAE SYSTEMS INC. POLITICAL ACTION COMMITTEE (BAE SYSTEMS USA PAC),feca,FRIENDS FOR GREGORY MEEKS,Rep. Gregory Weldon Meeks,1000.00,2023-06-12,2023,mid_year,55004e21-e9dd-4b7d-80a2-58d6a9a9cba8,https://lda.gov/filings/public/contribution/55004e21-e9dd-4b7d-80a2-58d6a9a9cba8/print/
Norcross (D-NJ-1),"BAE SYSTEMS, INC.",registrant,BAE SYSTEMS INC. POLITICAL ACTION COMMITTEE (BAE SYSTEMS USA PAC),feca,DONALD NORCROSS FOR CONGRESS,Rep. Donald W. Norcross,1000.00,2023-03-22,2023,mid_year,55004e21-e9dd-4b7d-80a2-58d6a9a9cba8,https://lda.gov/filings/public/contribution/55004e21-e9dd-4b7d-80a2-58d6a9a9cba8/print/
Moore (R-UT-1),"BAE SYSTEMS, INC.",registrant,BAE SYSTEMS INC. POLITICAL ACTION COMMITTEE (BAE SYSTEMS USA PAC),feca,BLAKE MOORE FOR CONGRESS,Rep. Blake D. Moore,5000.00,2023-03-22,2023,mid_year,55004e21-e9dd-4b7d-80a2-58d6a9a9cba8,https://lda.gov/filings/public/contribution/55004e21-e9dd-4b7d-80a2-58d6a9a9cba8/print/
Smith (D-WA-9),"BAE SYSTEMS, INC.",registrant,BAE SYSTEMS INC. POLITICAL ACTION COMMITTEE (BAE SYSTEMS USA PAC),feca,ADAM SMITH FOR CONGRESS COMMITTEE,Rep. Adam Smith,5000.00,2023-03-22,2023,mid_year,55004e21-e9dd-4b7d-80a2-58d6a9a9cba8,https://lda.gov/filings/public/contribution/55004e21-e9dd-4b7d-80a2-58d6a9a9cba8/print/
Rogers (R-AL-3),"BAE SYSTEMS, INC.",registrant,BAE SYSTEMS INC. POLITICAL ACTION COMMITTEE (BAE SYSTEMS USA PAC),feca,MIKE ROGERS FOR CONGRESS,Rep. Michael Dennis Rogers,2500.00,2023-05-01,2023,mid_year,55004e21-e9dd-4b7d-80a2-58d6a9a9cba8,https://lda.gov/filings/public/contribution/55004e21-e9dd-4b7d-80a2-58d6a9a9cba8/print/
Rogers (R-AL-3),"BAE SYSTEMS, INC.",registrant,BAE SYSTEMS INC. POLITICAL ACTION COMMITTEE (BAE SYSTEMS USA PAC),feca,MIKE ROGERS FOR CONGRESS,Rep. Michael Dennis Rogers,2500.00,2023-06-12,2023,mid_year,55004e21-e9dd-4b7d-80a2-58d6a9a9cba8,https://lda.gov/filings/public/contribution/55004e21-e9dd-4b7d-80a2-58d6a9a9cba8/print/
McCaul (R-TX-10),"BAE SYSTEMS, INC.",registrant,BAE SYSTEMS INC. POLITICAL ACTION COMMITTEE (BAE SYSTEMS USA PAC),feca,"MCCAUL FOR CONGRESS, INC","Rep. Michael Thomas McCaul, Sr.",1000.00,2023-06-12,2023,mid_year,55004e21-e9dd-4b7d-80a2-58d6a9a9cba8,https://lda.gov/filings/public/contribution/55004e21-e9dd-4b7d-80a2-58d6a9a9cba8/print/
Wittman (R-VA-1),"BAE SYSTEMS, INC.",registrant,BAE SYSTEMS INC. POLITICAL ACTION COMMITTEE (BAE SYSTEMS USA PAC),feca,ROB WITTMAN FOR CONGRESS,Rep. Robert Joseph Wittman,5000.00,2023-03-22,2023,mid_year,55004e21-e9dd-4b7d-80a2-58d6a9a9cba8,https://lda.gov/filings/public/contribution/55004e21-e9dd-4b7d-80a2-58d6a9a9cba8/print/
Norcross (D-NJ-1),"BAE SYSTEMS, INC.",registrant,BAE SYSTEMS INC. POLITICAL ACTION COMMITTEE (BAE SYSTEMS USA PAC),feca,DONALD NORCROSS FOR CONGRESS,Rep. Donald W. Norcross,1000.00,2023-03-02,2023,mid_year,55004e21-e9dd-4b7d-80a2-58d6a9a9cba8,https://lda.gov/filings/public/contribution/55004e21-e9dd-4b7d-80a2-58d6a9a9cba8/print/
Waltz (R-FL-6),"BAE SYSTEMS, INC.",registrant,BAE SYSTEMS INC. POLITICAL ACTION COMMITTEE (BAE SYSTEMS USA PAC),feca,MICHAEL WALTZ FOR CONGRESS,Rep. Michael G. Waltz,2500.00,2023-05-01,2023,mid_year,55004e21-e9dd-4b7d-80a2-58d6a9a9cba8,https://lda.gov/filings/public/contribution/55004e21-e9dd-4b7d-80a2-58d6a9a9cba8/print/
Rogers (R-AL-3),"BAE SYSTEMS, INC.",registrant,BAE SYSTEMS INC. POLITICAL ACTION COMMITTEE (BAE SYSTEMS USA PAC),feca,MIKE ROGERS FOR CONGRESS,Rep. Michael Dennis Rogers,5000.00,2023-03-02,2023,mid_year,55004e21-e9dd-4b7d-80a2-58d6a9a9cba8,https://lda.gov/filings/public/contribution/55004e21-e9dd-4b7d-80a2-58d6a9a9cba8/print/
Norcross (D-NJ-1),"BAE SYSTEMS, INC.",registrant,BAE SYSTEMS INC. POLITICAL ACTION COMMITTEE (BAE SYSTEMS USA PAC),feca,DONALD NORCROSS FOR CONGRESS,Rep. Donald W. Norcross,1500.00,2023-06-12,2023,mid_year,55004e21-e9dd-4b7d-80a2-58d6a9a9cba8,https://lda.gov/filings/public/contribution/55004e21-e9dd-4b7d-80a2-58d6a9a9cba8/print/
Rogers (R-AL-3),"BAE SYSTEMS, INC.",registrant,BAE SYSTEMS INC. POLITICAL ACTION COMMITTEE (BAE SYSTEMS USA PAC),feca,AMERICAN SECURITY PAC,Rep. Michael Dennis Rogers,5000.00,2023-12-11,2023,year_end,99712f57-3c0f-4212-aecd-2b91eb1812df,https://lda.gov/filings/public/contribution/99712f57-3c0f-4212-aecd-2b91eb1812df/print/
Norcross (D-NJ-1),"BAE SYSTEMS, INC.",registrant,BAE SYSTEMS INC. POLITICAL ACTION COMMITTEE (BAE SYSTEMS USA PAC),feca,BLUE POWER PAC,Rep. Donald W. Norcross,5000.00,2023-12-11,2023,year_end,99712f57-3c0f-4212-aecd-2b91eb1812df,https://lda.gov/filings/public/contribution/99712f57-3c0f-4212-aecd-2b91eb1812df/print/
Meeks (D-NY-5),"BAE SYSTEMS, INC.",registrant,BAE SYSTEMS INC. POLITICAL ACTION COMMITTEE (BAE SYSTEMS USA PAC),feca,FRIENDS FOR GREGORY MEEKS,Rep. Gregory Weldon Meeks,1000.00,2023-12-11,2023,year_end,99712f57-3c0f-4212-aecd-2b91eb1812df,https://lda.gov/filings/public/contribution/99712f57-3c0f-4212-aecd-2b91eb1812df/print/
McCaul (R-TX-10),"BAE SYSTEMS, INC.",registrant,BAE SYSTEMS INC. POLITICAL ACTION COMMITTEE (BAE SYSTEMS USA PAC),feca,"MCCAUL FOR CONGRESS, INC","Rep. Michael Thomas McCaul, Sr.",2500.00,2023-12-11,2023,year_end,99712f57-3c0f-4212-aecd-2b91eb1812df,https://lda.gov/filings/public/contribution/99712f57-3c0f-4212-aecd-2b91eb1812df/print/
Smith (D-WA-9),"BAE SYSTEMS, INC.",registrant,BAE SYSTEMS INC. POLITICAL ACTION COMMITTEE (BAE SYSTEMS USA PAC),feca,AMERICAN DEFENSE AND MILITARY PAC (ADAM PAC),Rep. Adam Smith,2500.00,2023-09-25,2023,year_end,99712f57-3c0f-4212-aecd-2b91eb1812df,https://lda.gov/filings/public/contribution/99712f57-3c0f-4212-aecd-2b91eb1812df/print/
Wittman (R-VA-1),"BAE SYSTEMS, INC.",registrant,BAE SYSTEMS INC. POLITICAL ACTION COMMITTEE (BAE SYSTEMS USA PAC),feca,AMERICA'S FIRST PAC,Rep. Robert Joseph Wittman,2500.00,2023-09-25,2023,year_end,99712f57-3c0f-4212-aecd-2b91eb1812df,https://lda.gov/filings/public/contribution/99712f57-3c0f-4212-aecd-2b91eb1812df/print/
Norcross (D-NJ-1),"BAE SYSTEMS, INC.",registrant,BAE SYSTEMS INC. POLITICAL ACTION COMMITTEE (BAE SYSTEMS USA PAC),feca,DONALD NORCROSS FOR CONGRESS,Rep. Donald W. Norcross,1000.00,2023-09-25,2023,year_end,99712f57-3c0f-4212-aecd-2b91eb1812df,https://lda.gov/filings/public/contribution/99712f57-3c0f-4212-aecd-2b91eb1812df/print/
Gallagher (R-WI-8),"BAE SYSTEMS, INC.",registrant,BAE SYSTEMS INC. POLITICAL ACTION COMMITTEE (BAE SYSTEMS USA PAC),feca,MIKE GALLAGHER FOR WISCONSIN,Rep. Michael John Gallagher,1000.00,2023-09-25,2023,year_end,99712f57-3c0f-4212-aecd-2b91eb1812df,https://lda.gov/filings/public/contribution/99712f57-3c0f-4212-aecd-2b91eb1812df/print/
Moore (R-UT-1),"BAE SYSTEMS, INC.",registrant,BAE SYSTEMS INC. POLITICAL ACTION COMMITTEE (BAE SYSTEMS USA PAC),feca,EXPECT MORE LEADERSHIP PAC,Rep. Blake D. Moore,2500.00,2023-08-29,2023,year_end,99712f57-3c0f-4212-aecd-2b91eb1812df,https://lda.gov/filings/public/contribution/99712f57-3c0f-4212-aecd-2b91eb1812df/print/
Courtney (D-CT-2),"BAE SYSTEMS, INC.",registrant,BAE SYSTEMS INC. POLITICAL ACTION COMMITTEE (BAE SYSTEMS USA PAC),feca,COURTNEY FOR CONGRESS,Rep. Joseph D. Courtney,2500.00,2023-07-27,2023,year_end,99712f57-3c0f-4212-aecd-2b91eb1812df,https://lda.gov/filings/public/contribution/99712f57-3c0f-4212-aecd-2b91eb1812df/print/
Rogers (R-AL-3),"BAE SYSTEMS, INC.",lobbyist: MICHAEL MCBRIDE,SELF,feca,AMERICAN SECURITY PAC,Mike Rogers,1000.00,2023-10-23,2023,year_end,894e97a9-65f6-4d72-8a14-c04c3df8d4a4,https://lda.gov/filings/public/contribution/894e97a9-65f6-4d72-8a14-c04c3df8d4a4/print/
Rogers (R-AL-3),HUNTINGTON INGALLS INDUSTRIES INCORPORATED,registrant,"HUNTINGTON INGALLS INDUSTRIES, INC. EMPLOYEES POLITICAL ACTION COMMITTEE (HIIPAC)",feca,MIKE ROGERS FOR CONGRESS,Mike Rogers,5000.00,2024-02-01,2024,mid_year,f4296c13-be75-4be9-99d9-0cfdabe2c222,https://lda.gov/filings/public/contribution/f4296c13-be75-4be9-99d9-0cfdabe2c222/print/
Wittman (R-VA-1),HUNTINGTON INGALLS INDUSTRIES INCORPORATED,registrant,"HUNTINGTON INGALLS INDUSTRIES, INC. EMPLOYEES POLITICAL ACTION COMMITTEE (HIIPAC)",feca,ROB WITTMAN FOR CONGRESS,Rob Wittman,5000.00,2024-02-01,2024,mid_year,f4296c13-be75-4be9-99d9-0cfdabe2c222,https://lda.gov/filings/public/contribution/f4296c13-be75-4be9-99d9-0cfdabe2c222/print/
Rogers (R-AL-3),HUNTINGTON INGALLS INDUSTRIES INCORPORATED,registrant,"HUNTINGTON INGALLS INDUSTRIES, INC. EMPLOYEES POLITICAL ACTION COMMITTEE (HIIPAC)",feca,AMERICAN SECURITY PAC,Mike Rogers,5000.00,2024-02-01,2024,mid_year,f4296c13-be75-4be9-99d9-0cfdabe2c222,https://lda.gov/filings/public/contribution/f4296c13-be75-4be9-99d9-0cfdabe2c222/print/
Kilmer (D-WA-6),HUNTINGTON INGALLS INDUSTRIES INCORPORATED,registrant,"HUNTINGTON INGALLS INDUSTRIES, INC. EMPLOYEES POLITICAL ACTION COMMITTEE (HIIPAC)",feca,PEOPLE FOR DEREK KILMER,Derek Kilmer,-1000.00,2024-02-14,2024,mid_year,f4296c13-be75-4be9-99d9-0cfdabe2c222,https://lda.gov/filings/public/contribution/f4296c13-be75-4be9-99d9-0cfdabe2c222/print/
McCaul (R-TX-10),HUNTINGTON INGALLS INDUSTRIES INCORPORATED,registrant,"HUNTINGTON INGALLS INDUSTRIES, INC. EMPLOYEES POLITICAL ACTION COMMITTEE (HIIPAC)",feca,MCCAUL FOR CONGRESS INC,Michael McCaul,3000.00,2024-02-20,2024,mid_year,f4296c13-be75-4be9-99d9-0cfdabe2c222,https://lda.gov/filings/public/contribution/f4296c13-be75-4be9-99d9-0cfdabe2c222/print/
Courtney (D-CT-2),HUNTINGTON INGALLS INDUSTRIES INCORPORATED,registrant,"HUNTINGTON INGALLS INDUSTRIES, INC. EMPLOYEES POLITICAL ACTION COMMITTEE (HIIPAC)",feca,COURTNEY FOR CONGRESS,Joseph Courtney,2000.00,2024-02-20,2024,mid_year,f4296c13-be75-4be9-99d9-0cfdabe2c222,https://lda.gov/filings/public/contribution/f4296c13-be75-4be9-99d9-0cfdabe2c222/print/
Smith (D-WA-9),HUNTINGTON INGALLS INDUSTRIES INCORPORATED,registrant,"HUNTINGTON INGALLS INDUSTRIES, INC. EMPLOYEES POLITICAL ACTION COMMITTEE (HIIPAC)",feca,ADAM SMITH FOR CONGRESS COMMITTEE,Adam Smith,5000.00,2024-02-20,2024,mid_year,f4296c13-be75-4be9-99d9-0cfdabe2c222,https://lda.gov/filings/public/contribution/f4296c13-be75-4be9-99d9-0cfdabe2c222/print/
McCaul (R-TX-10),HUNTINGTON INGALLS INDUSTRIES INCORPORATED,registrant,"HUNTINGTON INGALLS INDUSTRIES, INC. EMPLOYEES POLITICAL ACTION COMMITTEE (HIIPAC)",feca,MCCAUL FOR CONGRESS INC,Michael McCaul,500.00,2024-02-20,2024,mid_year,f4296c13-be75-4be9-99d9-0cfdabe2c222,https://lda.gov/filings/public/contribution/f4296c13-be75-4be9-99d9-0cfdabe2c222/print/
Courtney (D-CT-2),HUNTINGTON INGALLS INDUSTRIES INCORPORATED,registrant,"HUNTINGTON INGALLS INDUSTRIES, INC. EMPLOYEES POLITICAL ACTION COMMITTEE (HIIPAC)",feca,COURTNEY FOR CONGRESS,Joseph Courtney,1000.00,2024-03-21,2024,mid_year,f4296c13-be75-4be9-99d9-0cfdabe2c222,https://lda.gov/filings/public/contribution/f4296c13-be75-4be9-99d9-0cfdabe2c222/print/
Waltz (R-FL-6),HUNTINGTON INGALLS INDUSTRIES INCORPORATED,registrant,"HUNTINGTON INGALLS INDUSTRIES, INC. EMPLOYEES POLITICAL ACTION COMMITTEE (HIIPAC)",feca,MICHAEL WALTZ FOR CONGRESS,Michael Waltz,1000.00,2024-03-21,2024,mid_year,f4296c13-be75-4be9-99d9-0cfdabe2c222,https://lda.gov/filings/public/contribution/f4296c13-be75-4be9-99d9-0cfdabe2c222/print/
Courtney (D-CT-2),HUNTINGTON INGALLS INDUSTRIES INCORPORATED,registrant,"HUNTINGTON INGALLS INDUSTRIES, INC. EMPLOYEES POLITICAL ACTION COMMITTEE (HIIPAC)",feca,COURTNEY FOR CONGRESS,Joseph Courtney,2000.00,2024-05-21,2024,mid_year,f4296c13-be75-4be9-99d9-0cfdabe2c222,https://lda.gov/filings/public/contribution/f4296c13-be75-4be9-99d9-0cfdabe2c222/print/
Kelly (R-MS-1),HUNTINGTON INGALLS INDUSTRIES INCORPORATED,registrant,"HUNTINGTON INGALLS INDUSTRIES, INC. EMPLOYEES POLITICAL ACTION COMMITTEE (HIIPAC)",feca,KELLY FOR CONGRESS,Trent Kelly,4000.00,2024-06-24,2024,mid_year,f4296c13-be75-4be9-99d9-0cfdabe2c222,https://lda.gov/filings/public/contribution/f4296c13-be75-4be9-99d9-0cfdabe2c222/print/
Courtney (D-CT-2),HUNTINGTON INGALLS INDUSTRIES INCORPORATED,registrant,"HUNTINGTON INGALLS INDUSTRIES, INC. EMPLOYEES POLITICAL ACTION COMMITTEE (HIIPAC)",feca,HUSKY PAC,Joseph Courtney,1000.00,2024-08-01,2024,year_end,9c905921-8406-4712-9b7d-802fc7234718,https://lda.gov/filings/public/contribution/9c905921-8406-4712-9b7d-802fc7234718/print/
Moore (R-UT-1),HUNTINGTON INGALLS INDUSTRIES INCORPORATED,registrant,"HUNTINGTON INGALLS INDUSTRIES, INC. EMPLOYEES POLITICAL ACTION COMMITTEE (HIIPAC)",feca,BLAKE MOORE FOR CONGRESS,Blake Moore,2000.00,2024-09-24,2024,year_end,9c905921-8406-4712-9b7d-802fc7234718,https://lda.gov/filings/public/contribution/9c905921-8406-4712-9b7d-802fc7234718/print/
Meeks (D-NY-5),HUNTINGTON INGALLS INDUSTRIES INCORPORATED,registrant,"HUNTINGTON INGALLS INDUSTRIES, INC. EMPLOYEES POLITICAL ACTION COMMITTEE (HIIPAC)",feca,FRIENDS FOR GREGORY MEEKS,Gregory Meeks,2000.00,2024-09-24,2024,year_end,9c905921-8406-4712-9b7d-802fc7234718,https://lda.gov/filings/public/contribution/9c905921-8406-4712-9b7d-802fc7234718/print/
Norcross (D-NJ-1),HUNTINGTON INGALLS INDUSTRIES INCORPORATED,registrant,"HUNTINGTON INGALLS INDUSTRIES, INC. EMPLOYEES POLITICAL ACTION COMMITTEE (HIIPAC)",feca,DONALD NORCROSS FOR CONGRESS,Donald Norcross,4000.00,2024-09-24,2024,year_end,9c905921-8406-4712-9b7d-802fc7234718,https://lda.gov/filings/public/contribution/9c905921-8406-4712-9b7d-802fc7234718/print/
Waltz (R-FL-6),HUNTINGTON INGALLS INDUSTRIES INCORPORATED,registrant,"HUNTINGTON INGALLS INDUSTRIES, INC. EMPLOYEES POLITICAL ACTION COMMITTEE (HIIPAC)",feca,MICHAEL WALTZ FOR CONGRESS,Michael Waltz,1500.00,2024-09-24,2024,year_end,9c905921-8406-4712-9b7d-802fc7234718,https://lda.gov/filings/public/contribution/9c905921-8406-4712-9b7d-802fc7234718/print/
Wittman (R-VA-1),HUNTINGTON INGALLS INDUSTRIES INCORPORATED,registrant,"HUNTINGTON INGALLS INDUSTRIES, INC. EMPLOYEES POLITICAL ACTION COMMITTEE (HIIPAC)",feca,AMERICA'S FIRST PAC,Rob Wittman,5000.00,2024-09-24,2024,year_end,9c905921-8406-4712-9b7d-802fc7234718,https://lda.gov/filings/public/contribution/9c905921-8406-4712-9b7d-802fc7234718/print/
Smith (D-WA-9),GENERAL DYNAMICS CORP,lobbyist: SHANA CHANDLER,SELF,feca,ADAM SMITH FOR CONGRESS COMMITTEE,Adam Smith,500.00,2024-04-10,2024,mid_year,e9189cdb-b50d-4b9d-be24-546a98b288ac,https://lda.gov/filings/public/contribution/e9189cdb-b50d-4b9d-be24-546a98b288ac/print/
Waltz (R-FL-6),GENERAL DYNAMICS CORP,registrant,GENERAL DYNAMICS CORPORATION POLITICAL ACTION COMMITTEE,feca,MICHAEL WALTZ FOR CONGRESS,Rep. Michael Waltz,1000.00,2024-01-29,2024,mid_year,1679aac3-1222-4a69-8235-7b4b49edd3c0,https://lda.gov/filings/public/contribution/1679aac3-1222-4a69-8235-7b4b49edd3c0/print/
Huizenga (R-MI-4),GENERAL DYNAMICS CORP,registrant,GENERAL DYNAMICS CORPORATION POLITICAL ACTION COMMITTEE,feca,HUIZENGA FOR CONGRESS,Rep. Bill Huizenga,1000.00,2024-02-07,2024,mid_year,1679aac3-1222-4a69-8235-7b4b49edd3c0,https://lda.gov/filings/public/contribution/1679aac3-1222-4a69-8235-7b4b49edd3c0/print/
Kelly (R-MS-1),GENERAL DYNAMICS CORP,registrant,GENERAL DYNAMICS CORPORATION POLITICAL ACTION COMMITTEE,feca,KELLY FOR CONGRESS,Rep. Trent Kelly,1000.00,2024-02-29,2024,mid_year,1679aac3-1222-4a69-8235-7b4b49edd3c0,https://lda.gov/filings/public/contribution/1679aac3-1222-4a69-8235-7b4b49edd3c0/print/
McCaul (R-TX-10),GENERAL DYNAMICS CORP,registrant,GENERAL DYNAMICS CORPORATION POLITICAL ACTION COMMITTEE,feca,"MCCAUL FOR CONGRESS, INC.",Rep. Michael McCaul,2500.00,2024-02-29,2024,mid_year,1679aac3-1222-4a69-8235-7b4b49edd3c0,https://lda.gov/filings/public/contribution/1679aac3-1222-4a69-8235-7b4b49edd3c0/print/
Kelly (R-MS-1),GENERAL DYNAMICS CORP,registrant,GENERAL DYNAMICS CORPORATION POLITICAL ACTION COMMITTEE,feca,KELLY FOR CONGRESS,Rep. Trent Kelly,2000.00,2024-03-05,2024,mid_year,1679aac3-1222-4a69-8235-7b4b49edd3c0,https://lda.gov/filings/public/contribution/1679aac3-1222-4a69-8235-7b4b49edd3c0/print/
Kelly (R-MS-1),GENERAL DYNAMICS CORP,registrant,GENERAL DYNAMICS CORPORATION POLITICAL ACTION COMMITTEE,feca,KELLY FOR CONGRESS,Rep. Trent Kelly,500.00,2024-03-05,2024,mid_year,1679aac3-1222-4a69-8235-7b4b49edd3c0,https://lda.gov/filings/public/contribution/1679aac3-1222-4a69-8235-7b4b49edd3c0/print/
Norcross (D-NJ-1),GENERAL DYNAMICS CORP,registrant,GENERAL DYNAMICS CORPORATION POLITICAL ACTION COMMITTEE,feca,DONALD NORCROSS FOR CONGRESS,Rep. Donald Norcross,500.00,2024-03-18,2024,mid_year,1679aac3-1222-4a69-8235-7b4b49edd3c0,https://lda.gov/filings/public/contribution/1679aac3-1222-4a69-8235-7b4b49edd3c0/print/
Norcross (D-NJ-1),GENERAL DYNAMICS CORP,registrant,GENERAL DYNAMICS CORPORATION POLITICAL ACTION COMMITTEE,feca,DONALD NORCROSS FOR CONGRESS,Rep. Donald Norcross,2000.00,2024-03-18,2024,mid_year,1679aac3-1222-4a69-8235-7b4b49edd3c0,https://lda.gov/filings/public/contribution/1679aac3-1222-4a69-8235-7b4b49edd3c0/print/
Wittman (R-VA-1),GENERAL DYNAMICS CORP,registrant,GENERAL DYNAMICS CORPORATION POLITICAL ACTION COMMITTEE,feca,ROB WITTMAN FOR CONGRESS,Rep. Rob Wittman,5000.00,2024-03-26,2024,mid_year,1679aac3-1222-4a69-8235-7b4b49edd3c0,https://lda.gov/filings/public/contribution/1679aac3-1222-4a69-8235-7b4b49edd3c0/print/
Moore (R-UT-1),GENERAL DYNAMICS CORP,registrant,GENERAL DYNAMICS CORPORATION POLITICAL ACTION COMMITTEE,feca,BLAKE MOORE FOR CONGRESS,Rep. Blake Moore,2500.00,2024-03-28,2024,mid_year,1679aac3-1222-4a69-8235-7b4b49edd3c0,https://lda.gov/filings/public/contribution/1679aac3-1222-4a69-8235-7b4b49edd3c0/print/
Kean (R-NJ-7),GENERAL DYNAMICS CORP,registrant,GENERAL DYNAMICS CORPORATION POLITICAL ACTION COMMITTEE,feca,ELECTION FUND OF TOM KEAN,Rep. Thomas Kean,1000.00,2024-04-30,2024,mid_year,1679aac3-1222-4a69-8235-7b4b49edd3c0,https://lda.gov/filings/public/contribution/1679aac3-1222-4a69-8235-7b4b49edd3c0/print/
Huizenga (R-MI-4),GENERAL DYNAMICS CORP,registrant,GENERAL DYNAMICS CORPORATION POLITICAL ACTION COMMITTEE,feca,HUIZENGA FOR CONGRESS,Rep. Bill Huizenga,2000.00,2024-05-10,2024,mid_year,1679aac3-1222-4a69-8235-7b4b49edd3c0,https://lda.gov/filings/public/contribution/1679aac3-1222-4a69-8235-7b4b49edd3c0/print/
Courtney (D-CT-2),GENERAL DYNAMICS CORP,registrant,GENERAL DYNAMICS CORPORATION POLITICAL ACTION COMMITTEE,feca,COURTNEY FOR CONGRESS,Rep. Joe Courtney,2000.00,2024-06-04,2024,mid_year,1679aac3-1222-4a69-8235-7b4b49edd3c0,https://lda.gov/filings/public/contribution/1679aac3-1222-4a69-8235-7b4b49edd3c0/print/
Norcross (D-NJ-1),GENERAL DYNAMICS CORP,registrant,GENERAL DYNAMICS CORPORATION POLITICAL ACTION COMMITTEE,feca,DONALD NORCROSS FOR CONGRESS,Rep. Donald Norcross,2500.00,2024-06-25,2024,mid_year,1679aac3-1222-4a69-8235-7b4b49edd3c0,https://lda.gov/filings/public/contribution/1679aac3-1222-4a69-8235-7b4b49edd3c0/print/
Kelly (R-MS-1),GENERAL DYNAMICS CORP,registrant,GENERAL DYNAMICS CORPORATION POLITICAL ACTION COMMITTEE,feca,SOUTHERN STATES PAC,Rep. Trent Kelly,5000.00,2024-02-07,2024,mid_year,1679aac3-1222-4a69-8235-7b4b49edd3c0,https://lda.gov/filings/public/contribution/1679aac3-1222-4a69-8235-7b4b49edd3c0/print/
Wittman (R-VA-1),GENERAL DYNAMICS CORP,registrant,GENERAL DYNAMICS CORPORATION POLITICAL ACTION COMMITTEE,feca,AMERICA'S FIRST PAC,Rep. Rob Wittman,1000.00,2024-06-11,2024,mid_year,1679aac3-1222-4a69-8235-7b4b49edd3c0,https://lda.gov/filings/public/contribution/1679aac3-1222-4a69-8235-7b4b49edd3c0/print/
Courtney (D-CT-2),GENERAL DYNAMICS CORP,lobbyist: JENNIFER NAVARRO,SELF,feca,COURTNEY FOR CONGRESS,NA,1000.00,2024-07-15,2024,year_end,47482643-f143-41fc-a795-8bdb2b6cdc19,https://lda.gov/filings/public/contribution/47482643-f143-41fc-a795-8bdb2b6cdc19/print/
Courtney (D-CT-2),GENERAL DYNAMICS CORP,lobbyist: ELIZABETH SCHMID,SELF,feca,JOE COURTNEY FOR CONGRESS,Joe Courtney,1000.00,2024-07-29,2024,year_end,67a7ba84-801a-4b2e-9ff1-4e04de2c23c7,https://lda.gov/filings/public/contribution/67a7ba84-801a-4b2e-9ff1-4e04de2c23c7/print/
Smith (D-WA-9),GENERAL DYNAMICS CORP,registrant,GENERAL DYNAMICS CORPORATION POLITICAL ACTION COMMITTEE,feca,ADAM SMITH FOR CONGRESS COMMITTEE,Rep. Adam Smith,5000.00,2024-07-25,2024,year_end,34fdea31-9134-475e-8377-a94b2e897872,https://lda.gov/filings/public/contribution/34fdea31-9134-475e-8377-a94b2e897872/print/
McCaul (R-TX-10),GENERAL DYNAMICS CORP,registrant,GENERAL DYNAMICS CORPORATION POLITICAL ACTION COMMITTEE,feca,"MCCAUL FOR CONGRESS, INC.",Rep. Michael McCaul,1000.00,2024-09-10,2024,year_end,34fdea31-9134-475e-8377-a94b2e897872,https://lda.gov/filings/public/contribution/34fdea31-9134-475e-8377-a94b2e897872/print/
Rogers (R-AL-3),GENERAL DYNAMICS CORP,registrant,GENERAL DYNAMICS CORPORATION POLITICAL ACTION COMMITTEE,feca,MIKE ROGERS FOR CONGRESS,Rep. Mike Rogers,5000.00,2024-09-10,2024,year_end,34fdea31-9134-475e-8377-a94b2e897872,https://lda.gov/filings/public/contribution/34fdea31-9134-475e-8377-a94b2e897872/print/
Kean (R-NJ-7),GENERAL DYNAMICS CORP,registrant,GENERAL DYNAMICS CORPORATION POLITICAL ACTION COMMITTEE,feca,ELECTION FUND OF TOM KEAN,Rep. Thomas Kean,1000.00,2024-09-16,2024,year_end,34fdea31-9134-475e-8377-a94b2e897872,https://lda.gov/filings/public/contribution/34fdea31-9134-475e-8377-a94b2e897872/print/
Waltz (R-FL-6),GENERAL DYNAMICS CORP,registrant,GENERAL DYNAMICS CORPORATION POLITICAL ACTION COMMITTEE,feca,MICHAEL WALTZ FOR CONGRESS,Rep. Michael Waltz,5000.00,2024-09-23,2024,year_end,34fdea31-9134-475e-8377-a94b2e897872,https://lda.gov/filings/public/contribution/34fdea31-9134-475e-8377-a94b2e897872/print/
Norcross (D-NJ-1),GENERAL DYNAMICS CORP,registrant,GENERAL DYNAMICS CORPORATION POLITICAL ACTION COMMITTEE,feca,DONALD NORCROSS FOR CONGRESS,Rep. Donald Norcross,500.00,2024-09-24,2024,year_end,34fdea31-9134-475e-8377-a94b2e897872,https://lda.gov/filings/public/contribution/34fdea31-9134-475e-8377-a94b2e897872/print/
Kelly (R-MS-1),GENERAL DYNAMICS CORP,registrant,GENERAL DYNAMICS CORPORATION POLITICAL ACTION COMMITTEE,feca,KELLY FOR CONGRESS,Rep. Trent Kelly,2500.00,2024-09-24,2024,year_end,34fdea31-9134-475e-8377-a94b2e897872,https://lda.gov/filings/public/contribution/34fdea31-9134-475e-8377-a94b2e897872/print/
McCaul (R-TX-10),GENERAL DYNAMICS CORP,registrant,GENERAL DYNAMICS CORPORATION POLITICAL ACTION COMMITTEE,feca,MCCAUL FOR CONGRESS,Rep. Mike McCaul,2500.00,2024-10-30,2024,year_end,34fdea31-9134-475e-8377-a94b2e897872,https://lda.gov/filings/public/contribution/34fdea31-9134-475e-8377-a94b2e897872/print/
Kelly (R-MS-1),GENERAL DYNAMICS CORP,registrant,GENERAL DYNAMICS CORPORATION POLITICAL ACTION COMMITTEE,feca,KELLY FOR CONGRESS,Rep. Trent Kelly,2000.00,2024-11-04,2024,year_end,34fdea31-9134-475e-8377-a94b2e897872,https://lda.gov/filings/public/contribution/34fdea31-9134-475e-8377-a94b2e897872/print/
Courtney (D-CT-2),GENERAL DYNAMICS CORP,registrant,GENERAL DYNAMICS CORPORATION POLITICAL ACTION COMMITTEE,feca,HUSKY PAC,Rep. Joe Courtney,2500.00,2024-07-25,2024,year_end,34fdea31-9134-475e-8377-a94b2e897872,https://lda.gov/filings/public/contribution/34fdea31-9134-475e-8377-a94b2e897872/print/
Courtney (D-CT-2),GENERAL DYNAMICS CORP,registrant,GENERAL DYNAMICS CORPORATION POLITICAL ACTION COMMITTEE,feca,HUSKY PAC,Rep. Joe Courtney,2500.00,2024-07-31,2024,year_end,34fdea31-9134-475e-8377-a94b2e897872,https://lda.gov/filings/public/contribution/34fdea31-9134-475e-8377-a94b2e897872/print/
Rogers (R-AL-3),GENERAL DYNAMICS CORP,registrant,GENERAL DYNAMICS CORPORATION POLITICAL ACTION COMMITTEE,feca,AMERICAN SECURITY PAC,Rep. Mike Rogers,5000.00,2024-09-10,2024,year_end,34fdea31-9134-475e-8377-a94b2e897872,https://lda.gov/filings/public/contribution/34fdea31-9134-475e-8377-a94b2e897872/print/
Wittman (R-VA-1),GENERAL DYNAMICS CORP,registrant,GENERAL DYNAMICS CORPORATION POLITICAL ACTION COMMITTEE,feca,AMERICA'S FIRST PAC,Rep. Rob Wittman,4000.00,2024-09-16,2024,year_end,34fdea31-9134-475e-8377-a94b2e897872,https://lda.gov/filings/public/contribution/34fdea31-9134-475e-8377-a94b2e897872/print/
Smith (D-WA-9),GENERAL DYNAMICS CORP,registrant,GENERAL DYNAMICS CORPORATION POLITICAL ACTION COMMITTEE,feca,AMERICAN DEFENSE AND MILITARY PAC,Rep. Adam Smith,5000.00,2024-09-17,2024,year_end,34fdea31-9134-475e-8377-a94b2e897872,https://lda.gov/filings/public/contribution/34fdea31-9134-475e-8377-a94b2e897872/print/
Norcross (D-NJ-1),GENERAL DYNAMICS CORP,registrant,GENERAL DYNAMICS CORPORATION POLITICAL ACTION COMMITTEE,feca,BLUE POWER PAC,Rep. Donald Norcross,2500.00,2024-09-24,2024,year_end,34fdea31-9134-475e-8377-a94b2e897872,https://lda.gov/filings/public/contribution/34fdea31-9134-475e-8377-a94b2e897872/print/
Rogers (R-AL-3),GENERAL DYNAMICS CORP,lobbyist: DOUGLAS RITTER,SELF,feca,ROGERS FOR SENATE,Mike Rogers,1000.00,2024-08-06,2024,year_end,7e17c63b-ecc3-48cb-97fb-4fa4a926f8f6,https://lda.gov/filings/public/contribution/7e17c63b-ecc3-48cb-97fb-4fa4a926f8f6/print/
Courtney (D-CT-2),GENERAL DYNAMICS CORP,lobbyist: ERICA STRIEBEL,SELF,feca,COURTNEY FOR CONGRESS,Rep Joe Courtney,500.00,2024-07-29,2024,year_end,d306dbcf-faf6-4968-b4de-346c2110bed4,https://lda.gov/filings/public/contribution/d306dbcf-faf6-4968-b4de-346c2110bed4/print/
Rogers (R-AL-3),"THEGROUP DC, LLC",lobbyist: PAMELA THIESSEN,SELF,feca,ROGERS FOR SENATE,Mike Rogers,3300.00,2024-02-14,2024,mid_year,64e3bdc8-8930-4cbb-b0f0-e9bd5535fdcf,https://lda.gov/filings/public/contribution/64e3bdc8-8930-4cbb-b0f0-e9bd5535fdcf/print/
Kilmer (D-WA-6),FLUOR CORPORATION,registrant,FLUOR CORPORATION POLITICAL ACTION COMMITTEE (FLUOR PAC),feca,PEOPLE FOR DEREK KILMER,People for Derek Kilmer,1500.00,2023-04-19,2023,mid_year,63b367a9-0d98-40b0-8a60-90d32c8ff097,https://lda.gov/filings/public/contribution/63b367a9-0d98-40b0-8a60-90d32c8ff097/print/
Gallagher (R-WI-8),FLUOR CORPORATION,registrant,FLUOR CORPORATION POLITICAL ACTION COMMITTEE (FLUOR PAC),feca,MIKE GALLAGHER FOR WISCONSIN,Mike Gallagher For Wisconsin,1000.00,2023-06-20,2023,mid_year,63b367a9-0d98-40b0-8a60-90d32c8ff097,https://lda.gov/filings/public/contribution/63b367a9-0d98-40b0-8a60-90d32c8ff097/print/
McCaul (R-TX-10),FLUOR CORPORATION,registrant,FLUOR PAC,feca,MCCAUL FOR CONGRESS INC,McCaul for Congress Inc,2500.00,2023-12-05,2023,year_end,9f835c17-71a8-408c-9958-283da34ebfca,https://lda.gov/filings/public/contribution/9f835c17-71a8-408c-9958-283da34ebfca/print/
Kilmer (D-WA-6),ROLLS-ROYCE NORTH AMERICA AND ITS AFFILIATES,registrant,ROLLS-ROYCE NORTH AMERICA HOLDINGS INC. PAC (ROLLS-ROYCE NORTH AMERICA PAC),feca,PEOPLE FOR DEREK KILMER,Congressman Derek Kilmer,1000.00,2023-03-24,2023,mid_year,4d265069-e81a-4ac0-b3be-56e7a50e6a64,https://lda.gov/filings/public/contribution/4d265069-e81a-4ac0-b3be-56e7a50e6a64/print/
Wittman (R-VA-1),ROLLS-ROYCE NORTH AMERICA AND ITS AFFILIATES,registrant,ROLLS-ROYCE NORTH AMERICA HOLDINGS INC. PAC (ROLLS-ROYCE NORTH AMERICA PAC),feca,ROB WITTMAN FOR CONGRESS,Congressman Robert Wittman,5000.00,2023-03-24,2023,mid_year,4d265069-e81a-4ac0-b3be-56e7a50e6a64,https://lda.gov/filings/public/contribution/4d265069-e81a-4ac0-b3be-56e7a50e6a64/print/
Kelly (R-MS-1),ROLLS-ROYCE NORTH AMERICA AND ITS AFFILIATES,registrant,ROLLS-ROYCE NORTH AMERICA HOLDINGS INC. PAC (ROLLS-ROYCE NORTH AMERICA PAC),feca,KELLY FOR CONGRESS,Congressman John Kelly,2500.00,2023-03-24,2023,mid_year,4d265069-e81a-4ac0-b3be-56e7a50e6a64,https://lda.gov/filings/public/contribution/4d265069-e81a-4ac0-b3be-56e7a50e6a64/print/
Gallagher (R-WI-8),ROLLS-ROYCE NORTH AMERICA AND ITS AFFILIATES,registrant,ROLLS-ROYCE NORTH AMERICA HOLDINGS INC. PAC (ROLLS-ROYCE NORTH AMERICA PAC),feca,MIKE GALLAGHER FOR WISCONSIN,Congressman Michael Gallagher,1000.00,2023-03-24,2023,mid_year,4d265069-e81a-4ac0-b3be-56e7a50e6a64,https://lda.gov/filings/public/contribution/4d265069-e81a-4ac0-b3be-56e7a50e6a64/print/
Waltz (R-FL-6),ROLLS-ROYCE NORTH AMERICA AND ITS AFFILIATES,registrant,ROLLS-ROYCE NORTH AMERICA HOLDINGS INC. PAC (ROLLS-ROYCE NORTH AMERICA PAC),feca,MICHAEL WALTZ FOR CONGRESS,Congressman Michael Waltz,1000.00,2023-03-24,2023,mid_year,4d265069-e81a-4ac0-b3be-56e7a50e6a64,https://lda.gov/filings/public/contribution/4d265069-e81a-4ac0-b3be-56e7a50e6a64/print/
Waltz (R-FL-6),ROLLS-ROYCE NORTH AMERICA AND ITS AFFILIATES,registrant,ROLLS-ROYCE NORTH AMERICA HOLDINGS INC. PAC (ROLLS-ROYCE NORTH AMERICA PAC),feca,MICHAEL WALTZ FOR CONGRESS,Congressman Michael Waltz,2500.00,2023-06-16,2023,mid_year,4d265069-e81a-4ac0-b3be-56e7a50e6a64,https://lda.gov/filings/public/contribution/4d265069-e81a-4ac0-b3be-56e7a50e6a64/print/
Norcross (D-NJ-1),ROLLS-ROYCE NORTH AMERICA AND ITS AFFILIATES,registrant,ROLLS-ROYCE NORTH AMERICA HOLDINGS INC. PAC (ROLLS-ROYCE NORTH AMERICA PAC),feca,DONALD NORCROSS FOR CONGRESS,Congressman Donald Norcross,2000.00,2023-06-16,2023,mid_year,4d265069-e81a-4ac0-b3be-56e7a50e6a64,https://lda.gov/filings/public/contribution/4d265069-e81a-4ac0-b3be-56e7a50e6a64/print/
Rogers (R-AL-3),ROLLS-ROYCE NORTH AMERICA AND ITS AFFILIATES,registrant,ROLLS-ROYCE NORTH AMERICA HOLDINGS INC. PAC (ROLLS-ROYCE NORTH AMERICA PAC),feca,MIKE ROGERS FOR CONGRESS,Congressman Michael Rogers,1000.00,2023-06-16,2023,mid_year,4d265069-e81a-4ac0-b3be-56e7a50e6a64,https://lda.gov/filings/public/contribution/4d265069-e81a-4ac0-b3be-56e7a50e6a64/print/
Smith (D-WA-9),ROLLS-ROYCE NORTH AMERICA AND ITS AFFILIATES,registrant,ROLLS-ROYCE NORTH AMERICA HOLDINGS INC. PAC (ROLLS-ROYCE NORTH AMERICA PAC),feca,ADAM SMITH FOR CONGRESS COMMITTEE,Congressman D. Adam Smith,5000.00,2023-09-08,2023,year_end,c658d714-209b-42d7-a80e-415c6e117c8c,https://lda.gov/filings/public/contribution/c658d714-209b-42d7-a80e-415c6e117c8c/print/
Norcross (D-NJ-1),ROLLS-ROYCE NORTH AMERICA AND ITS AFFILIATES,registrant,ROLLS-ROYCE NORTH AMERICA HOLDINGS INC. PAC (ROLLS-ROYCE NORTH AMERICA PAC),feca,DONALD NORCROSS FOR CONGRESS,Congressman Donald Norcross,2000.00,2023-09-08,2023,year_end,c658d714-209b-42d7-a80e-415c6e117c8c,https://lda.gov/filings/public/contribution/c658d714-209b-42d7-a80e-415c6e117c8c/print/
Kelly (R-MS-1),ROLLS-ROYCE NORTH AMERICA AND ITS AFFILIATES,registrant,ROLLS-ROYCE NORTH AMERICA HOLDINGS INC. PAC (ROLLS-ROYCE NORTH AMERICA PAC),feca,KELLY FOR CONGRESS,Congressman John Kelly,1000.00,2023-09-08,2023,year_end,c658d714-209b-42d7-a80e-415c6e117c8c,https://lda.gov/filings/public/contribution/c658d714-209b-42d7-a80e-415c6e117c8c/print/
Kilmer (D-WA-6),ROLLS-ROYCE NORTH AMERICA AND ITS AFFILIATES,registrant,ROLLS-ROYCE NORTH AMERICA HOLDINGS INC. PAC (ROLLS-ROYCE NORTH AMERICA PAC),feca,PEOPLE FOR DEREK KILMER,Congressman Derek Kilmer,1500.00,2023-09-08,2023,year_end,c658d714-209b-42d7-a80e-415c6e117c8c,https://lda.gov/filings/public/contribution/c658d714-209b-42d7-a80e-415c6e117c8c/print/
Gallagher (R-WI-8),ROLLS-ROYCE NORTH AMERICA AND ITS AFFILIATES,registrant,ROLLS-ROYCE NORTH AMERICA HOLDINGS INC. PAC (ROLLS-ROYCE NORTH AMERICA PAC),feca,MIKE GALLAGHER FOR WISCONSIN,Congressman Michael Gallagher,1000.00,2023-09-27,2023,year_end,c658d714-209b-42d7-a80e-415c6e117c8c,https://lda.gov/filings/public/contribution/c658d714-209b-42d7-a80e-415c6e117c8c/print/
Waltz (R-FL-6),ROLLS-ROYCE NORTH AMERICA AND ITS AFFILIATES,registrant,ROLLS-ROYCE NORTH AMERICA HOLDINGS INC. PAC (ROLLS-ROYCE NORTH AMERICA PAC),feca,MICHAEL WALTZ FOR CONGRESS,Congressman Michael Waltz,1500.00,2023-12-14,2023,year_end,c658d714-209b-42d7-a80e-415c6e117c8c,https://lda.gov/filings/public/contribution/c658d714-209b-42d7-a80e-415c6e117c8c/print/
Rogers (R-AL-3),ROLLS-ROYCE NORTH AMERICA AND ITS AFFILIATES,registrant,ROLLS-ROYCE NORTH AMERICA HOLDINGS INC. PAC (ROLLS-ROYCE NORTH AMERICA PAC),feca,MIKE ROGERS FOR CONGRESS,Congressman Michael Rogers,1500.00,2023-12-14,2023,year_end,c658d714-209b-42d7-a80e-415c6e117c8c,https://lda.gov/filings/public/contribution/c658d714-209b-42d7-a80e-415c6e117c8c/print/
Kelly (R-MS-1),ROLLS-ROYCE NORTH AMERICA AND ITS AFFILIATES,registrant,ROLLS-ROYCE NORTH AMERICA HOLDINGS INC. PAC (ROLLS-ROYCE NORTH AMERICA PAC),feca,KELLY FOR CONGRESS,Congressman John Kelly,1500.00,2023-12-14,2023,year_end,c658d714-209b-42d7-a80e-415c6e117c8c,https://lda.gov/filings/public/contribution/c658d714-209b-42d7-a80e-415c6e117c8c/print/
Kelly (R-MS-1),ROLLS-ROYCE NORTH AMERICA AND ITS AFFILIATES,registrant,ROLLS-ROYCE NORTH AMERICA HOLDINGS INC. PAC (ROLLS-ROYCE NORTH AMERICA PAC),feca,KELLY FOR CONGRESS,Congressman John Kelly,1000.00,2023-12-14,2023,year_end,c658d714-209b-42d7-a80e-415c6e117c8c,https://lda.gov/filings/public/contribution/c658d714-209b-42d7-a80e-415c6e117c8c/print/
Courtney (D-CT-2),ROLLS-ROYCE NORTH AMERICA AND ITS AFFILIATES,registrant,ROLLS-ROYCE NORTH AMERICA HOLDINGS INC. PAC (ROLLS-ROYCE NORTH AMERICA PAC),feca,COURTNEY FOR CONGRESS,Congressman Joseph Courtney,1500.00,2023-12-14,2023,year_end,c658d714-209b-42d7-a80e-415c6e117c8c,https://lda.gov/filings/public/contribution/c658d714-209b-42d7-a80e-415c6e117c8c/print/
Norcross (D-NJ-1),"FIFESTRATEGIES, LLC",lobbyist: MENDA FIFE,SELF,feca,ACTBLUE*DONALDNORCROSS,Congressman Donald Norcross,250.00,2023-03-08,2023,mid_year,0eebb4f0-e8fe-4fe6-b679-7574995f6943,https://lda.gov/filings/public/contribution/0eebb4f0-e8fe-4fe6-b679-7574995f6943/print/
McCaul (R-TX-10),LOCKHEED MARTIN CORPORATION,lobbyist: PAUL JUOLA,SELF,feca,TEAM MCCAUL TEXAS VICTORY,Rep. Michael McCaul,1000.00,2023-03-21,2023,mid_year,e599c025-5b51-4bde-8e80-c1352d0fe103,https://lda.gov/filings/public/contribution/e599c025-5b51-4bde-8e80-c1352d0fe103/print/
McCaul (R-TX-10),LOCKHEED MARTIN CORPORATION,lobbyist: PAUL JUOLA,SELF,feca,TEAM MCCAUL TEXAS VICTORY,Rep. Michael McCaul,1000.00,2023-03-21,2023,mid_year,de64a080-0b5b-4b38-a26a-775e0902f947,https://lda.gov/filings/public/contribution/de64a080-0b5b-4b38-a26a-775e0902f947/print/
McCaul (R-TX-10),LOCKHEED MARTIN CORPORATION,lobbyist: PAUL JUOLA,SELF,feca,TEAM MCCAUL TEXAS VICTORY,Rep. Michael McCaul,1000.00,2023-03-21,2023,mid_year,7ed7dadb-a139-4968-a24d-44096fce4dd9,https://lda.gov/filings/public/contribution/7ed7dadb-a139-4968-a24d-44096fce4dd9/print/
McCaul (R-TX-10),LOCKHEED MARTIN CORPORATION,lobbyist: KRISTINE FAUSER,SELF,feca,TEAM MCCAUL TEXAS VICTORY,Rep Mike McCaul,1000.00,2023-03-29,2023,mid_year,df7eb416-9f29-49b7-8832-f5ed1d746ed4,https://lda.gov/filings/public/contribution/df7eb416-9f29-49b7-8832-f5ed1d746ed4/print/
McCaul (R-TX-10),LOCKHEED MARTIN CORPORATION,lobbyist: GREGORY WALTERS,SELF,feca,TEAM MCCAUL,Mike McCaul,1000.00,2023-04-17,2023,mid_year,bc25d7bf-0c80-466f-b02b-330594d14fbd,https://lda.gov/filings/public/contribution/bc25d7bf-0c80-466f-b02b-330594d14fbd/print/
Wittman (R-VA-1),LOCKHEED MARTIN CORPORATION,lobbyist: GREGORY WALTERS,SELF,feca,WITTMANN FOR CONGRESS,Rob Wittman,1000.00,2023-06-04,2023,mid_year,bc25d7bf-0c80-466f-b02b-330594d14fbd,https://lda.gov/filings/public/contribution/bc25d7bf-0c80-466f-b02b-330594d14fbd/print/
McCaul (R-TX-10),LOCKHEED MARTIN CORPORATION,registrant,LOCKHEED MARTIN EMPLOYEES' POLITICAL ACTION COMMITTEE,feca,"MCCAUL FOR CONGRESS, INC","McCaul, Michael",1000.00,2023-02-23,2023,mid_year,b3b81333-28cb-4d60-9162-4914e9803fb7,https://lda.gov/filings/public/contribution/b3b81333-28cb-4d60-9162-4914e9803fb7/print/
Gallagher (R-WI-8),LOCKHEED MARTIN CORPORATION,registrant,LOCKHEED MARTIN EMPLOYEES' POLITICAL ACTION COMMITTEE,feca,MIKE GALLAGHER FOR WISCONSIN,"Gallagher, Mike",1000.00,2023-02-23,2023,mid_year,b3b81333-28cb-4d60-9162-4914e9803fb7,https://lda.gov/filings/public/contribution/b3b81333-28cb-4d60-9162-4914e9803fb7/print/
Meeks (D-NY-5),LOCKHEED MARTIN CORPORATION,registrant,LOCKHEED MARTIN EMPLOYEES' POLITICAL ACTION COMMITTEE,feca,FRIENDS FOR GREGORY MEEKS,"Meeks, Gregory",1000.00,2023-03-07,2023,mid_year,b3b81333-28cb-4d60-9162-4914e9803fb7,https://lda.gov/filings/public/contribution/b3b81333-28cb-4d60-9162-4914e9803fb7/print/
Young Kim (R-CA-40),LOCKHEED MARTIN CORPORATION,registrant,LOCKHEED MARTIN EMPLOYEES' POLITICAL ACTION COMMITTEE,feca,YOUNG KIM FOR CONGRESS,"Kim, Young",1000.00,2023-03-07,2023,mid_year,b3b81333-28cb-4d60-9162-4914e9803fb7,https://lda.gov/filings/public/contribution/b3b81333-28cb-4d60-9162-4914e9803fb7/print/
Kelly (R-MS-1),LOCKHEED MARTIN CORPORATION,registrant,LOCKHEED MARTIN EMPLOYEES' POLITICAL ACTION COMMITTEE,feca,KELLY FOR CONGRESS,"Kelly, Trent",2000.00,2023-03-07,2023,mid_year,b3b81333-28cb-4d60-9162-4914e9803fb7,https://lda.gov/filings/public/contribution/b3b81333-28cb-4d60-9162-4914e9803fb7/print/
Waltz (R-FL-6),LOCKHEED MARTIN CORPORATION,registrant,LOCKHEED MARTIN EMPLOYEES' POLITICAL ACTION COMMITTEE,feca,MICHAEL WALTZ FOR CONGRESS,"Waltz, Mike",1000.00,2023-03-14,2023,mid_year,b3b81333-28cb-4d60-9162-4914e9803fb7,https://lda.gov/filings/public/contribution/b3b81333-28cb-4d60-9162-4914e9803fb7/print/
Rogers (R-AL-3),LOCKHEED MARTIN CORPORATION,registrant,LOCKHEED MARTIN EMPLOYEES' POLITICAL ACTION COMMITTEE,feca,MIKE ROGERS FOR CONGRESS,"Rogers, Mike",1000.00,2023-03-14,2023,mid_year,b3b81333-28cb-4d60-9162-4914e9803fb7,https://lda.gov/filings/public/contribution/b3b81333-28cb-4d60-9162-4914e9803fb7/print/
Meeks (D-NY-5),LOCKHEED MARTIN CORPORATION,registrant,LOCKHEED MARTIN EMPLOYEES' POLITICAL ACTION COMMITTEE,feca,FRIENDS FOR GREGORY MEEKS,"Meeks, Gregory",1000.00,2023-03-14,2023,mid_year,b3b81333-28cb-4d60-9162-4914e9803fb7,https://lda.gov/filings/public/contribution/b3b81333-28cb-4d60-9162-4914e9803fb7/print/
McCaul (R-TX-10),LOCKHEED MARTIN CORPORATION,registrant,LOCKHEED MARTIN EMPLOYEES' POLITICAL ACTION COMMITTEE,feca,"MCCAUL FOR CONGRESS, INC","McCaul, Michael",1000.00,2023-03-14,2023,mid_year,b3b81333-28cb-4d60-9162-4914e9803fb7,https://lda.gov/filings/public/contribution/b3b81333-28cb-4d60-9162-4914e9803fb7/print/
Smith (D-WA-9),LOCKHEED MARTIN CORPORATION,registrant,LOCKHEED MARTIN EMPLOYEES' POLITICAL ACTION COMMITTEE,feca,ADAM SMITH FOR CONGRESS COMMITTEE,"Smith, Adam",1000.00,2023-03-29,2023,mid_year,b3b81333-28cb-4d60-9162-4914e9803fb7,https://lda.gov/filings/public/contribution/b3b81333-28cb-4d60-9162-4914e9803fb7/print/
Norcross (D-NJ-1),LOCKHEED MARTIN CORPORATION,registrant,LOCKHEED MARTIN EMPLOYEES' POLITICAL ACTION COMMITTEE,feca,DONALD NORCROSS FOR CONGRESS,"Norcross, Donald",1000.00,2023-03-29,2023,mid_year,b3b81333-28cb-4d60-9162-4914e9803fb7,https://lda.gov/filings/public/contribution/b3b81333-28cb-4d60-9162-4914e9803fb7/print/
Gallagher (R-WI-8),LOCKHEED MARTIN CORPORATION,registrant,LOCKHEED MARTIN EMPLOYEES' POLITICAL ACTION COMMITTEE,feca,MIKE GALLAGHER FOR WISCONSIN,"Gallagher, Mike",1000.00,2023-03-29,2023,mid_year,b3b81333-28cb-4d60-9162-4914e9803fb7,https://lda.gov/filings/public/contribution/b3b81333-28cb-4d60-9162-4914e9803fb7/print/
Waltz (R-FL-6),LOCKHEED MARTIN CORPORATION,registrant,LOCKHEED MARTIN EMPLOYEES' POLITICAL ACTION COMMITTEE,feca,MICHAEL WALTZ FOR CONGRESS,"Waltz, Mike",1500.00,2023-04-05,2023,mid_year,b3b81333-28cb-4d60-9162-4914e9803fb7,https://lda.gov/filings/public/contribution/b3b81333-28cb-4d60-9162-4914e9803fb7/print/
McCaul (R-TX-10),LOCKHEED MARTIN CORPORATION,registrant,LOCKHEED MARTIN EMPLOYEES' POLITICAL ACTION COMMITTEE,feca,"MCCAUL FOR CONGRESS, INC","McCaul, Michael",2000.00,2023-04-05,2023,mid_year,b3b81333-28cb-4d60-9162-4914e9803fb7,https://lda.gov/filings/public/contribution/b3b81333-28cb-4d60-9162-4914e9803fb7/print/
McCaul (R-TX-10),LOCKHEED MARTIN CORPORATION,registrant,LOCKHEED MARTIN EMPLOYEES' POLITICAL ACTION COMMITTEE,feca,TEXAS REPUBLICANS UNITED (TRUPAC),"McCaul, Michael",5000.00,2023-04-05,2023,mid_year,b3b81333-28cb-4d60-9162-4914e9803fb7,https://lda.gov/filings/public/contribution/b3b81333-28cb-4d60-9162-4914e9803fb7/print/
Kilmer (D-WA-6),LOCKHEED MARTIN CORPORATION,registrant,LOCKHEED MARTIN EMPLOYEES' POLITICAL ACTION COMMITTEE,feca,PEOPLE FOR DEREK KILMER,"Kilmer, Derek",1000.00,2023-04-05,2023,mid_year,b3b81333-28cb-4d60-9162-4914e9803fb7,https://lda.gov/filings/public/contribution/b3b81333-28cb-4d60-9162-4914e9803fb7/print/
Kelly (R-MS-1),LOCKHEED MARTIN CORPORATION,registrant,LOCKHEED MARTIN EMPLOYEES' POLITICAL ACTION COMMITTEE,feca,KELLY FOR CONGRESS,"Kelly, Trent",1000.00,2023-04-05,2023,mid_year,b3b81333-28cb-4d60-9162-4914e9803fb7,https://lda.gov/filings/public/contribution/b3b81333-28cb-4d60-9162-4914e9803fb7/print/
Courtney (D-CT-2),LOCKHEED MARTIN CORPORATION,registrant,LOCKHEED MARTIN EMPLOYEES' POLITICAL ACTION COMMITTEE,feca,COURTNEY FOR CONGRESS,"Courtney, Joe",1000.00,2023-04-05,2023,mid_year,b3b81333-28cb-4d60-9162-4914e9803fb7,https://lda.gov/filings/public/contribution/b3b81333-28cb-4d60-9162-4914e9803fb7/print/
Wittman (R-VA-1),LOCKHEED MARTIN CORPORATION,registrant,LOCKHEED MARTIN EMPLOYEES' POLITICAL ACTION COMMITTEE,feca,ROB WITTMAN FOR CONGRESS,"Wittman, Rob",5000.00,2023-04-12,2023,mid_year,b3b81333-28cb-4d60-9162-4914e9803fb7,https://lda.gov/filings/public/contribution/b3b81333-28cb-4d60-9162-4914e9803fb7/print/
Smith (D-WA-9),LOCKHEED MARTIN CORPORATION,registrant,LOCKHEED MARTIN EMPLOYEES' POLITICAL ACTION COMMITTEE,feca,ADAM SMITH FOR CONGRESS COMMITTEE,"Smith, Adam",4000.00,2023-04-12,2023,mid_year,b3b81333-28cb-4d60-9162-4914e9803fb7,https://lda.gov/filings/public/contribution/b3b81333-28cb-4d60-9162-4914e9803fb7/print/
Rogers (R-AL-3),LOCKHEED MARTIN CORPORATION,registrant,LOCKHEED MARTIN EMPLOYEES' POLITICAL ACTION COMMITTEE,feca,MIKE ROGERS FOR CONGRESS,"Rogers, Mike",4000.00,2023-04-12,2023,mid_year,b3b81333-28cb-4d60-9162-4914e9803fb7,https://lda.gov/filings/public/contribution/b3b81333-28cb-4d60-9162-4914e9803fb7/print/
McCaul (R-TX-10),LOCKHEED MARTIN CORPORATION,registrant,LOCKHEED MARTIN EMPLOYEES' POLITICAL ACTION COMMITTEE,feca,"MCCAUL FOR CONGRESS, INC","McCaul, Michael",1000.00,2023-04-12,2023,mid_year,b3b81333-28cb-4d60-9162-4914e9803fb7,https://lda.gov/filings/public/contribution/b3b81333-28cb-4d60-9162-4914e9803fb7/print/
Waltz (R-FL-6),LOCKHEED MARTIN CORPORATION,registrant,LOCKHEED MARTIN EMPLOYEES' POLITICAL ACTION COMMITTEE,feca,MICHAEL WALTZ FOR CONGRESS,"Waltz, Mike",1500.00,2023-05-04,2023,mid_year,b3b81333-28cb-4d60-9162-4914e9803fb7,https://lda.gov/filings/public/contribution/b3b81333-28cb-4d60-9162-4914e9803fb7/print/
Kelly (R-MS-1),LOCKHEED MARTIN CORPORATION,registrant,LOCKHEED MARTIN EMPLOYEES' POLITICAL ACTION COMMITTEE,feca,KELLY FOR CONGRESS,"Kelly, Trent",1000.00,2023-05-04,2023,mid_year,b3b81333-28cb-4d60-9162-4914e9803fb7,https://lda.gov/filings/public/contribution/b3b81333-28cb-4d60-9162-4914e9803fb7/print/
Young Kim (R-CA-40),LOCKHEED MARTIN CORPORATION,registrant,LOCKHEED MARTIN EMPLOYEES' POLITICAL ACTION COMMITTEE,feca,YOUNG KIM FOR CONGRESS,"Kim, Young",1000.00,2023-05-24,2023,mid_year,b3b81333-28cb-4d60-9162-4914e9803fb7,https://lda.gov/filings/public/contribution/b3b81333-28cb-4d60-9162-4914e9803fb7/print/
Kilmer (D-WA-6),LOCKHEED MARTIN CORPORATION,registrant,LOCKHEED MARTIN EMPLOYEES' POLITICAL ACTION COMMITTEE,feca,PEOPLE FOR DEREK KILMER,"Kilmer, Derek",1000.00,2023-05-24,2023,mid_year,b3b81333-28cb-4d60-9162-4914e9803fb7,https://lda.gov/filings/public/contribution/b3b81333-28cb-4d60-9162-4914e9803fb7/print/
Kelly (R-MS-1),LOCKHEED MARTIN CORPORATION,registrant,LOCKHEED MARTIN EMPLOYEES' POLITICAL ACTION COMMITTEE,feca,KELLY FOR CONGRESS,"Kelly, Trent",1000.00,2023-05-24,2023,mid_year,b3b81333-28cb-4d60-9162-4914e9803fb7,https://lda.gov/filings/public/contribution/b3b81333-28cb-4d60-9162-4914e9803fb7/print/
Moore (R-UT-1),LOCKHEED MARTIN CORPORATION,registrant,LOCKHEED MARTIN EMPLOYEES' POLITICAL ACTION COMMITTEE,feca,BLAKE MOORE FOR CONGRESS,"Moore, Blake",2000.00,2023-06-01,2023,mid_year,b3b81333-28cb-4d60-9162-4914e9803fb7,https://lda.gov/filings/public/contribution/b3b81333-28cb-4d60-9162-4914e9803fb7/print/
Kilmer (D-WA-6),LOCKHEED MARTIN CORPORATION,registrant,LOCKHEED MARTIN EMPLOYEES' POLITICAL ACTION COMMITTEE,feca,PEOPLE FOR DEREK KILMER,"Kilmer, Derek",1500.00,2023-06-01,2023,mid_year,b3b81333-28cb-4d60-9162-4914e9803fb7,https://lda.gov/filings/public/contribution/b3b81333-28cb-4d60-9162-4914e9803fb7/print/
Gallagher (R-WI-8),LOCKHEED MARTIN CORPORATION,registrant,LOCKHEED MARTIN EMPLOYEES' POLITICAL ACTION COMMITTEE,feca,MIKE GALLAGHER FOR WISCONSIN,"Gallagher, Mike",1000.00,2023-06-01,2023,mid_year,b3b81333-28cb-4d60-9162-4914e9803fb7,https://lda.gov/filings/public/contribution/b3b81333-28cb-4d60-9162-4914e9803fb7/print/
Waltz (R-FL-6),LOCKHEED MARTIN CORPORATION,registrant,LOCKHEED MARTIN EMPLOYEES' POLITICAL ACTION COMMITTEE,feca,MICHAEL WALTZ FOR CONGRESS,"Waltz, Mike",1000.00,2023-06-14,2023,mid_year,b3b81333-28cb-4d60-9162-4914e9803fb7,https://lda.gov/filings/public/contribution/b3b81333-28cb-4d60-9162-4914e9803fb7/print/
Meeks (D-NY-5),LOCKHEED MARTIN CORPORATION,registrant,LOCKHEED MARTIN EMPLOYEES' POLITICAL ACTION COMMITTEE,feca,FRIENDS FOR GREGORY MEEKS,"Meeks, Gregory",3000.00,2023-06-14,2023,mid_year,b3b81333-28cb-4d60-9162-4914e9803fb7,https://lda.gov/filings/public/contribution/b3b81333-28cb-4d60-9162-4914e9803fb7/print/
Kean (R-NJ-7),LOCKHEED MARTIN CORPORATION,registrant,LOCKHEED MARTIN EMPLOYEES' POLITICAL ACTION COMMITTEE,feca,KEAN FOR CONGRESS INC,"Kean, Thomas",1000.00,2023-06-14,2023,mid_year,b3b81333-28cb-4d60-9162-4914e9803fb7,https://lda.gov/filings/public/contribution/b3b81333-28cb-4d60-9162-4914e9803fb7/print/
Gallagher (R-WI-8),LOCKHEED MARTIN CORPORATION,registrant,LOCKHEED MARTIN EMPLOYEES' POLITICAL ACTION COMMITTEE,feca,MIKE GALLAGHER FOR WISCONSIN,"Gallagher, Mike",2000.00,2023-06-14,2023,mid_year,b3b81333-28cb-4d60-9162-4914e9803fb7,https://lda.gov/filings/public/contribution/b3b81333-28cb-4d60-9162-4914e9803fb7/print/
Moore (R-UT-1),LOCKHEED MARTIN CORPORATION,registrant,LOCKHEED MARTIN EMPLOYEES' POLITICAL ACTION COMMITTEE,feca,BLAKE MOORE FOR CONGRESS,"Moore, Blake",1000.00,2023-06-22,2023,mid_year,b3b81333-28cb-4d60-9162-4914e9803fb7,https://lda.gov/filings/public/contribution/b3b81333-28cb-4d60-9162-4914e9803fb7/print/
Kelly (R-MS-1),LOCKHEED MARTIN CORPORATION,registrant,LOCKHEED MARTIN EMPLOYEES' POLITICAL ACTION COMMITTEE,feca,KELLY FOR CONGRESS,"Kelly, Trent",1000.00,2023-06-22,2023,mid_year,b3b81333-28cb-4d60-9162-4914e9803fb7,https://lda.gov/filings/public/contribution/b3b81333-28cb-4d60-9162-4914e9803fb7/print/
Waltz (R-FL-6),LOCKHEED MARTIN CORPORATION,registrant,LOCKHEED MARTIN EMPLOYEES' POLITICAL ACTION COMMITTEE,feca,MICHAEL WALTZ FOR CONGRESS,"Waltz, Mike",1000.00,2023-06-28,2023,mid_year,b3b81333-28cb-4d60-9162-4914e9803fb7,https://lda.gov/filings/public/contribution/b3b81333-28cb-4d60-9162-4914e9803fb7/print/
Rogers (R-AL-3),LOCKHEED MARTIN CORPORATION,registrant,LOCKHEED MARTIN EMPLOYEES' POLITICAL ACTION COMMITTEE,feca,MIKE ROGERS FOR CONGRESS,"Rogers, Mike",1000.00,2023-06-28,2023,mid_year,b3b81333-28cb-4d60-9162-4914e9803fb7,https://lda.gov/filings/public/contribution/b3b81333-28cb-4d60-9162-4914e9803fb7/print/
Norcross (D-NJ-1),LOCKHEED MARTIN CORPORATION,registrant,LOCKHEED MARTIN EMPLOYEES' POLITICAL ACTION COMMITTEE,feca,DONALD NORCROSS FOR CONGRESS,"Norcross, Donald",1000.00,2023-06-28,2023,mid_year,b3b81333-28cb-4d60-9162-4914e9803fb7,https://lda.gov/filings/public/contribution/b3b81333-28cb-4d60-9162-4914e9803fb7/print/
Moore (R-UT-1),LOCKHEED MARTIN CORPORATION,registrant,LOCKHEED MARTIN EMPLOYEES' POLITICAL ACTION COMMITTEE,feca,BLAKE MOORE FOR CONGRESS,"Moore, Blake",1000.00,2023-06-28,2023,mid_year,b3b81333-28cb-4d60-9162-4914e9803fb7,https://lda.gov/filings/public/contribution/b3b81333-28cb-4d60-9162-4914e9803fb7/print/
Courtney (D-CT-2),LOCKHEED MARTIN CORPORATION,registrant,LOCKHEED MARTIN EMPLOYEES' POLITICAL ACTION COMMITTEE,feca,COURTNEY FOR CONGRESS,"Courtney, Joe",1500.00,2023-06-28,2023,mid_year,b3b81333-28cb-4d60-9162-4914e9803fb7,https://lda.gov/filings/public/contribution/b3b81333-28cb-4d60-9162-4914e9803fb7/print/
Courtney (D-CT-2),LOCKHEED MARTIN CORPORATION,registrant,LOCKHEED MARTIN EMPLOYEES' POLITICAL ACTION COMMITTEE,feca,COURTNEY FOR CONGRESS,"Courtney, Joe",2500.00,2023-07-21,2023,year_end,a8006d19-0c72-42d7-b6ce-bcb0e8dd10b0,https://lda.gov/filings/public/contribution/a8006d19-0c72-42d7-b6ce-bcb0e8dd10b0/print/
Rogers (R-AL-3),LOCKHEED MARTIN CORPORATION,registrant,LOCKHEED MARTIN EMPLOYEES' POLITICAL ACTION COMMITTEE,feca,AMERICAN SECURITY PAC,"Rogers, Mike",5000.00,2023-07-25,2023,year_end,a8006d19-0c72-42d7-b6ce-bcb0e8dd10b0,https://lda.gov/filings/public/contribution/a8006d19-0c72-42d7-b6ce-bcb0e8dd10b0/print/
Gallagher (R-WI-8),LOCKHEED MARTIN CORPORATION,registrant,LOCKHEED MARTIN EMPLOYEES' POLITICAL ACTION COMMITTEE,feca,MIKE GALLAGHER FOR WISCONSIN,"Gallagher, Mike",1000.00,2023-08-03,2023,year_end,a8006d19-0c72-42d7-b6ce-bcb0e8dd10b0,https://lda.gov/filings/public/contribution/a8006d19-0c72-42d7-b6ce-bcb0e8dd10b0/print/
Meeks (D-NY-5),LOCKHEED MARTIN CORPORATION,registrant,LOCKHEED MARTIN EMPLOYEES' POLITICAL ACTION COMMITTEE,feca,FRIENDS FOR GREGORY MEEKS,"Meeks, Gregory",1000.00,2023-08-03,2023,year_end,a8006d19-0c72-42d7-b6ce-bcb0e8dd10b0,https://lda.gov/filings/public/contribution/a8006d19-0c72-42d7-b6ce-bcb0e8dd10b0/print/
Norcross (D-NJ-1),LOCKHEED MARTIN CORPORATION,registrant,LOCKHEED MARTIN EMPLOYEES' POLITICAL ACTION COMMITTEE,feca,DONALD NORCROSS FOR CONGRESS,"Norcross, Donald",2000.00,2023-08-03,2023,year_end,a8006d19-0c72-42d7-b6ce-bcb0e8dd10b0,https://lda.gov/filings/public/contribution/a8006d19-0c72-42d7-b6ce-bcb0e8dd10b0/print/
Rogers (R-AL-3),LOCKHEED MARTIN CORPORATION,registrant,LOCKHEED MARTIN EMPLOYEES' POLITICAL ACTION COMMITTEE,feca,MIKE ROGERS FOR CONGRESS,"Rogers, Mike",1000.00,2023-08-03,2023,year_end,a8006d19-0c72-42d7-b6ce-bcb0e8dd10b0,https://lda.gov/filings/public/contribution/a8006d19-0c72-42d7-b6ce-bcb0e8dd10b0/print/
Waltz (R-FL-6),LOCKHEED MARTIN CORPORATION,registrant,LOCKHEED MARTIN EMPLOYEES' POLITICAL ACTION COMMITTEE,feca,MICHAEL WALTZ FOR CONGRESS,"Waltz, Mike",1000.00,2023-08-03,2023,year_end,a8006d19-0c72-42d7-b6ce-bcb0e8dd10b0,https://lda.gov/filings/public/contribution/a8006d19-0c72-42d7-b6ce-bcb0e8dd10b0/print/
Kilmer (D-WA-6),LOCKHEED MARTIN CORPORATION,registrant,LOCKHEED MARTIN EMPLOYEES' POLITICAL ACTION COMMITTEE,feca,"DEFENSE, ECONOMIC RENEWAL, EDUCATION AND KNOWLEDGE PAC","Kilmer, Derek",2500.00,2023-08-24,2023,year_end,a8006d19-0c72-42d7-b6ce-bcb0e8dd10b0,https://lda.gov/filings/public/contribution/a8006d19-0c72-42d7-b6ce-bcb0e8dd10b0/print/
Wittman (R-VA-1),LOCKHEED MARTIN CORPORATION,registrant,LOCKHEED MARTIN EMPLOYEES' POLITICAL ACTION COMMITTEE,feca,AMERICA'S FIRST PAC,"Wittman, Rob",5000.00,2023-09-20,2023,year_end,a8006d19-0c72-42d7-b6ce-bcb0e8dd10b0,https://lda.gov/filings/public/contribution/a8006d19-0c72-42d7-b6ce-bcb0e8dd10b0/print/
Kilmer (D-WA-6),LOCKHEED MARTIN CORPORATION,registrant,LOCKHEED MARTIN EMPLOYEES' POLITICAL ACTION COMMITTEE,feca,PEOPLE FOR DEREK KILMER,"Kilmer, Derek",1500.00,2023-10-04,2023,year_end,a8006d19-0c72-42d7-b6ce-bcb0e8dd10b0,https://lda.gov/filings/public/contribution/a8006d19-0c72-42d7-b6ce-bcb0e8dd10b0/print/
McCaul (R-TX-10),LOCKHEED MARTIN CORPORATION,registrant,LOCKHEED MARTIN EMPLOYEES' POLITICAL ACTION COMMITTEE,feca,"MCCAUL FOR CONGRESS, INC","McCaul, Michael",1000.00,2023-10-04,2023,year_end,a8006d19-0c72-42d7-b6ce-bcb0e8dd10b0,https://lda.gov/filings/public/contribution/a8006d19-0c72-42d7-b6ce-bcb0e8dd10b0/print/
Norcross (D-NJ-1),LOCKHEED MARTIN CORPORATION,registrant,LOCKHEED MARTIN EMPLOYEES' POLITICAL ACTION COMMITTEE,feca,BLUE POWER PAC,"Norcross, Donald",5000.00,2023-10-04,2023,year_end,a8006d19-0c72-42d7-b6ce-bcb0e8dd10b0,https://lda.gov/filings/public/contribution/a8006d19-0c72-42d7-b6ce-bcb0e8dd10b0/print/
Norcross (D-NJ-1),LOCKHEED MARTIN CORPORATION,registrant,LOCKHEED MARTIN EMPLOYEES' POLITICAL ACTION COMMITTEE,feca,DONALD NORCROSS FOR CONGRESS,"Norcross, Donald",5000.00,2023-10-04,2023,year_end,a8006d19-0c72-42d7-b6ce-bcb0e8dd10b0,https://lda.gov/filings/public/contribution/a8006d19-0c72-42d7-b6ce-bcb0e8dd10b0/print/
Norcross (D-NJ-1),LOCKHEED MARTIN CORPORATION,registrant,LOCKHEED MARTIN EMPLOYEES' POLITICAL ACTION COMMITTEE,feca,DONALD NORCROSS FOR CONGRESS,"Norcross, Donald",1000.00,2023-10-04,2023,year_end,a8006d19-0c72-42d7-b6ce-bcb0e8dd10b0,https://lda.gov/filings/public/contribution/a8006d19-0c72-42d7-b6ce-bcb0e8dd10b0/print/
Rogers (R-AL-3),LOCKHEED MARTIN CORPORATION,registrant,LOCKHEED MARTIN EMPLOYEES' POLITICAL ACTION COMMITTEE,feca,MIKE ROGERS FOR CONGRESS,"Rogers, Mike",1000.00,2023-10-04,2023,year_end,a8006d19-0c72-42d7-b6ce-bcb0e8dd10b0,https://lda.gov/filings/public/contribution/a8006d19-0c72-42d7-b6ce-bcb0e8dd10b0/print/
Smith (D-WA-9),LOCKHEED MARTIN CORPORATION,registrant,LOCKHEED MARTIN EMPLOYEES' POLITICAL ACTION COMMITTEE,feca,ADAM SMITH FOR CONGRESS COMMITTEE,"Smith, Adam",1000.00,2023-10-04,2023,year_end,a8006d19-0c72-42d7-b6ce-bcb0e8dd10b0,https://lda.gov/filings/public/contribution/a8006d19-0c72-42d7-b6ce-bcb0e8dd10b0/print/
Kelly (R-MS-1),LOCKHEED MARTIN CORPORATION,registrant,LOCKHEED MARTIN EMPLOYEES' POLITICAL ACTION COMMITTEE,feca,KELLY FOR CONGRESS,"Kelly, Trent",1000.00,2023-10-26,2023,year_end,a8006d19-0c72-42d7-b6ce-bcb0e8dd10b0,https://lda.gov/filings/public/contribution/a8006d19-0c72-42d7-b6ce-bcb0e8dd10b0/print/
Kilmer (D-WA-6),LOCKHEED MARTIN CORPORATION,registrant,LOCKHEED MARTIN EMPLOYEES' POLITICAL ACTION COMMITTEE,feca,PEOPLE FOR DEREK KILMER,"Kilmer, Derek",1000.00,2023-10-26,2023,year_end,a8006d19-0c72-42d7-b6ce-bcb0e8dd10b0,https://lda.gov/filings/public/contribution/a8006d19-0c72-42d7-b6ce-bcb0e8dd10b0/print/
Young Kim (R-CA-40),LOCKHEED MARTIN CORPORATION,registrant,LOCKHEED MARTIN EMPLOYEES' POLITICAL ACTION COMMITTEE,feca,YOUNG KIM FOR CONGRESS,"Kim, Young",1000.00,2023-10-26,2023,year_end,a8006d19-0c72-42d7-b6ce-bcb0e8dd10b0,https://lda.gov/filings/public/contribution/a8006d19-0c72-42d7-b6ce-bcb0e8dd10b0/print/
Smith (D-WA-9),LOCKHEED MARTIN CORPORATION,registrant,LOCKHEED MARTIN EMPLOYEES' POLITICAL ACTION COMMITTEE,feca,ADAM SMITH FOR CONGRESS COMMITTEE,"Smith, Adam",1000.00,2023-11-21,2023,year_end,a8006d19-0c72-42d7-b6ce-bcb0e8dd10b0,https://lda.gov/filings/public/contribution/a8006d19-0c72-42d7-b6ce-bcb0e8dd10b0/print/
Courtney (D-CT-2),LOCKHEED MARTIN CORPORATION,registrant,LOCKHEED MARTIN EMPLOYEES' POLITICAL ACTION COMMITTEE,feca,HUSKY PAC,"Courtney, Joseph",5000.00,2023-11-23,2023,year_end,a8006d19-0c72-42d7-b6ce-bcb0e8dd10b0,https://lda.gov/filings/public/contribution/a8006d19-0c72-42d7-b6ce-bcb0e8dd10b0/print/
Gallagher (R-WI-8),LOCKHEED MARTIN CORPORATION,registrant,LOCKHEED MARTIN EMPLOYEES' POLITICAL ACTION COMMITTEE,feca,GO PAC GO,"Gallagher, Mike",5000.00,2023-11-23,2023,year_end,a8006d19-0c72-42d7-b6ce-bcb0e8dd10b0,https://lda.gov/filings/public/contribution/a8006d19-0c72-42d7-b6ce-bcb0e8dd10b0/print/
Smith (D-WA-9),LOCKHEED MARTIN CORPORATION,registrant,LOCKHEED MARTIN EMPLOYEES' POLITICAL ACTION COMMITTEE,feca,ADAM PAC,"Smith, Adam",5000.00,2023-11-23,2023,year_end,a8006d19-0c72-42d7-b6ce-bcb0e8dd10b0,https://lda.gov/filings/public/contribution/a8006d19-0c72-42d7-b6ce-bcb0e8dd10b0/print/
McCaul (R-TX-10),LOCKHEED MARTIN CORPORATION,registrant,LOCKHEED MARTIN EMPLOYEES' POLITICAL ACTION COMMITTEE,feca,"MCCAUL FOR CONGRESS, INC","McCaul, Michael",1000.00,2023-12-07,2023,year_end,a8006d19-0c72-42d7-b6ce-bcb0e8dd10b0,https://lda.gov/filings/public/contribution/a8006d19-0c72-42d7-b6ce-bcb0e8dd10b0/print/
Meeks (D-NY-5),LOCKHEED MARTIN CORPORATION,registrant,LOCKHEED MARTIN EMPLOYEES' POLITICAL ACTION COMMITTEE,feca,FRIENDS FOR GREGORY MEEKS,"Meeks, Gregory",1000.00,2023-12-07,2023,year_end,a8006d19-0c72-42d7-b6ce-bcb0e8dd10b0,https://lda.gov/filings/public/contribution/a8006d19-0c72-42d7-b6ce-bcb0e8dd10b0/print/
Moore (R-UT-1),LOCKHEED MARTIN CORPORATION,registrant,LOCKHEED MARTIN EMPLOYEES' POLITICAL ACTION COMMITTEE,feca,BLAKE MOORE FOR CONGRESS,"Moore, Blake",1000.00,2023-12-07,2023,year_end,a8006d19-0c72-42d7-b6ce-bcb0e8dd10b0,https://lda.gov/filings/public/contribution/a8006d19-0c72-42d7-b6ce-bcb0e8dd10b0/print/
Courtney (D-CT-2),LOCKHEED MARTIN CORPORATION,registrant,LOCKHEED MARTIN EMPLOYEES' POLITICAL ACTION COMMITTEE,feca,COURTNEY FOR CONGRESS,"Courtney, Joe",2000.00,2023-12-18,2023,year_end,a8006d19-0c72-42d7-b6ce-bcb0e8dd10b0,https://lda.gov/filings/public/contribution/a8006d19-0c72-42d7-b6ce-bcb0e8dd10b0/print/
Waltz (R-FL-6),LOCKHEED MARTIN CORPORATION,registrant,LOCKHEED MARTIN EMPLOYEES' POLITICAL ACTION COMMITTEE,feca,MICHAEL WALTZ FOR CONGRESS,"Waltz, Mike",1000.00,2023-12-18,2023,year_end,a8006d19-0c72-42d7-b6ce-bcb0e8dd10b0,https://lda.gov/filings/public/contribution/a8006d19-0c72-42d7-b6ce-bcb0e8dd10b0/print/
Rogers (R-AL-3),BAKER DONELSON BEARMAN CALDWELL & BERKOWITZ,lobbyist: NATHAN DASCHLE,SELF,feca,ROGERS FOR SENATE,Mike Rogers,1000.00,2024-03-04,2024,mid_year,d27946ff-355a-4c2f-8162-9f073c06c283,https://lda.gov/filings/public/contribution/d27946ff-355a-4c2f-8162-9f073c06c283/print/
Smith (D-WA-9),BAKER DONELSON BEARMAN CALDWELL & BERKOWITZ,lobbyist: NATHAN DASCHLE,SELF,feca,ADAM SMITH FOR CONGRESS,Rep. Smith,1000.00,2024-04-19,2024,mid_year,d27946ff-355a-4c2f-8162-9f073c06c283,https://lda.gov/filings/public/contribution/d27946ff-355a-4c2f-8162-9f073c06c283/print/
Rogers (R-AL-3),BAKER DONELSON BEARMAN CALDWELL & BERKOWITZ,lobbyist: JOSEPH HACK,SELF,feca,MIKE ROGERS FOR SENATE,Honorable Mike Rogers,1500.00,2024-03-04,2024,mid_year,cd80b895-c995-4a16-af23-35c324d929f6,https://lda.gov/filings/public/contribution/cd80b895-c995-4a16-af23-35c324d929f6/print/
Smith (D-WA-9),BAKER DONELSON BEARMAN CALDWELL & BERKOWITZ,registrant,"BAKER, DONELSON, BEARMAN, CALDWELL AND BERKOWITZ, PC PAC",feca,ADAM SMITH FOR CONGRESS COMMITTEE,Adam Smith,5000.00,2024-04-04,2024,mid_year,e85b1b6b-5d50-46a2-b8f4-6fd24b16bcbb,https://lda.gov/filings/public/contribution/e85b1b6b-5d50-46a2-b8f4-6fd24b16bcbb/print/
Norcross (D-NJ-1),BAKER DONELSON BEARMAN CALDWELL & BERKOWITZ,registrant,"BAKER, DONELSON, BEARMAN, CALDWELL AND BERKOWITZ, PC PAC",feca,DONALD NORCROSS FOR CONGRESS,Donald Norcross,1000.00,2024-04-10,2024,mid_year,e85b1b6b-5d50-46a2-b8f4-6fd24b16bcbb,https://lda.gov/filings/public/contribution/e85b1b6b-5d50-46a2-b8f4-6fd24b16bcbb/print/
Smith (D-WA-9),BAKER DONELSON BEARMAN CALDWELL & BERKOWITZ,lobbyist: STEVEN HYJEK,SELF,feca,ADAM SMITH FOR CONGRESS,Rep. Adam Smith,2000.00,2024-05-01,2024,mid_year,b015e735-ff75-4494-bdeb-2302705cd632,https://lda.gov/filings/public/contribution/b015e735-ff75-4494-bdeb-2302705cd632/print/
Wittman (R-VA-1),BAKER DONELSON BEARMAN CALDWELL & BERKOWITZ,lobbyist: JAMES DYER,SELF,feca,ROB WITTMAN FOR CONGRESS,Rob Wittman for Congress,500.00,2024-12-14,2024,year_end,42b3e028-2873-4fff-b323-3d9d130274c9,https://lda.gov/filings/public/contribution/42b3e028-2873-4fff-b323-3d9d130274c9/print/
Meeks (D-NY-5),BAKER DONELSON BEARMAN CALDWELL & BERKOWITZ,registrant,"BAKER, DONELSON, BEARMAN, CALDWELL AND BERKOWITZ, PC PAC",feca,FRIENDS FOR GREGORY MEEKS,Gregory Meeks,1000.00,2024-09-06,2024,year_end,d44036a3-cf7c-41e6-80ac-6d3e7546c21b,https://lda.gov/filings/public/contribution/d44036a3-cf7c-41e6-80ac-6d3e7546c21b/print/
Smith (D-WA-9),BOEING COMPANY,lobbyist: STEVEN BACHMANN,SELF,feca,ADAM SMITH FOR CONGRESS,Adam Smith,500.00,2023-03-22,2023,mid_year,21172b79-305f-4799-b8a1-4885d228fe27,https://lda.gov/filings/public/contribution/21172b79-305f-4799-b8a1-4885d228fe27/print/
Kilmer (D-WA-6),BOEING COMPANY,registrant,THE BOEING COMPANY POLITICAL ACTION COMMITTEE,feca,PEOPLE FOR DEREK KILMER,Rep. Derek Kilmer,1000.00,2023-02-21,2023,mid_year,715c85bb-179b-4ac3-a3bf-fac84aab52f1,https://lda.gov/filings/public/contribution/715c85bb-179b-4ac3-a3bf-fac84aab52f1/print/
Kilmer (D-WA-6),BOEING COMPANY,registrant,THE BOEING COMPANY POLITICAL ACTION COMMITTEE,feca,PEOPLE FOR DEREK KILMER,Rep. Derek Kilmer,1000.00,2023-05-31,2023,mid_year,715c85bb-179b-4ac3-a3bf-fac84aab52f1,https://lda.gov/filings/public/contribution/715c85bb-179b-4ac3-a3bf-fac84aab52f1/print/
Kelly (R-MS-1),BOEING COMPANY,registrant,THE BOEING COMPANY POLITICAL ACTION COMMITTEE,feca,KELLY FOR CONGRESS,Rep. J. Trent Kelly,1000.00,2023-02-21,2023,mid_year,715c85bb-179b-4ac3-a3bf-fac84aab52f1,https://lda.gov/filings/public/contribution/715c85bb-179b-4ac3-a3bf-fac84aab52f1/print/
Kelly (R-MS-1),BOEING COMPANY,registrant,THE BOEING COMPANY POLITICAL ACTION COMMITTEE,feca,KELLY FOR CONGRESS,Rep. J. Trent Kelly,1000.00,2023-03-27,2023,mid_year,715c85bb-179b-4ac3-a3bf-fac84aab52f1,https://lda.gov/filings/public/contribution/715c85bb-179b-4ac3-a3bf-fac84aab52f1/print/
Kelly (R-MS-1),BOEING COMPANY,registrant,THE BOEING COMPANY POLITICAL ACTION COMMITTEE,feca,KELLY FOR CONGRESS,Rep. J. Trent Kelly,1000.00,2023-02-21,2023,mid_year,715c85bb-179b-4ac3-a3bf-fac84aab52f1,https://lda.gov/filings/public/contribution/715c85bb-179b-4ac3-a3bf-fac84aab52f1/print/
Norcross (D-NJ-1),BOEING COMPANY,registrant,THE BOEING COMPANY POLITICAL ACTION COMMITTEE,feca,DONALD NORCROSS FOR CONGRESS,Rep. Donald W. Norcross,1000.00,2023-02-21,2023,mid_year,715c85bb-179b-4ac3-a3bf-fac84aab52f1,https://lda.gov/filings/public/contribution/715c85bb-179b-4ac3-a3bf-fac84aab52f1/print/
Kean (R-NJ-7),BOEING COMPANY,registrant,THE BOEING COMPANY POLITICAL ACTION COMMITTEE,feca,KEAN FOR CONGRESS INC,"Rep. Thomas H. Kean, Jr.",1000.00,2023-05-31,2023,mid_year,715c85bb-179b-4ac3-a3bf-fac84aab52f1,https://lda.gov/filings/public/contribution/715c85bb-179b-4ac3-a3bf-fac84aab52f1/print/
Kelly (R-MS-1),BOEING COMPANY,registrant,THE BOEING COMPANY POLITICAL ACTION COMMITTEE,feca,KELLY FOR CONGRESS,Rep. J. Trent Kelly,1000.00,2023-03-27,2023,mid_year,715c85bb-179b-4ac3-a3bf-fac84aab52f1,https://lda.gov/filings/public/contribution/715c85bb-179b-4ac3-a3bf-fac84aab52f1/print/
Waltz (R-FL-6),BOEING COMPANY,registrant,THE BOEING COMPANY POLITICAL ACTION COMMITTEE,feca,MICHAEL WALTZ FOR CONGRESS,Rep. Michael G. Waltz,1000.00,2023-03-27,2023,mid_year,715c85bb-179b-4ac3-a3bf-fac84aab52f1,https://lda.gov/filings/public/contribution/715c85bb-179b-4ac3-a3bf-fac84aab52f1/print/
Young Kim (R-CA-40),BOEING COMPANY,registrant,THE BOEING COMPANY POLITICAL ACTION COMMITTEE,feca,YOUNG KIM FOR CONGRESS,Rep. Young O. Kim,1500.00,2023-06-27,2023,mid_year,715c85bb-179b-4ac3-a3bf-fac84aab52f1,https://lda.gov/filings/public/contribution/715c85bb-179b-4ac3-a3bf-fac84aab52f1/print/
Kean (R-NJ-7),BOEING COMPANY,registrant,THE BOEING COMPANY POLITICAL ACTION COMMITTEE,feca,KEAN FOR CONGRESS INC,"Rep. Thomas H. Kean, Jr.",1000.00,2023-02-21,2023,mid_year,715c85bb-179b-4ac3-a3bf-fac84aab52f1,https://lda.gov/filings/public/contribution/715c85bb-179b-4ac3-a3bf-fac84aab52f1/print/
Kean (R-NJ-7),BOEING COMPANY,registrant,THE BOEING COMPANY POLITICAL ACTION COMMITTEE,feca,KEAN FOR CONGRESS INC,"Rep. Thomas H. Kean, Jr.",1000.00,2023-06-27,2023,mid_year,715c85bb-179b-4ac3-a3bf-fac84aab52f1,https://lda.gov/filings/public/contribution/715c85bb-179b-4ac3-a3bf-fac84aab52f1/print/
Rogers (R-AL-3),BOEING COMPANY,registrant,THE BOEING COMPANY POLITICAL ACTION COMMITTEE,feca,MIKE ROGERS FOR CONGRESS,Rep. Michael Dennis Rogers,2500.00,2023-03-27,2023,mid_year,715c85bb-179b-4ac3-a3bf-fac84aab52f1,https://lda.gov/filings/public/contribution/715c85bb-179b-4ac3-a3bf-fac84aab52f1/print/
Moore (R-UT-1),BOEING COMPANY,registrant,THE BOEING COMPANY POLITICAL ACTION COMMITTEE,feca,BLAKE MOORE FOR CONGRESS,Rep. Blake D. Moore,1000.00,2023-04-28,2023,mid_year,715c85bb-179b-4ac3-a3bf-fac84aab52f1,https://lda.gov/filings/public/contribution/715c85bb-179b-4ac3-a3bf-fac84aab52f1/print/
McCaul (R-TX-10),BOEING COMPANY,registrant,THE BOEING COMPANY POLITICAL ACTION COMMITTEE,feca,"MCCAUL FOR CONGRESS, INC","Rep. Michael Thomas McCaul, Sr.",1000.00,2023-05-31,2023,mid_year,715c85bb-179b-4ac3-a3bf-fac84aab52f1,https://lda.gov/filings/public/contribution/715c85bb-179b-4ac3-a3bf-fac84aab52f1/print/
McCaul (R-TX-10),BOEING COMPANY,registrant,THE BOEING COMPANY POLITICAL ACTION COMMITTEE,feca,"MCCAUL FOR CONGRESS, INC","Rep. Michael Thomas McCaul, Sr.",1000.00,2023-02-21,2023,mid_year,715c85bb-179b-4ac3-a3bf-fac84aab52f1,https://lda.gov/filings/public/contribution/715c85bb-179b-4ac3-a3bf-fac84aab52f1/print/
Young Kim (R-CA-40),BOEING COMPANY,registrant,THE BOEING COMPANY POLITICAL ACTION COMMITTEE,feca,YOUNG KIM FOR CONGRESS,Rep. Young O. Kim,1000.00,2023-06-27,2023,mid_year,715c85bb-179b-4ac3-a3bf-fac84aab52f1,https://lda.gov/filings/public/contribution/715c85bb-179b-4ac3-a3bf-fac84aab52f1/print/
Gallagher (R-WI-8),BOEING COMPANY,registrant,THE BOEING COMPANY POLITICAL ACTION COMMITTEE,feca,MIKE GALLAGHER FOR WISCONSIN,Rep. Michael John Gallagher,1000.00,2023-05-31,2023,mid_year,715c85bb-179b-4ac3-a3bf-fac84aab52f1,https://lda.gov/filings/public/contribution/715c85bb-179b-4ac3-a3bf-fac84aab52f1/print/
Kelly (R-MS-1),BOEING COMPANY,registrant,THE BOEING COMPANY POLITICAL ACTION COMMITTEE,feca,KELLY FOR CONGRESS,Rep. J. Trent Kelly,1000.00,2023-01-31,2023,mid_year,715c85bb-179b-4ac3-a3bf-fac84aab52f1,https://lda.gov/filings/public/contribution/715c85bb-179b-4ac3-a3bf-fac84aab52f1/print/
Kilmer (D-WA-6),BOEING COMPANY,registrant,THE BOEING COMPANY POLITICAL ACTION COMMITTEE,feca,PEOPLE FOR DEREK KILMER,Rep. Derek Kilmer,1000.00,2023-03-27,2023,mid_year,715c85bb-179b-4ac3-a3bf-fac84aab52f1,https://lda.gov/filings/public/contribution/715c85bb-179b-4ac3-a3bf-fac84aab52f1/print/
Young Kim (R-CA-40),BOEING COMPANY,registrant,THE BOEING COMPANY POLITICAL ACTION COMMITTEE,feca,YOUNG KIM FOR CONGRESS,Rep. Young O. Kim,1000.00,2023-02-21,2023,mid_year,715c85bb-179b-4ac3-a3bf-fac84aab52f1,https://lda.gov/filings/public/contribution/715c85bb-179b-4ac3-a3bf-fac84aab52f1/print/
Gallagher (R-WI-8),BOEING COMPANY,registrant,THE BOEING COMPANY POLITICAL ACTION COMMITTEE,feca,MIKE GALLAGHER FOR WISCONSIN,Rep. Michael John Gallagher,1000.00,2023-02-21,2023,mid_year,715c85bb-179b-4ac3-a3bf-fac84aab52f1,https://lda.gov/filings/public/contribution/715c85bb-179b-4ac3-a3bf-fac84aab52f1/print/
Rogers (R-AL-3),BOEING COMPANY,registrant,THE BOEING COMPANY POLITICAL ACTION COMMITTEE,feca,MIKE ROGERS FOR CONGRESS,Rep. Michael Dennis Rogers,1000.00,2023-06-27,2023,mid_year,715c85bb-179b-4ac3-a3bf-fac84aab52f1,https://lda.gov/filings/public/contribution/715c85bb-179b-4ac3-a3bf-fac84aab52f1/print/
Moore (R-UT-1),BOEING COMPANY,registrant,THE BOEING COMPANY POLITICAL ACTION COMMITTEE,feca,BLAKE MOORE FOR CONGRESS,Rep. Blake D. Moore,1500.00,2023-06-27,2023,mid_year,715c85bb-179b-4ac3-a3bf-fac84aab52f1,https://lda.gov/filings/public/contribution/715c85bb-179b-4ac3-a3bf-fac84aab52f1/print/
Waltz (R-FL-6),BOEING COMPANY,registrant,THE BOEING COMPANY POLITICAL ACTION COMMITTEE,feca,MICHAEL WALTZ FOR CONGRESS,Rep. Michael G. Waltz,1500.00,2023-06-27,2023,mid_year,715c85bb-179b-4ac3-a3bf-fac84aab52f1,https://lda.gov/filings/public/contribution/715c85bb-179b-4ac3-a3bf-fac84aab52f1/print/
Kelly (R-MS-1),BOEING COMPANY,registrant,THE BOEING COMPANY POLITICAL ACTION COMMITTEE,feca,KELLY FOR CONGRESS,Rep. J. Trent Kelly,1000.00,2023-06-27,2023,mid_year,715c85bb-179b-4ac3-a3bf-fac84aab52f1,https://lda.gov/filings/public/contribution/715c85bb-179b-4ac3-a3bf-fac84aab52f1/print/
Waltz (R-FL-6),BOEING COMPANY,registrant,THE BOEING COMPANY POLITICAL ACTION COMMITTEE,feca,MICHAEL WALTZ FOR CONGRESS,Rep. Michael G. Waltz,1000.00,2023-01-31,2023,mid_year,715c85bb-179b-4ac3-a3bf-fac84aab52f1,https://lda.gov/filings/public/contribution/715c85bb-179b-4ac3-a3bf-fac84aab52f1/print/
Courtney (D-CT-2),BOEING COMPANY,registrant,THE BOEING COMPANY POLITICAL ACTION COMMITTEE,feca,COURTNEY FOR CONGRESS,Rep. Joseph D. Courtney,1000.00,2023-06-27,2023,mid_year,715c85bb-179b-4ac3-a3bf-fac84aab52f1,https://lda.gov/filings/public/contribution/715c85bb-179b-4ac3-a3bf-fac84aab52f1/print/
Smith (D-WA-9),BOEING COMPANY,registrant,THE BOEING COMPANY POLITICAL ACTION COMMITTEE,feca,ADAM SMITH FOR CONGRESS COMMITTEE,Rep. Adam Smith,1000.00,2023-06-27,2023,mid_year,715c85bb-179b-4ac3-a3bf-fac84aab52f1,https://lda.gov/filings/public/contribution/715c85bb-179b-4ac3-a3bf-fac84aab52f1/print/
Norcross (D-NJ-1),BOEING COMPANY,registrant,THE BOEING COMPANY POLITICAL ACTION COMMITTEE,feca,DONALD NORCROSS FOR CONGRESS,Rep. Donald W. Norcross,5000.00,2023-03-27,2023,mid_year,715c85bb-179b-4ac3-a3bf-fac84aab52f1,https://lda.gov/filings/public/contribution/715c85bb-179b-4ac3-a3bf-fac84aab52f1/print/
Waltz (R-FL-6),BOEING COMPANY,registrant,THE BOEING COMPANY POLITICAL ACTION COMMITTEE,feca,MICHAEL WALTZ FOR CONGRESS,Rep. Michael G. Waltz,1500.00,2023-06-27,2023,mid_year,715c85bb-179b-4ac3-a3bf-fac84aab52f1,https://lda.gov/filings/public/contribution/715c85bb-179b-4ac3-a3bf-fac84aab52f1/print/
Meeks (D-NY-5),BOEING COMPANY,registrant,THE BOEING COMPANY POLITICAL ACTION COMMITTEE,feca,FRIENDS FOR GREGORY MEEKS,Rep. Gregory Weldon Meeks,1500.00,2023-06-27,2023,mid_year,715c85bb-179b-4ac3-a3bf-fac84aab52f1,https://lda.gov/filings/public/contribution/715c85bb-179b-4ac3-a3bf-fac84aab52f1/print/
Gallagher (R-WI-8),BOEING COMPANY,registrant,THE BOEING COMPANY POLITICAL ACTION COMMITTEE,feca,MIKE GALLAGHER FOR WISCONSIN,Rep. Michael John Gallagher,1000.00,2023-05-31,2023,mid_year,715c85bb-179b-4ac3-a3bf-fac84aab52f1,https://lda.gov/filings/public/contribution/715c85bb-179b-4ac3-a3bf-fac84aab52f1/print/
Courtney (D-CT-2),BOEING COMPANY,registrant,THE BOEING COMPANY POLITICAL ACTION COMMITTEE,feca,COURTNEY FOR CONGRESS,Rep. Joseph D. Courtney,1000.00,2023-03-27,2023,mid_year,715c85bb-179b-4ac3-a3bf-fac84aab52f1,https://lda.gov/filings/public/contribution/715c85bb-179b-4ac3-a3bf-fac84aab52f1/print/
Rogers (R-AL-3),BOEING COMPANY,registrant,THE BOEING COMPANY POLITICAL ACTION COMMITTEE,feca,MIKE ROGERS FOR CONGRESS,Rep. Michael Dennis Rogers,2500.00,2023-03-27,2023,mid_year,715c85bb-179b-4ac3-a3bf-fac84aab52f1,https://lda.gov/filings/public/contribution/715c85bb-179b-4ac3-a3bf-fac84aab52f1/print/
Rogers (R-AL-3),BOEING COMPANY,registrant,THE BOEING COMPANY POLITICAL ACTION COMMITTEE,feca,MIKE ROGERS FOR CONGRESS,Rep. Michael Dennis Rogers,1000.00,2023-03-27,2023,mid_year,715c85bb-179b-4ac3-a3bf-fac84aab52f1,https://lda.gov/filings/public/contribution/715c85bb-179b-4ac3-a3bf-fac84aab52f1/print/
Smith (D-WA-9),BOEING COMPANY,registrant,THE BOEING COMPANY POLITICAL ACTION COMMITTEE,feca,ADAM SMITH FOR CONGRESS COMMITTEE,Rep. Adam Smith,5000.00,2023-03-27,2023,mid_year,715c85bb-179b-4ac3-a3bf-fac84aab52f1,https://lda.gov/filings/public/contribution/715c85bb-179b-4ac3-a3bf-fac84aab52f1/print/
Wittman (R-VA-1),BOEING COMPANY,registrant,THE BOEING COMPANY POLITICAL ACTION COMMITTEE,feca,ROB WITTMAN FOR CONGRESS,Rep. Robert Joseph Wittman,5000.00,2023-01-31,2023,mid_year,715c85bb-179b-4ac3-a3bf-fac84aab52f1,https://lda.gov/filings/public/contribution/715c85bb-179b-4ac3-a3bf-fac84aab52f1/print/
Kilmer (D-WA-6),BOEING COMPANY,lobbyist: MICHAEL WACLAWSKI,SELF,feca,DEREK KILMER FOR CONGRESS,Rep. Derek Kilmer,500.00,2023-07-26,2023,year_end,4095da53-4a36-47b9-bd08-d064a1302466,https://lda.gov/filings/public/contribution/4095da53-4a36-47b9-bd08-d064a1302466/print/
Norcross (D-NJ-1),BOEING COMPANY,lobbyist: MICHAEL WACLAWSKI,SELF,feca,DONALD NORCROSS - WORKING FOR NEW JERSEY,Rep. Don Norcross,500.00,2023-09-19,2023,year_end,4095da53-4a36-47b9-bd08-d064a1302466,https://lda.gov/filings/public/contribution/4095da53-4a36-47b9-bd08-d064a1302466/print/
Meeks (D-NY-5),BOEING COMPANY,registrant,THE BOEING COMPANY POLITICAL ACTION COMMITTEE,feca,BUILD AMERICA PAC,Rep. Gregory Weldon Meeks,5000.00,2023-12-08,2023,year_end,36030a22-9c50-492c-b7b3-1c3d193bb10d,https://lda.gov/filings/public/contribution/36030a22-9c50-492c-b7b3-1c3d193bb10d/print/
Kean (R-NJ-7),BOEING COMPANY,registrant,THE BOEING COMPANY POLITICAL ACTION COMMITTEE,feca,KEAN FOR CONGRESS INC,"Rep. Thomas H. Kean, Jr.",1000.00,2023-12-08,2023,year_end,36030a22-9c50-492c-b7b3-1c3d193bb10d,https://lda.gov/filings/public/contribution/36030a22-9c50-492c-b7b3-1c3d193bb10d/print/
Smith (D-WA-9),BOEING COMPANY,registrant,THE BOEING COMPANY POLITICAL ACTION COMMITTEE,feca,ADAM SMITH FOR CONGRESS COMMITTEE,Rep. Adam Smith,1000.00,2023-11-28,2023,year_end,36030a22-9c50-492c-b7b3-1c3d193bb10d,https://lda.gov/filings/public/contribution/36030a22-9c50-492c-b7b3-1c3d193bb10d/print/
Norcross (D-NJ-1),BOEING COMPANY,registrant,THE BOEING COMPANY POLITICAL ACTION COMMITTEE,feca,DONALD NORCROSS FOR CONGRESS,Rep. Donald W. Norcross,1000.00,2023-11-28,2023,year_end,36030a22-9c50-492c-b7b3-1c3d193bb10d,https://lda.gov/filings/public/contribution/36030a22-9c50-492c-b7b3-1c3d193bb10d/print/
Courtney (D-CT-2),BOEING COMPANY,registrant,THE BOEING COMPANY POLITICAL ACTION COMMITTEE,feca,HUSKY PAC,Rep. Joseph D. Courtney,5000.00,2023-11-28,2023,year_end,36030a22-9c50-492c-b7b3-1c3d193bb10d,https://lda.gov/filings/public/contribution/36030a22-9c50-492c-b7b3-1c3d193bb10d/print/
Kelly (R-MS-1),BOEING COMPANY,registrant,THE BOEING COMPANY POLITICAL ACTION COMMITTEE,feca,KELLY FOR CONGRESS,Rep. J. Trent Kelly,3000.00,2023-11-28,2023,year_end,36030a22-9c50-492c-b7b3-1c3d193bb10d,https://lda.gov/filings/public/contribution/36030a22-9c50-492c-b7b3-1c3d193bb10d/print/
Rogers (R-AL-3),BOEING COMPANY,registrant,THE BOEING COMPANY POLITICAL ACTION COMMITTEE,feca,MIKE ROGERS FOR CONGRESS,Rep. Michael Dennis Rogers,2000.00,2023-11-28,2023,year_end,36030a22-9c50-492c-b7b3-1c3d193bb10d,https://lda.gov/filings/public/contribution/36030a22-9c50-492c-b7b3-1c3d193bb10d/print/
McCaul (R-TX-10),BOEING COMPANY,registrant,THE BOEING COMPANY POLITICAL ACTION COMMITTEE,feca,TEXAS REPUBLICANS UNITED POLITICAL ACTION COMMITTEE (TRU PAC),"Rep. Michael Thomas McCaul, Sr.",5000.00,2023-11-28,2023,year_end,36030a22-9c50-492c-b7b3-1c3d193bb10d,https://lda.gov/filings/public/contribution/36030a22-9c50-492c-b7b3-1c3d193bb10d/print/
Meeks (D-NY-5),BOEING COMPANY,registrant,THE BOEING COMPANY POLITICAL ACTION COMMITTEE,feca,FRIENDS FOR GREGORY MEEKS,Rep. Gregory Weldon Meeks,2500.00,2023-10-31,2023,year_end,36030a22-9c50-492c-b7b3-1c3d193bb10d,https://lda.gov/filings/public/contribution/36030a22-9c50-492c-b7b3-1c3d193bb10d/print/
Gallagher (R-WI-8),BOEING COMPANY,registrant,THE BOEING COMPANY POLITICAL ACTION COMMITTEE,feca,MIKE GALLAGHER FOR WISCONSIN,Rep. Michael John Gallagher,1000.00,2023-10-31,2023,year_end,36030a22-9c50-492c-b7b3-1c3d193bb10d,https://lda.gov/filings/public/contribution/36030a22-9c50-492c-b7b3-1c3d193bb10d/print/
Kilmer (D-WA-6),BOEING COMPANY,registrant,THE BOEING COMPANY POLITICAL ACTION COMMITTEE,feca,PEOPLE FOR DEREK KILMER,Rep. Derek Kilmer,1000.00,2023-10-31,2023,year_end,36030a22-9c50-492c-b7b3-1c3d193bb10d,https://lda.gov/filings/public/contribution/36030a22-9c50-492c-b7b3-1c3d193bb10d/print/
Young Kim (R-CA-40),BOEING COMPANY,registrant,THE BOEING COMPANY POLITICAL ACTION COMMITTEE,feca,YOUNG KIM FOR CONGRESS,Rep. Young O. Kim,1500.00,2023-10-31,2023,year_end,36030a22-9c50-492c-b7b3-1c3d193bb10d,https://lda.gov/filings/public/contribution/36030a22-9c50-492c-b7b3-1c3d193bb10d/print/
Smith (D-WA-9),BOEING COMPANY,registrant,THE BOEING COMPANY POLITICAL ACTION COMMITTEE,feca,AMERICAN DEFENSE AND MILITARY PAC (ADAM PAC),Rep. Adam Smith,5000.00,2023-09-25,2023,year_end,36030a22-9c50-492c-b7b3-1c3d193bb10d,https://lda.gov/filings/public/contribution/36030a22-9c50-492c-b7b3-1c3d193bb10d/print/
Rogers (R-AL-3),BOEING COMPANY,registrant,THE BOEING COMPANY POLITICAL ACTION COMMITTEE,feca,AMERICAN SECURITY PAC,Rep. Michael Dennis Rogers,5000.00,2023-09-25,2023,year_end,36030a22-9c50-492c-b7b3-1c3d193bb10d,https://lda.gov/filings/public/contribution/36030a22-9c50-492c-b7b3-1c3d193bb10d/print/
Wittman (R-VA-1),BOEING COMPANY,registrant,THE BOEING COMPANY POLITICAL ACTION COMMITTEE,feca,AMERICA'S FIRST PAC,Rep. Robert Joseph Wittman,2500.00,2023-09-25,2023,year_end,36030a22-9c50-492c-b7b3-1c3d193bb10d,https://lda.gov/filings/public/contribution/36030a22-9c50-492c-b7b3-1c3d193bb10d/print/
Moore (R-UT-1),BOEING COMPANY,registrant,THE BOEING COMPANY POLITICAL ACTION COMMITTEE,feca,BLAKE MOORE FOR CONGRESS,Rep. Blake D. Moore,1000.00,2023-09-25,2023,year_end,36030a22-9c50-492c-b7b3-1c3d193bb10d,https://lda.gov/filings/public/contribution/36030a22-9c50-492c-b7b3-1c3d193bb10d/print/
Norcross (D-NJ-1),BOEING COMPANY,registrant,THE BOEING COMPANY POLITICAL ACTION COMMITTEE,feca,BLUE POWER PAC,Rep. Donald W. Norcross,5000.00,2023-09-25,2023,year_end,36030a22-9c50-492c-b7b3-1c3d193bb10d,https://lda.gov/filings/public/contribution/36030a22-9c50-492c-b7b3-1c3d193bb10d/print/
Courtney (D-CT-2),BOEING COMPANY,registrant,THE BOEING COMPANY POLITICAL ACTION COMMITTEE,feca,COURTNEY FOR CONGRESS,Rep. Joseph D. Courtney,1000.00,2023-09-25,2023,year_end,36030a22-9c50-492c-b7b3-1c3d193bb10d,https://lda.gov/filings/public/contribution/36030a22-9c50-492c-b7b3-1c3d193bb10d/print/
Kean (R-NJ-7),BOEING COMPANY,registrant,THE BOEING COMPANY POLITICAL ACTION COMMITTEE,feca,KEAN FOR CONGRESS INC,"Rep. Thomas H. Kean, Jr.",1000.00,2023-09-25,2023,year_end,36030a22-9c50-492c-b7b3-1c3d193bb10d,https://lda.gov/filings/public/contribution/36030a22-9c50-492c-b7b3-1c3d193bb10d/print/
Waltz (R-FL-6),BOEING COMPANY,registrant,THE BOEING COMPANY POLITICAL ACTION COMMITTEE,feca,MICHAEL WALTZ FOR CONGRESS,Rep. Michael G. Waltz,1500.00,2023-09-25,2023,year_end,36030a22-9c50-492c-b7b3-1c3d193bb10d,https://lda.gov/filings/public/contribution/36030a22-9c50-492c-b7b3-1c3d193bb10d/print/
Gallagher (R-WI-8),BOEING COMPANY,registrant,THE BOEING COMPANY POLITICAL ACTION COMMITTEE,feca,MIKE GALLAGHER FOR WISCONSIN,Rep. Michael John Gallagher,1000.00,2023-09-25,2023,year_end,36030a22-9c50-492c-b7b3-1c3d193bb10d,https://lda.gov/filings/public/contribution/36030a22-9c50-492c-b7b3-1c3d193bb10d/print/
Kilmer (D-WA-6),BOEING COMPANY,registrant,THE BOEING COMPANY POLITICAL ACTION COMMITTEE,feca,PEOPLE FOR DEREK KILMER,Rep. Derek Kilmer,1000.00,2023-09-25,2023,year_end,36030a22-9c50-492c-b7b3-1c3d193bb10d,https://lda.gov/filings/public/contribution/36030a22-9c50-492c-b7b3-1c3d193bb10d/print/
Young Kim (R-CA-40),BOEING COMPANY,registrant,THE BOEING COMPANY POLITICAL ACTION COMMITTEE,feca,YOUNG KIM FOR CONGRESS,Rep. Young O. Kim,1500.00,2023-09-25,2023,year_end,36030a22-9c50-492c-b7b3-1c3d193bb10d,https://lda.gov/filings/public/contribution/36030a22-9c50-492c-b7b3-1c3d193bb10d/print/
Norcross (D-NJ-1),BOEING COMPANY,registrant,THE BOEING COMPANY POLITICAL ACTION COMMITTEE,feca,DONALD NORCROSS FOR CONGRESS,Rep. Donald W. Norcross,1000.00,2023-07-28,2023,year_end,36030a22-9c50-492c-b7b3-1c3d193bb10d,https://lda.gov/filings/public/contribution/36030a22-9c50-492c-b7b3-1c3d193bb10d/print/
Kelly (R-MS-1),BOEING COMPANY,registrant,THE BOEING COMPANY POLITICAL ACTION COMMITTEE,feca,KELLY FOR CONGRESS,Rep. J. Trent Kelly,1000.00,2023-07-28,2023,year_end,36030a22-9c50-492c-b7b3-1c3d193bb10d,https://lda.gov/filings/public/contribution/36030a22-9c50-492c-b7b3-1c3d193bb10d/print/
Gallagher (R-WI-8),BOEING COMPANY,registrant,THE BOEING COMPANY POLITICAL ACTION COMMITTEE,feca,MIKE GALLAGHER FOR WISCONSIN,Rep. Michael John Gallagher,1000.00,2023-07-28,2023,year_end,36030a22-9c50-492c-b7b3-1c3d193bb10d,https://lda.gov/filings/public/contribution/36030a22-9c50-492c-b7b3-1c3d193bb10d/print/
Rogers (R-AL-3),BOEING COMPANY,registrant,THE BOEING COMPANY POLITICAL ACTION COMMITTEE,feca,MIKE ROGERS FOR CONGRESS,Rep. Michael Dennis Rogers,1000.00,2023-07-28,2023,year_end,36030a22-9c50-492c-b7b3-1c3d193bb10d,https://lda.gov/filings/public/contribution/36030a22-9c50-492c-b7b3-1c3d193bb10d/print/
Rogers (R-AL-3),RTX CORPORATION AND AFFILIATES,registrant,EMPLOYEES OF RTX CORPORATION PAC,feca,AMERICAN SECURITY PAC,"Rogers, Mike",2500.00,2024-06-24,2024,mid_year,12af7cf0-4ced-4ad8-8c91-5d5068636cb0,https://lda.gov/filings/public/contribution/12af7cf0-4ced-4ad8-8c91-5d5068636cb0/print/
Courtney (D-CT-2),RTX CORPORATION AND AFFILIATES,registrant,EMPLOYEES OF RTX CORPORATION PAC,feca,COURTNEY FOR CONGRESS,"Courtney, Joe",1000.00,2024-06-24,2024,mid_year,12af7cf0-4ced-4ad8-8c91-5d5068636cb0,https://lda.gov/filings/public/contribution/12af7cf0-4ced-4ad8-8c91-5d5068636cb0/print/
Norcross (D-NJ-1),RTX CORPORATION AND AFFILIATES,registrant,EMPLOYEES OF RTX CORPORATION PAC,feca,DONALD NORCROSS FOR CONGRESS,"Norcross, Donald",1500.00,2024-06-24,2024,mid_year,12af7cf0-4ced-4ad8-8c91-5d5068636cb0,https://lda.gov/filings/public/contribution/12af7cf0-4ced-4ad8-8c91-5d5068636cb0/print/
Norcross (D-NJ-1),RTX CORPORATION AND AFFILIATES,registrant,EMPLOYEES OF RTX CORPORATION PAC,feca,DONALD NORCROSS FOR CONGRESS,"Norcross, Donald",1000.00,2024-05-29,2024,mid_year,12af7cf0-4ced-4ad8-8c91-5d5068636cb0,https://lda.gov/filings/public/contribution/12af7cf0-4ced-4ad8-8c91-5d5068636cb0/print/
Kelly (R-MS-1),RTX CORPORATION AND AFFILIATES,registrant,EMPLOYEES OF RTX CORPORATION PAC,feca,KELLY FOR CONGRESS,"Kelly, Trent",1000.00,2024-05-29,2024,mid_year,12af7cf0-4ced-4ad8-8c91-5d5068636cb0,https://lda.gov/filings/public/contribution/12af7cf0-4ced-4ad8-8c91-5d5068636cb0/print/
Rogers (R-AL-3),RTX CORPORATION AND AFFILIATES,registrant,EMPLOYEES OF RTX CORPORATION PAC,feca,MIKE ROGERS FOR CONGRESS,"Rogers, Mike",1000.00,2024-05-29,2024,mid_year,12af7cf0-4ced-4ad8-8c91-5d5068636cb0,https://lda.gov/filings/public/contribution/12af7cf0-4ced-4ad8-8c91-5d5068636cb0/print/
Rogers (R-AL-3),RTX CORPORATION AND AFFILIATES,registrant,EMPLOYEES OF RTX CORPORATION PAC,feca,MIKE ROGERS FOR CONGRESS,"Rogers, Mike",1000.00,2024-05-29,2024,mid_year,12af7cf0-4ced-4ad8-8c91-5d5068636cb0,https://lda.gov/filings/public/contribution/12af7cf0-4ced-4ad8-8c91-5d5068636cb0/print/
Smith (D-WA-9),RTX CORPORATION AND AFFILIATES,registrant,EMPLOYEES OF RTX CORPORATION PAC,feca,ADAM SMITH FOR CONGRESS COMMITTEE,"Smith, Adam",2500.00,2024-04-29,2024,mid_year,12af7cf0-4ced-4ad8-8c91-5d5068636cb0,https://lda.gov/filings/public/contribution/12af7cf0-4ced-4ad8-8c91-5d5068636cb0/print/
Smith (D-WA-9),RTX CORPORATION AND AFFILIATES,registrant,EMPLOYEES OF RTX CORPORATION PAC,feca,ADAM SMITH FOR CONGRESS COMMITTEE,"Smith, Adam",5000.00,2024-03-21,2024,mid_year,12af7cf0-4ced-4ad8-8c91-5d5068636cb0,https://lda.gov/filings/public/contribution/12af7cf0-4ced-4ad8-8c91-5d5068636cb0/print/
Courtney (D-CT-2),RTX CORPORATION AND AFFILIATES,registrant,EMPLOYEES OF RTX CORPORATION PAC,feca,COURTNEY FOR CONGRESS,"Courtney, Joe",1500.00,2024-03-21,2024,mid_year,12af7cf0-4ced-4ad8-8c91-5d5068636cb0,https://lda.gov/filings/public/contribution/12af7cf0-4ced-4ad8-8c91-5d5068636cb0/print/
Norcross (D-NJ-1),RTX CORPORATION AND AFFILIATES,registrant,EMPLOYEES OF RTX CORPORATION PAC,feca,DONALD NORCROSS FOR CONGRESS,"Norcross, Donald",1000.00,2024-03-21,2024,mid_year,12af7cf0-4ced-4ad8-8c91-5d5068636cb0,https://lda.gov/filings/public/contribution/12af7cf0-4ced-4ad8-8c91-5d5068636cb0/print/
Meeks (D-NY-5),RTX CORPORATION AND AFFILIATES,registrant,EMPLOYEES OF RTX CORPORATION PAC,feca,FRIENDS FOR GREGORY MEEKS,"Meeks, Gregory",1000.00,2024-03-21,2024,mid_year,12af7cf0-4ced-4ad8-8c91-5d5068636cb0,https://lda.gov/filings/public/contribution/12af7cf0-4ced-4ad8-8c91-5d5068636cb0/print/
Waltz (R-FL-6),RTX CORPORATION AND AFFILIATES,registrant,EMPLOYEES OF RTX CORPORATION PAC,feca,MICHAEL WALTZ FOR CONGRESS,"Waltz, Mike",1000.00,2024-03-21,2024,mid_year,12af7cf0-4ced-4ad8-8c91-5d5068636cb0,https://lda.gov/filings/public/contribution/12af7cf0-4ced-4ad8-8c91-5d5068636cb0/print/
Wittman (R-VA-1),RTX CORPORATION AND AFFILIATES,registrant,EMPLOYEES OF RTX CORPORATION PAC,feca,ROB WITTMAN FOR CONGRESS,"Wittman, Rob",3000.00,2024-03-21,2024,mid_year,12af7cf0-4ced-4ad8-8c91-5d5068636cb0,https://lda.gov/filings/public/contribution/12af7cf0-4ced-4ad8-8c91-5d5068636cb0/print/
Kelly (R-MS-1),RTX CORPORATION AND AFFILIATES,registrant,EMPLOYEES OF RTX CORPORATION PAC,feca,KELLY FOR CONGRESS,"Kelly, Trent",1000.00,2024-03-18,2024,mid_year,12af7cf0-4ced-4ad8-8c91-5d5068636cb0,https://lda.gov/filings/public/contribution/12af7cf0-4ced-4ad8-8c91-5d5068636cb0/print/
Waltz (R-FL-6),RTX CORPORATION AND AFFILIATES,registrant,EMPLOYEES OF RTX CORPORATION PAC,feca,MICHAEL WALTZ FOR CONGRESS,"Waltz, Mike",1500.00,2024-03-18,2024,mid_year,12af7cf0-4ced-4ad8-8c91-5d5068636cb0,https://lda.gov/filings/public/contribution/12af7cf0-4ced-4ad8-8c91-5d5068636cb0/print/
Norcross (D-NJ-1),RTX CORPORATION AND AFFILIATES,registrant,EMPLOYEES OF RTX CORPORATION PAC,feca,DONALD NORCROSS FOR CONGRESS,"Norcross, Donald",500.00,2024-02-21,2024,mid_year,12af7cf0-4ced-4ad8-8c91-5d5068636cb0,https://lda.gov/filings/public/contribution/12af7cf0-4ced-4ad8-8c91-5d5068636cb0/print/
Norcross (D-NJ-1),RTX CORPORATION AND AFFILIATES,registrant,EMPLOYEES OF RTX CORPORATION PAC,feca,DONALD NORCROSS FOR CONGRESS,"Norcross, Donald",500.00,2024-02-21,2024,mid_year,12af7cf0-4ced-4ad8-8c91-5d5068636cb0,https://lda.gov/filings/public/contribution/12af7cf0-4ced-4ad8-8c91-5d5068636cb0/print/
Kelly (R-MS-1),RTX CORPORATION AND AFFILIATES,registrant,EMPLOYEES OF RTX CORPORATION PAC,feca,KELLY FOR CONGRESS,"Kelly, Trent",1000.00,2024-02-21,2024,mid_year,12af7cf0-4ced-4ad8-8c91-5d5068636cb0,https://lda.gov/filings/public/contribution/12af7cf0-4ced-4ad8-8c91-5d5068636cb0/print/
McCaul (R-TX-10),RTX CORPORATION AND AFFILIATES,registrant,EMPLOYEES OF RTX CORPORATION PAC,feca,"MCCAUL FOR CONGRESS, INC","McCaul, Michael",3000.00,2024-02-21,2024,mid_year,12af7cf0-4ced-4ad8-8c91-5d5068636cb0,https://lda.gov/filings/public/contribution/12af7cf0-4ced-4ad8-8c91-5d5068636cb0/print/
Wittman (R-VA-1),RTX CORPORATION AND AFFILIATES,registrant,EMPLOYEES OF RTX CORPORATION PAC,feca,ROB WITTMAN FOR CONGRESS,"Wittman, Rob",2000.00,2024-02-21,2024,mid_year,12af7cf0-4ced-4ad8-8c91-5d5068636cb0,https://lda.gov/filings/public/contribution/12af7cf0-4ced-4ad8-8c91-5d5068636cb0/print/
Wittman (R-VA-1),RTX CORPORATION AND AFFILIATES,registrant,EMPLOYEES OF RTX CORPORATION PAC,feca,ROB WITTMAN FOR CONGRESS,"Wittman, Rob",2000.00,2024-02-21,2024,mid_year,12af7cf0-4ced-4ad8-8c91-5d5068636cb0,https://lda.gov/filings/public/contribution/12af7cf0-4ced-4ad8-8c91-5d5068636cb0/print/
Young Kim (R-CA-40),RTX CORPORATION AND AFFILIATES,registrant,EMPLOYEES OF RTX CORPORATION PAC,feca,YOUNG KIM FOR CONGRESS,"Kim, Young",1500.00,2024-02-13,2024,mid_year,12af7cf0-4ced-4ad8-8c91-5d5068636cb0,https://lda.gov/filings/public/contribution/12af7cf0-4ced-4ad8-8c91-5d5068636cb0/print/
Kilmer (D-WA-6),RTX CORPORATION AND AFFILIATES,registrant,EMPLOYEES OF RTX CORPORATION PAC,feca,PEOPLE FOR DEREK KILMER,"Kilmer, Derek",-1000.00,2024-01-24,2024,mid_year,12af7cf0-4ced-4ad8-8c91-5d5068636cb0,https://lda.gov/filings/public/contribution/12af7cf0-4ced-4ad8-8c91-5d5068636cb0/print/
Courtney (D-CT-2),RTX CORPORATION AND AFFILIATES,registrant,EMPLOYEES OF RTX CORPORATION PAC,feca,COURTNEY FOR CONGRESS,"Courtney, Joe",2000.00,2024-08-14,2024,year_end,e3d7ade4-782c-4cb8-86ef-b3c254dd0826,https://lda.gov/filings/public/contribution/e3d7ade4-782c-4cb8-86ef-b3c254dd0826/print/
Courtney (D-CT-2),RTX CORPORATION AND AFFILIATES,registrant,EMPLOYEES OF RTX CORPORATION PAC,feca,HUSKY PAC,"Courtney, Joe",5000.00,2024-08-14,2024,year_end,e3d7ade4-782c-4cb8-86ef-b3c254dd0826,https://lda.gov/filings/public/contribution/e3d7ade4-782c-4cb8-86ef-b3c254dd0826/print/
Kean (R-NJ-7),RTX CORPORATION AND AFFILIATES,registrant,EMPLOYEES OF RTX CORPORATION PAC,feca,KEAN FOR CONGRESS INC,"Kean, Tom",1000.00,2024-08-14,2024,year_end,e3d7ade4-782c-4cb8-86ef-b3c254dd0826,https://lda.gov/filings/public/contribution/e3d7ade4-782c-4cb8-86ef-b3c254dd0826/print/
Kelly (R-MS-1),RTX CORPORATION AND AFFILIATES,registrant,EMPLOYEES OF RTX CORPORATION PAC,feca,KELLY FOR CONGRESS,"Kelly, Trent",1000.00,2024-08-14,2024,year_end,e3d7ade4-782c-4cb8-86ef-b3c254dd0826,https://lda.gov/filings/public/contribution/e3d7ade4-782c-4cb8-86ef-b3c254dd0826/print/
Waltz (R-FL-6),RTX CORPORATION AND AFFILIATES,registrant,EMPLOYEES OF RTX CORPORATION PAC,feca,MICHAEL WALTZ FOR CONGRESS,"Waltz, Mike",1500.00,2024-08-14,2024,year_end,e3d7ade4-782c-4cb8-86ef-b3c254dd0826,https://lda.gov/filings/public/contribution/e3d7ade4-782c-4cb8-86ef-b3c254dd0826/print/
Rogers (R-AL-3),RTX CORPORATION AND AFFILIATES,registrant,EMPLOYEES OF RTX CORPORATION PAC,feca,MIKE ROGERS FOR CONGRESS,"Rogers, Mike",1500.00,2024-08-14,2024,year_end,e3d7ade4-782c-4cb8-86ef-b3c254dd0826,https://lda.gov/filings/public/contribution/e3d7ade4-782c-4cb8-86ef-b3c254dd0826/print/
Young Kim (R-CA-40),RTX CORPORATION AND AFFILIATES,registrant,EMPLOYEES OF RTX CORPORATION PAC,feca,YOUNG KIM FOR CONGRESS,"Kim, Young",1000.00,2024-08-14,2024,year_end,e3d7ade4-782c-4cb8-86ef-b3c254dd0826,https://lda.gov/filings/public/contribution/e3d7ade4-782c-4cb8-86ef-b3c254dd0826/print/
Smith (D-WA-9),RTX CORPORATION AND AFFILIATES,registrant,EMPLOYEES OF RTX CORPORATION PAC,feca,AMERICAN DEFENSE AND MILITARY PAC (ADAM PAC),"Smith, Adam",5000.00,2024-09-19,2024,year_end,e3d7ade4-782c-4cb8-86ef-b3c254dd0826,https://lda.gov/filings/public/contribution/e3d7ade4-782c-4cb8-86ef-b3c254dd0826/print/
Wittman (R-VA-1),RTX CORPORATION AND AFFILIATES,registrant,EMPLOYEES OF RTX CORPORATION PAC,feca,AMERICA'S FIRST PAC,"Wittman, Rob",5000.00,2024-09-19,2024,year_end,e3d7ade4-782c-4cb8-86ef-b3c254dd0826,https://lda.gov/filings/public/contribution/e3d7ade4-782c-4cb8-86ef-b3c254dd0826/print/
Norcross (D-NJ-1),RTX CORPORATION AND AFFILIATES,registrant,EMPLOYEES OF RTX CORPORATION PAC,feca,DONALD NORCROSS FOR CONGRESS,"Norcross, Donald",1000.00,2024-09-19,2024,year_end,e3d7ade4-782c-4cb8-86ef-b3c254dd0826,https://lda.gov/filings/public/contribution/e3d7ade4-782c-4cb8-86ef-b3c254dd0826/print/
McCaul (R-TX-10),RTX CORPORATION AND AFFILIATES,registrant,EMPLOYEES OF RTX CORPORATION PAC,feca,"MCCAUL FOR CONGRESS, INC","McCaul, Michael",1000.00,2024-09-19,2024,year_end,e3d7ade4-782c-4cb8-86ef-b3c254dd0826,https://lda.gov/filings/public/contribution/e3d7ade4-782c-4cb8-86ef-b3c254dd0826/print/
Courtney (D-CT-2),RTX CORPORATION AND AFFILIATES,registrant,EMPLOYEES OF RTX CORPORATION PAC,feca,HUSKY PAC,"Courtney, Joe",-5000.00,2024-10-01,2024,year_end,e3d7ade4-782c-4cb8-86ef-b3c254dd0826,https://lda.gov/filings/public/contribution/e3d7ade4-782c-4cb8-86ef-b3c254dd0826/print/
Rogers (R-AL-3),RTX CORPORATION AND AFFILIATES,registrant,EMPLOYEES OF RTX CORPORATION PAC,feca,AMERICAN SECURITY PAC,"Rogers, Mike",2500.00,2024-10-17,2024,year_end,e3d7ade4-782c-4cb8-86ef-b3c254dd0826,https://lda.gov/filings/public/contribution/e3d7ade4-782c-4cb8-86ef-b3c254dd0826/print/
McCaul (R-TX-10),RTX CORPORATION AND AFFILIATES,registrant,EMPLOYEES OF RTX CORPORATION PAC,feca,"MCCAUL FOR CONGRESS, INC","McCaul, Michael",1500.00,2024-10-17,2024,year_end,e3d7ade4-782c-4cb8-86ef-b3c254dd0826,https://lda.gov/filings/public/contribution/e3d7ade4-782c-4cb8-86ef-b3c254dd0826/print/
Rogers (R-AL-3),RTX CORPORATION AND AFFILIATES,registrant,EMPLOYEES OF RTX CORPORATION PAC,feca,MIKE ROGERS FOR CONGRESS,"Rogers, Mike",1500.00,2024-10-17,2024,year_end,e3d7ade4-782c-4cb8-86ef-b3c254dd0826,https://lda.gov/filings/public/contribution/e3d7ade4-782c-4cb8-86ef-b3c254dd0826/print/
Smith (D-WA-9),RTX CORPORATION AND AFFILIATES,registrant,EMPLOYEES OF RTX CORPORATION PAC,feca,ADAM SMITH FOR CONGRESS COMMITTEE,"Smith, Adam",2500.00,2024-10-25,2024,year_end,e3d7ade4-782c-4cb8-86ef-b3c254dd0826,https://lda.gov/filings/public/contribution/e3d7ade4-782c-4cb8-86ef-b3c254dd0826/print/
Norcross (D-NJ-1),RTX CORPORATION AND AFFILIATES,registrant,EMPLOYEES OF RTX CORPORATION PAC,feca,BLUE POWER PAC,"Norcross, Donald",5000.00,2024-10-25,2024,year_end,e3d7ade4-782c-4cb8-86ef-b3c254dd0826,https://lda.gov/filings/public/contribution/e3d7ade4-782c-4cb8-86ef-b3c254dd0826/print/
Courtney (D-CT-2),RTX CORPORATION AND AFFILIATES,registrant,EMPLOYEES OF RTX CORPORATION PAC,feca,COURTNEY FOR CONGRESS,"Courtney, Joe",3000.00,2024-10-25,2024,year_end,e3d7ade4-782c-4cb8-86ef-b3c254dd0826,https://lda.gov/filings/public/contribution/e3d7ade4-782c-4cb8-86ef-b3c254dd0826/print/
Meeks (D-NY-5),RTX CORPORATION AND AFFILIATES,registrant,EMPLOYEES OF RTX CORPORATION PAC,feca,FRIENDS FOR GREGORY MEEKS,"Meeks, Gregory",2000.00,2024-10-25,2024,year_end,e3d7ade4-782c-4cb8-86ef-b3c254dd0826,https://lda.gov/filings/public/contribution/e3d7ade4-782c-4cb8-86ef-b3c254dd0826/print/
Courtney (D-CT-2),RTX CORPORATION AND AFFILIATES,registrant,EMPLOYEES OF RTX CORPORATION PAC,feca,HUSKY PAC,"Courtney, Joe",5000.00,2024-10-25,2024,year_end,e3d7ade4-782c-4cb8-86ef-b3c254dd0826,https://lda.gov/filings/public/contribution/e3d7ade4-782c-4cb8-86ef-b3c254dd0826/print/
Courtney (D-CT-2),RTX CORPORATION AND AFFILIATES,registrant,EMPLOYEES OF RTX CORPORATION PAC,feca,HUSKY PAC,"Courtney, Joe",-5000.00,2024-12-03,2024,year_end,e3d7ade4-782c-4cb8-86ef-b3c254dd0826,https://lda.gov/filings/public/contribution/e3d7ade4-782c-4cb8-86ef-b3c254dd0826/print/
Rogers (R-AL-3),RTX CORPORATION AND AFFILIATES,lobbyist: JEFF SHOCKEY,SELF,feca,MIKE ROGERS FOR CONGRESS,Representative Mike Rogers,1000.00,2023-05-24,2023,mid_year,634267eb-ea19-4f9d-8eb1-63be78dc8cba,https://lda.gov/filings/public/contribution/634267eb-ea19-4f9d-8eb1-63be78dc8cba/print/
Gallagher (R-WI-8),RTX CORPORATION AND AFFILIATES,registrant,EMPLOYEES OF RAYTHEON TECHNOLOGIES CORPORATION PAC,feca,MIKE GALLAGHER FOR WISCONSIN,"Gallagher, Mike",1000.00,2023-05-22,2023,mid_year,3f88e4bb-c705-492b-8429-79f3168a6288,https://lda.gov/filings/public/contribution/3f88e4bb-c705-492b-8429-79f3168a6288/print/
Kelly (R-MS-1),RTX CORPORATION AND AFFILIATES,registrant,EMPLOYEES OF RAYTHEON TECHNOLOGIES CORPORATION PAC,feca,KELLY FOR CONGRESS,"Kelly, Trent",1000.00,2023-04-25,2023,mid_year,3f88e4bb-c705-492b-8429-79f3168a6288,https://lda.gov/filings/public/contribution/3f88e4bb-c705-492b-8429-79f3168a6288/print/
McCaul (R-TX-10),RTX CORPORATION AND AFFILIATES,registrant,EMPLOYEES OF RAYTHEON TECHNOLOGIES CORPORATION PAC,feca,"MCCAUL FOR CONGRESS, INC","McCaul, Michael",1000.00,2023-05-18,2023,mid_year,3f88e4bb-c705-492b-8429-79f3168a6288,https://lda.gov/filings/public/contribution/3f88e4bb-c705-492b-8429-79f3168a6288/print/
Wittman (R-VA-1),RTX CORPORATION AND AFFILIATES,registrant,EMPLOYEES OF RAYTHEON TECHNOLOGIES CORPORATION PAC,feca,ROB WITTMAN FOR CONGRESS,"Wittman, Rob",1000.00,2023-05-18,2023,mid_year,3f88e4bb-c705-492b-8429-79f3168a6288,https://lda.gov/filings/public/contribution/3f88e4bb-c705-492b-8429-79f3168a6288/print/
Norcross (D-NJ-1),RTX CORPORATION AND AFFILIATES,registrant,EMPLOYEES OF RAYTHEON TECHNOLOGIES CORPORATION PAC,feca,DONALD NORCROSS FOR CONGRESS,"Norcross, Donald",1000.00,2023-06-26,2023,mid_year,3f88e4bb-c705-492b-8429-79f3168a6288,https://lda.gov/filings/public/contribution/3f88e4bb-c705-492b-8429-79f3168a6288/print/
Meeks (D-NY-5),RTX CORPORATION AND AFFILIATES,registrant,EMPLOYEES OF RAYTHEON TECHNOLOGIES CORPORATION PAC,feca,FRIENDS FOR GREGORY MEEKS,"Meeks, Gregory",2500.00,2023-06-13,2023,mid_year,3f88e4bb-c705-492b-8429-79f3168a6288,https://lda.gov/filings/public/contribution/3f88e4bb-c705-492b-8429-79f3168a6288/print/
Kelly (R-MS-1),RTX CORPORATION AND AFFILIATES,registrant,EMPLOYEES OF RAYTHEON TECHNOLOGIES CORPORATION PAC,feca,KELLY FOR CONGRESS,"Kelly, Trent",1000.00,2023-06-13,2023,mid_year,3f88e4bb-c705-492b-8429-79f3168a6288,https://lda.gov/filings/public/contribution/3f88e4bb-c705-492b-8429-79f3168a6288/print/
Waltz (R-FL-6),RTX CORPORATION AND AFFILIATES,registrant,EMPLOYEES OF RAYTHEON TECHNOLOGIES CORPORATION PAC,feca,MICHAEL WALTZ FOR CONGRESS,"Waltz, Mike",1500.00,2023-06-13,2023,mid_year,3f88e4bb-c705-492b-8429-79f3168a6288,https://lda.gov/filings/public/contribution/3f88e4bb-c705-492b-8429-79f3168a6288/print/
Young Kim (R-CA-40),RTX CORPORATION AND AFFILIATES,registrant,EMPLOYEES OF RAYTHEON TECHNOLOGIES CORPORATION PAC,feca,YOUNG KIM FOR CONGRESS,"Kim, Young",1500.00,2023-06-13,2023,mid_year,3f88e4bb-c705-492b-8429-79f3168a6288,https://lda.gov/filings/public/contribution/3f88e4bb-c705-492b-8429-79f3168a6288/print/
Gallagher (R-WI-8),RTX CORPORATION AND AFFILIATES,registrant,EMPLOYEES OF RAYTHEON TECHNOLOGIES CORPORATION PAC,feca,MIKE GALLAGHER FOR WISCONSIN,"Gallagher, Mike",1000.00,2023-05-31,2023,mid_year,3f88e4bb-c705-492b-8429-79f3168a6288,https://lda.gov/filings/public/contribution/3f88e4bb-c705-492b-8429-79f3168a6288/print/
Kilmer (D-WA-6),RTX CORPORATION AND AFFILIATES,registrant,EMPLOYEES OF RAYTHEON TECHNOLOGIES CORPORATION PAC,feca,PEOPLE FOR DEREK KILMER,"Kilmer, Derek",1000.00,2023-05-22,2023,mid_year,3f88e4bb-c705-492b-8429-79f3168a6288,https://lda.gov/filings/public/contribution/3f88e4bb-c705-492b-8429-79f3168a6288/print/
Rogers (R-AL-3),RTX CORPORATION AND AFFILIATES,registrant,EMPLOYEES OF RAYTHEON TECHNOLOGIES CORPORATION PAC,feca,MIKE ROGERS FOR CONGRESS,"Rogers, Mike",1000.00,2023-05-22,2023,mid_year,3f88e4bb-c705-492b-8429-79f3168a6288,https://lda.gov/filings/public/contribution/3f88e4bb-c705-492b-8429-79f3168a6288/print/
Wittman (R-VA-1),RTX CORPORATION AND AFFILIATES,registrant,EMPLOYEES OF RAYTHEON TECHNOLOGIES CORPORATION PAC,feca,ROB WITTMAN FOR CONGRESS,"Wittman, Rob",1000.00,2023-04-13,2023,mid_year,3f88e4bb-c705-492b-8429-79f3168a6288,https://lda.gov/filings/public/contribution/3f88e4bb-c705-492b-8429-79f3168a6288/print/
Kilmer (D-WA-6),RTX CORPORATION AND AFFILIATES,registrant,EMPLOYEES OF RAYTHEON TECHNOLOGIES CORPORATION PAC,feca,PEOPLE FOR DEREK KILMER,"Kilmer, Derek",1000.00,2023-03-22,2023,mid_year,3f88e4bb-c705-492b-8429-79f3168a6288,https://lda.gov/filings/public/contribution/3f88e4bb-c705-492b-8429-79f3168a6288/print/
Norcross (D-NJ-1),RTX CORPORATION AND AFFILIATES,registrant,EMPLOYEES OF RAYTHEON TECHNOLOGIES CORPORATION PAC,feca,DONALD NORCROSS FOR CONGRESS,"Norcross, Donald",2500.00,2023-03-22,2023,mid_year,3f88e4bb-c705-492b-8429-79f3168a6288,https://lda.gov/filings/public/contribution/3f88e4bb-c705-492b-8429-79f3168a6288/print/
Kelly (R-MS-1),RTX CORPORATION AND AFFILIATES,registrant,EMPLOYEES OF RAYTHEON TECHNOLOGIES CORPORATION PAC,feca,KELLY FOR CONGRESS,"Kelly, Trent",1000.00,2023-03-22,2023,mid_year,3f88e4bb-c705-492b-8429-79f3168a6288,https://lda.gov/filings/public/contribution/3f88e4bb-c705-492b-8429-79f3168a6288/print/
Waltz (R-FL-6),RTX CORPORATION AND AFFILIATES,registrant,EMPLOYEES OF RAYTHEON TECHNOLOGIES CORPORATION PAC,feca,MICHAEL WALTZ FOR CONGRESS,"Waltz, Mike",1000.00,2023-03-22,2023,mid_year,3f88e4bb-c705-492b-8429-79f3168a6288,https://lda.gov/filings/public/contribution/3f88e4bb-c705-492b-8429-79f3168a6288/print/
Courtney (D-CT-2),RTX CORPORATION AND AFFILIATES,registrant,EMPLOYEES OF RAYTHEON TECHNOLOGIES CORPORATION PAC,feca,COURTNEY FOR CONGRESS,"Courtney, Joe",1000.00,2023-03-22,2023,mid_year,3f88e4bb-c705-492b-8429-79f3168a6288,https://lda.gov/filings/public/contribution/3f88e4bb-c705-492b-8429-79f3168a6288/print/
Wittman (R-VA-1),RTX CORPORATION AND AFFILIATES,registrant,EMPLOYEES OF RAYTHEON TECHNOLOGIES CORPORATION PAC,feca,ROB WITTMAN FOR CONGRESS,"Wittman, Rob",1000.00,2023-03-22,2023,mid_year,3f88e4bb-c705-492b-8429-79f3168a6288,https://lda.gov/filings/public/contribution/3f88e4bb-c705-492b-8429-79f3168a6288/print/
Rogers (R-AL-3),RTX CORPORATION AND AFFILIATES,registrant,EMPLOYEES OF RAYTHEON TECHNOLOGIES CORPORATION PAC,feca,MIKE ROGERS FOR CONGRESS,"Rogers, Mike",1500.00,2023-03-09,2023,mid_year,3f88e4bb-c705-492b-8429-79f3168a6288,https://lda.gov/filings/public/contribution/3f88e4bb-c705-492b-8429-79f3168a6288/print/
Waltz (R-FL-6),RTX CORPORATION AND AFFILIATES,registrant,EMPLOYEES OF RAYTHEON TECHNOLOGIES CORPORATION PAC,feca,MICHAEL WALTZ FOR CONGRESS,"Waltz, Mike",1000.00,2023-02-27,2023,mid_year,3f88e4bb-c705-492b-8429-79f3168a6288,https://lda.gov/filings/public/contribution/3f88e4bb-c705-492b-8429-79f3168a6288/print/
Young Kim (R-CA-40),RTX CORPORATION AND AFFILIATES,registrant,EMPLOYEES OF RAYTHEON TECHNOLOGIES CORPORATION PAC,feca,YOUNG KIM FOR CONGRESS,"Kim, Young",1000.00,2023-02-27,2023,mid_year,3f88e4bb-c705-492b-8429-79f3168a6288,https://lda.gov/filings/public/contribution/3f88e4bb-c705-492b-8429-79f3168a6288/print/
Kilmer (D-WA-6),RTX CORPORATION AND AFFILIATES,registrant,EMPLOYEES OF RAYTHEON TECHNOLOGIES CORPORATION PAC,feca,"DEFENSE, ECONOMIC RENEWAL, EDUCATION AND KNOWLEDGE PAC","Kilmer, Derek",2500.00,2023-02-27,2023,mid_year,3f88e4bb-c705-492b-8429-79f3168a6288,https://lda.gov/filings/public/contribution/3f88e4bb-c705-492b-8429-79f3168a6288/print/
Rogers (R-AL-3),RTX CORPORATION AND AFFILIATES,registrant,EMPLOYEES OF RAYTHEON TECHNOLOGIES CORPORATION PAC,feca,MIKE ROGERS FOR CONGRESS,"Rogers, Mike",1000.00,2023-02-21,2023,mid_year,3f88e4bb-c705-492b-8429-79f3168a6288,https://lda.gov/filings/public/contribution/3f88e4bb-c705-492b-8429-79f3168a6288/print/
McCaul (R-TX-10),RTX CORPORATION AND AFFILIATES,registrant,EMPLOYEES OF RAYTHEON TECHNOLOGIES CORPORATION PAC,feca,"MCCAUL FOR CONGRESS, INC","McCaul, Michael",1000.00,2023-02-21,2023,mid_year,3f88e4bb-c705-492b-8429-79f3168a6288,https://lda.gov/filings/public/contribution/3f88e4bb-c705-492b-8429-79f3168a6288/print/
Rogers (R-AL-3),RTX CORPORATION AND AFFILIATES,lobbyist: JEFF SHOCKEY,SELF,feca,MIKE ROGERS FOR CONGRESS,Representative Mike Rogers,1000.00,2023-05-24,2023,mid_year,65006779-a4f3-4940-badb-547e73c77468,https://lda.gov/filings/public/contribution/65006779-a4f3-4940-badb-547e73c77468/print/
Rogers (R-AL-3),RTX CORPORATION AND AFFILIATES,lobbyist: JEFF SHOCKEY,SELF,feca,MIKE ROGERS FOR CONGRESS,Rep. Mike Rogers,500.00,2023-12-12,2023,year_end,5fcc67dc-ce6b-4ffa-b352-036c8b9b5810,https://lda.gov/filings/public/contribution/5fcc67dc-ce6b-4ffa-b352-036c8b9b5810/print/
Smith (D-WA-9),RTX CORPORATION AND AFFILIATES,registrant,EMPLOYEES OF RTX CORPORATION PAC,feca,AMERICAN DEFENSE AND MILITARY PAC (ADAM PAC),"Smith, Adam",2500.00,2023-12-19,2023,year_end,894aff23-6479-455c-bc08-b1e7f5875634,https://lda.gov/filings/public/contribution/894aff23-6479-455c-bc08-b1e7f5875634/print/
Norcross (D-NJ-1),RTX CORPORATION AND AFFILIATES,registrant,EMPLOYEES OF RTX CORPORATION PAC,feca,BLUE POWER PAC,"Norcross, Donald",5000.00,2023-12-19,2023,year_end,894aff23-6479-455c-bc08-b1e7f5875634,https://lda.gov/filings/public/contribution/894aff23-6479-455c-bc08-b1e7f5875634/print/
McCaul (R-TX-10),RTX CORPORATION AND AFFILIATES,registrant,EMPLOYEES OF RTX CORPORATION PAC,feca,TEXAS REPUBLICANS UNITED POLITICAL ACTION COMMITTEE (TRU PAC),"McCaul, Michael",5000.00,2023-12-19,2023,year_end,894aff23-6479-455c-bc08-b1e7f5875634,https://lda.gov/filings/public/contribution/894aff23-6479-455c-bc08-b1e7f5875634/print/
Rogers (R-AL-3),RTX CORPORATION AND AFFILIATES,registrant,EMPLOYEES OF RTX CORPORATION PAC,feca,AMERICAN SECURITY PAC,"Rogers, Mike",5000.00,2023-12-19,2023,year_end,894aff23-6479-455c-bc08-b1e7f5875634,https://lda.gov/filings/public/contribution/894aff23-6479-455c-bc08-b1e7f5875634/print/
Kean (R-NJ-7),RTX CORPORATION AND AFFILIATES,registrant,EMPLOYEES OF RTX CORPORATION PAC,feca,KEAN FOR CONGRESS INC,"Kean, Tom",1000.00,2023-12-12,2023,year_end,894aff23-6479-455c-bc08-b1e7f5875634,https://lda.gov/filings/public/contribution/894aff23-6479-455c-bc08-b1e7f5875634/print/
Moore (R-UT-1),RTX CORPORATION AND AFFILIATES,registrant,EMPLOYEES OF RTX CORPORATION PAC,feca,BLAKE MOORE FOR CONGRESS,"Moore, Blake",1000.00,2023-12-12,2023,year_end,894aff23-6479-455c-bc08-b1e7f5875634,https://lda.gov/filings/public/contribution/894aff23-6479-455c-bc08-b1e7f5875634/print/
Smith (D-WA-9),RTX CORPORATION AND AFFILIATES,registrant,EMPLOYEES OF RTX CORPORATION PAC,feca,AMERICAN DEFENSE AND MILITARY PAC (ADAM PAC),"Smith, Adam",2500.00,2023-11-20,2023,year_end,894aff23-6479-455c-bc08-b1e7f5875634,https://lda.gov/filings/public/contribution/894aff23-6479-455c-bc08-b1e7f5875634/print/
Courtney (D-CT-2),RTX CORPORATION AND AFFILIATES,registrant,EMPLOYEES OF RTX CORPORATION PAC,feca,HUSKY PAC,"Courtney, Joe",5000.00,2023-11-20,2023,year_end,894aff23-6479-455c-bc08-b1e7f5875634,https://lda.gov/filings/public/contribution/894aff23-6479-455c-bc08-b1e7f5875634/print/
Kelly (R-MS-1),RTX CORPORATION AND AFFILIATES,registrant,EMPLOYEES OF RTX CORPORATION PAC,feca,KELLY FOR CONGRESS,"Kelly, Trent",1000.00,2023-11-20,2023,year_end,894aff23-6479-455c-bc08-b1e7f5875634,https://lda.gov/filings/public/contribution/894aff23-6479-455c-bc08-b1e7f5875634/print/
Meeks (D-NY-5),RTX CORPORATION AND AFFILIATES,registrant,EMPLOYEES OF RTX CORPORATION PAC,feca,FRIENDS FOR GREGORY MEEKS,"Meeks, Gregory",2000.00,2023-11-20,2023,year_end,894aff23-6479-455c-bc08-b1e7f5875634,https://lda.gov/filings/public/contribution/894aff23-6479-455c-bc08-b1e7f5875634/print/
Kilmer (D-WA-6),RTX CORPORATION AND AFFILIATES,registrant,EMPLOYEES OF RTX CORPORATION PAC,feca,PEOPLE FOR DEREK KILMER,"Kilmer, Derek",1000.00,2023-10-24,2023,year_end,894aff23-6479-455c-bc08-b1e7f5875634,https://lda.gov/filings/public/contribution/894aff23-6479-455c-bc08-b1e7f5875634/print/
Meeks (D-NY-5),RTX CORPORATION AND AFFILIATES,registrant,EMPLOYEES OF RTX CORPORATION PAC,feca,FRIENDS FOR GREGORY MEEKS,"Meeks, Gregory",2500.00,2023-10-19,2023,year_end,894aff23-6479-455c-bc08-b1e7f5875634,https://lda.gov/filings/public/contribution/894aff23-6479-455c-bc08-b1e7f5875634/print/
Gallagher (R-WI-8),RTX CORPORATION AND AFFILIATES,registrant,EMPLOYEES OF RTX CORPORATION PAC,feca,MIKE GALLAGHER FOR WISCONSIN,"Gallagher, Mike",1000.00,2023-09-26,2023,year_end,894aff23-6479-455c-bc08-b1e7f5875634,https://lda.gov/filings/public/contribution/894aff23-6479-455c-bc08-b1e7f5875634/print/
Kelly (R-MS-1),RTX CORPORATION AND AFFILIATES,registrant,EMPLOYEES OF RTX CORPORATION PAC,feca,KELLY FOR CONGRESS,"Kelly, Trent",1000.00,2023-09-26,2023,year_end,894aff23-6479-455c-bc08-b1e7f5875634,https://lda.gov/filings/public/contribution/894aff23-6479-455c-bc08-b1e7f5875634/print/
Norcross (D-NJ-1),RTX CORPORATION AND AFFILIATES,registrant,EMPLOYEES OF RTX CORPORATION PAC,feca,DONALD NORCROSS FOR CONGRESS,"Norcross, Donald",1000.00,2023-09-26,2023,year_end,894aff23-6479-455c-bc08-b1e7f5875634,https://lda.gov/filings/public/contribution/894aff23-6479-455c-bc08-b1e7f5875634/print/
Kilmer (D-WA-6),RTX CORPORATION AND AFFILIATES,registrant,EMPLOYEES OF RTX CORPORATION PAC,feca,PEOPLE FOR DEREK KILMER,"Kilmer, Derek",1000.00,2023-09-26,2023,year_end,894aff23-6479-455c-bc08-b1e7f5875634,https://lda.gov/filings/public/contribution/894aff23-6479-455c-bc08-b1e7f5875634/print/
Young Kim (R-CA-40),RTX CORPORATION AND AFFILIATES,registrant,EMPLOYEES OF RTX CORPORATION PAC,feca,YOUNG KIM FOR CONGRESS,"Kim, Young",1500.00,2023-09-18,2023,year_end,894aff23-6479-455c-bc08-b1e7f5875634,https://lda.gov/filings/public/contribution/894aff23-6479-455c-bc08-b1e7f5875634/print/
Waltz (R-FL-6),RTX CORPORATION AND AFFILIATES,registrant,EMPLOYEES OF RTX CORPORATION PAC,feca,MICHAEL WALTZ FOR CONGRESS,"Waltz, Mike",1500.00,2023-09-18,2023,year_end,894aff23-6479-455c-bc08-b1e7f5875634,https://lda.gov/filings/public/contribution/894aff23-6479-455c-bc08-b1e7f5875634/print/
Young Kim (R-CA-40),RTX CORPORATION AND AFFILIATES,registrant,EMPLOYEES OF RTX CORPORATION PAC,feca,YOUNG KIM FOR CONGRESS,"Kim, Young",-1500.00,2023-09-14,2023,year_end,894aff23-6479-455c-bc08-b1e7f5875634,https://lda.gov/filings/public/contribution/894aff23-6479-455c-bc08-b1e7f5875634/print/
Waltz (R-FL-6),RTX CORPORATION AND AFFILIATES,registrant,EMPLOYEES OF RTX CORPORATION PAC,feca,MICHAEL WALTZ FOR CONGRESS,"Waltz, Mike",-1500.00,2023-09-14,2023,year_end,894aff23-6479-455c-bc08-b1e7f5875634,https://lda.gov/filings/public/contribution/894aff23-6479-455c-bc08-b1e7f5875634/print/
Waltz (R-FL-6),RTX CORPORATION AND AFFILIATES,registrant,EMPLOYEES OF RTX CORPORATION PAC,feca,MICHAEL WALTZ FOR CONGRESS,"Waltz, Mike",1000.00,2023-08-03,2023,year_end,894aff23-6479-455c-bc08-b1e7f5875634,https://lda.gov/filings/public/contribution/894aff23-6479-455c-bc08-b1e7f5875634/print/
Waltz (R-FL-6),RTX CORPORATION AND AFFILIATES,registrant,EMPLOYEES OF RTX CORPORATION PAC,feca,MICHAEL WALTZ FOR CONGRESS,"Waltz, Mike",1500.00,2023-08-03,2023,year_end,894aff23-6479-455c-bc08-b1e7f5875634,https://lda.gov/filings/public/contribution/894aff23-6479-455c-bc08-b1e7f5875634/print/
Kelly (R-MS-1),RTX CORPORATION AND AFFILIATES,registrant,EMPLOYEES OF RTX CORPORATION PAC,feca,KELLY FOR CONGRESS,"Kelly, Trent",1000.00,2023-08-03,2023,year_end,894aff23-6479-455c-bc08-b1e7f5875634,https://lda.gov/filings/public/contribution/894aff23-6479-455c-bc08-b1e7f5875634/print/
Kilmer (D-WA-6),RTX CORPORATION AND AFFILIATES,registrant,EMPLOYEES OF RTX CORPORATION PAC,feca,PEOPLE FOR DEREK KILMER,"Kilmer, Derek",1000.00,2023-08-03,2023,year_end,894aff23-6479-455c-bc08-b1e7f5875634,https://lda.gov/filings/public/contribution/894aff23-6479-455c-bc08-b1e7f5875634/print/
Young Kim (R-CA-40),RTX CORPORATION AND AFFILIATES,registrant,EMPLOYEES OF RTX CORPORATION PAC,feca,YOUNG KIM FOR CONGRESS,"Kim, Young",1000.00,2023-07-25,2023,year_end,894aff23-6479-455c-bc08-b1e7f5875634,https://lda.gov/filings/public/contribution/894aff23-6479-455c-bc08-b1e7f5875634/print/
Courtney (D-CT-2),RTX CORPORATION AND AFFILIATES,registrant,EMPLOYEES OF RTX CORPORATION PAC,feca,COURTNEY FOR CONGRESS,"Courtney, Joe",2500.00,2023-07-25,2023,year_end,894aff23-6479-455c-bc08-b1e7f5875634,https://lda.gov/filings/public/contribution/894aff23-6479-455c-bc08-b1e7f5875634/print/
Rogers (R-AL-3),RTX CORPORATION AND AFFILIATES,registrant,EMPLOYEES OF RTX CORPORATION PAC,feca,MIKE ROGERS FOR CONGRESS,"Rogers, Mike",1500.00,2023-07-25,2023,year_end,894aff23-6479-455c-bc08-b1e7f5875634,https://lda.gov/filings/public/contribution/894aff23-6479-455c-bc08-b1e7f5875634/print/
Norcross (D-NJ-1),BOEING COMPANY,lobbyist: PRIYA GHOSH AHOLA,SELF,feca,DONALD NORCROSS FOR CONGRESS!,Rep. Donald Norcross,500.00,2024-04-16,2024,mid_year,fd7d970a-307f-4f27-a8f4-9ca23bb51606,https://lda.gov/filings/public/contribution/fd7d970a-307f-4f27-a8f4-9ca23bb51606/print/
Norcross (D-NJ-1),BOEING COMPANY,lobbyist: TOM MCLEMORE,SELF,feca,DONALD NORCROSS FOR CONGRESS,Rep Donald Norcross,500.00,2024-04-09,2024,mid_year,560ffb2c-4d9a-43d6-84d9-1fc22c322617,https://lda.gov/filings/public/contribution/560ffb2c-4d9a-43d6-84d9-1fc22c322617/print/
Norcross (D-NJ-1),BOEING COMPANY,lobbyist: MATTHEW WASHINGTON,SELF,feca,ACT BLUE,Donald Norcross,1001.00,2024-04-21,2024,mid_year,f98aa219-d36a-414a-bdfa-ccbcf9499fc9,https://lda.gov/filings/public/contribution/f98aa219-d36a-414a-bdfa-ccbcf9499fc9/print/
Norcross (D-NJ-1),BOEING COMPANY,lobbyist: NEIL LAPOINTE,SELF,feca,DONALD NORCROSS FOR CONGRESS,Congressman Donald Norcross,500.00,2024-04-02,2024,mid_year,357d70a3-cbf3-435c-ba29-49611b9fdcba,https://lda.gov/filings/public/contribution/357d70a3-cbf3-435c-ba29-49611b9fdcba/print/
Norcross (D-NJ-1),BOEING COMPANY,lobbyist: STEVEN BACHMANN,SELF,feca,DONALD NORCROSS FOR CONGRESS,Donald Norcross,1000.00,2024-04-09,2024,mid_year,7bf369d1-ba45-4889-81e1-963bc7bed6d9,https://lda.gov/filings/public/contribution/7bf369d1-ba45-4889-81e1-963bc7bed6d9/print/
Norcross (D-NJ-1),BOEING COMPANY,lobbyist: MEGAN BELL,SELF,feca,DONALD NORCROSS FOR CONGRESS,Rep. Don Norcross,500.00,2024-04-16,2024,mid_year,b633bdf4-3424-4661-bd5d-f28f0aa8a7fd,https://lda.gov/filings/public/contribution/b633bdf4-3424-4661-bd5d-f28f0aa8a7fd/print/
Moore (R-UT-1),BOEING COMPANY,registrant,THE BOEING COMPANY POLITICAL ACTION COMMITTEE,feca,BLAKE MOORE FOR CONGRESS,Rep. Blake D. Moore,1000.00,2024-06-17,2024,mid_year,1fa488d5-406b-4b5a-926d-d98938d1f994,https://lda.gov/filings/public/contribution/1fa488d5-406b-4b5a-926d-d98938d1f994/print/
Courtney (D-CT-2),BOEING COMPANY,registrant,THE BOEING COMPANY POLITICAL ACTION COMMITTEE,feca,COURTNEY FOR CONGRESS,Rep. Joseph D. Courtney,1000.00,2024-06-17,2024,mid_year,1fa488d5-406b-4b5a-926d-d98938d1f994,https://lda.gov/filings/public/contribution/1fa488d5-406b-4b5a-926d-d98938d1f994/print/
McCaul (R-TX-10),BOEING COMPANY,registrant,THE BOEING COMPANY POLITICAL ACTION COMMITTEE,feca,"MCCAUL FOR CONGRESS, INC","Rep. Michael Thomas McCaul, Sr.",1000.00,2024-06-17,2024,mid_year,1fa488d5-406b-4b5a-926d-d98938d1f994,https://lda.gov/filings/public/contribution/1fa488d5-406b-4b5a-926d-d98938d1f994/print/
Waltz (R-FL-6),BOEING COMPANY,registrant,THE BOEING COMPANY POLITICAL ACTION COMMITTEE,feca,MICHAEL WALTZ FOR CONGRESS,Rep. Michael G. Waltz,2000.00,2024-06-17,2024,mid_year,1fa488d5-406b-4b5a-926d-d98938d1f994,https://lda.gov/filings/public/contribution/1fa488d5-406b-4b5a-926d-d98938d1f994/print/
Meeks (D-NY-5),BOEING COMPANY,registrant,THE BOEING COMPANY POLITICAL ACTION COMMITTEE,feca,FRIENDS FOR GREGORY MEEKS,Rep. Gregory Weldon Meeks,1000.00,2024-05-22,2024,mid_year,1fa488d5-406b-4b5a-926d-d98938d1f994,https://lda.gov/filings/public/contribution/1fa488d5-406b-4b5a-926d-d98938d1f994/print/
Norcross (D-NJ-1),BOEING COMPANY,registrant,THE BOEING COMPANY POLITICAL ACTION COMMITTEE,feca,BLUE POWER PAC,Rep. Donald W. Norcross,5000.00,2024-04-24,2024,mid_year,1fa488d5-406b-4b5a-926d-d98938d1f994,https://lda.gov/filings/public/contribution/1fa488d5-406b-4b5a-926d-d98938d1f994/print/
Young Kim (R-CA-40),BOEING COMPANY,registrant,THE BOEING COMPANY POLITICAL ACTION COMMITTEE,feca,YOUNG KIM FOR CONGRESS,Rep. Young O. Kim,500.00,2024-04-24,2024,mid_year,1fa488d5-406b-4b5a-926d-d98938d1f994,https://lda.gov/filings/public/contribution/1fa488d5-406b-4b5a-926d-d98938d1f994/print/
Moore (R-UT-1),BOEING COMPANY,registrant,THE BOEING COMPANY POLITICAL ACTION COMMITTEE,feca,BLAKE MOORE FOR CONGRESS,Rep. Blake D. Moore,500.00,2024-04-19,2024,mid_year,1fa488d5-406b-4b5a-926d-d98938d1f994,https://lda.gov/filings/public/contribution/1fa488d5-406b-4b5a-926d-d98938d1f994/print/
Moore (R-UT-1),BOEING COMPANY,registrant,THE BOEING COMPANY POLITICAL ACTION COMMITTEE,feca,BLAKE MOORE FOR CONGRESS,Rep. Blake D. Moore,500.00,2024-04-19,2024,mid_year,1fa488d5-406b-4b5a-926d-d98938d1f994,https://lda.gov/filings/public/contribution/1fa488d5-406b-4b5a-926d-d98938d1f994/print/
Smith (D-WA-9),BOEING COMPANY,registrant,THE BOEING COMPANY POLITICAL ACTION COMMITTEE,feca,AMERICAN DEFENSE AND MILITARY PAC,Rep. Adam Smith,5000.00,2024-03-22,2024,mid_year,1fa488d5-406b-4b5a-926d-d98938d1f994,https://lda.gov/filings/public/contribution/1fa488d5-406b-4b5a-926d-d98938d1f994/print/
Rogers (R-AL-3),BOEING COMPANY,registrant,THE BOEING COMPANY POLITICAL ACTION COMMITTEE,feca,AMERICAN SECURITY PAC,Rep. Michael Dennis Rogers,5000.00,2024-03-22,2024,mid_year,1fa488d5-406b-4b5a-926d-d98938d1f994,https://lda.gov/filings/public/contribution/1fa488d5-406b-4b5a-926d-d98938d1f994/print/
Courtney (D-CT-2),BOEING COMPANY,registrant,THE BOEING COMPANY POLITICAL ACTION COMMITTEE,feca,COURTNEY FOR CONGRESS,Rep. Joseph D. Courtney,1000.00,2024-03-22,2024,mid_year,1fa488d5-406b-4b5a-926d-d98938d1f994,https://lda.gov/filings/public/contribution/1fa488d5-406b-4b5a-926d-d98938d1f994/print/
Norcross (D-NJ-1),BOEING COMPANY,registrant,THE BOEING COMPANY POLITICAL ACTION COMMITTEE,feca,DONALD NORCROSS FOR CONGRESS,Rep. Donald W. Norcross,1000.00,2024-03-22,2024,mid_year,1fa488d5-406b-4b5a-926d-d98938d1f994,https://lda.gov/filings/public/contribution/1fa488d5-406b-4b5a-926d-d98938d1f994/print/
Kean (R-NJ-7),BOEING COMPANY,registrant,THE BOEING COMPANY POLITICAL ACTION COMMITTEE,feca,KEAN FOR CONGRESS INC,"Rep. Thomas H. Kean, Jr.",1000.00,2024-03-22,2024,mid_year,1fa488d5-406b-4b5a-926d-d98938d1f994,https://lda.gov/filings/public/contribution/1fa488d5-406b-4b5a-926d-d98938d1f994/print/
Waltz (R-FL-6),BOEING COMPANY,registrant,THE BOEING COMPANY POLITICAL ACTION COMMITTEE,feca,MICHAEL WALTZ FOR CONGRESS,Rep. Michael G. Waltz,1500.00,2024-03-22,2024,mid_year,1fa488d5-406b-4b5a-926d-d98938d1f994,https://lda.gov/filings/public/contribution/1fa488d5-406b-4b5a-926d-d98938d1f994/print/
Kelly (R-MS-1),BOEING COMPANY,registrant,THE BOEING COMPANY POLITICAL ACTION COMMITTEE,feca,SOUTHERN STATES PAC,Rep. J. Trent Kelly,5000.00,2024-03-22,2024,mid_year,1fa488d5-406b-4b5a-926d-d98938d1f994,https://lda.gov/filings/public/contribution/1fa488d5-406b-4b5a-926d-d98938d1f994/print/
Young Kim (R-CA-40),BOEING COMPANY,registrant,THE BOEING COMPANY POLITICAL ACTION COMMITTEE,feca,YOUNG KIM FOR CONGRESS,Rep. Young O. Kim,1500.00,2024-03-22,2024,mid_year,1fa488d5-406b-4b5a-926d-d98938d1f994,https://lda.gov/filings/public/contribution/1fa488d5-406b-4b5a-926d-d98938d1f994/print/
McCaul (R-TX-10),BOEING COMPANY,registrant,THE BOEING COMPANY POLITICAL ACTION COMMITTEE,feca,"MCCAUL FOR CONGRESS, INC","Rep. Michael Thomas McCaul, Sr.",1000.00,2024-03-01,2024,mid_year,1fa488d5-406b-4b5a-926d-d98938d1f994,https://lda.gov/filings/public/contribution/1fa488d5-406b-4b5a-926d-d98938d1f994/print/
Smith (D-WA-9),BOEING COMPANY,registrant,THE BOEING COMPANY POLITICAL ACTION COMMITTEE,feca,ADAM SMITH FOR CONGRESS COMMITTEE,Rep. Adam Smith,3000.00,2024-02-27,2024,mid_year,1fa488d5-406b-4b5a-926d-d98938d1f994,https://lda.gov/filings/public/contribution/1fa488d5-406b-4b5a-926d-d98938d1f994/print/
Moore (R-UT-1),BOEING COMPANY,registrant,THE BOEING COMPANY POLITICAL ACTION COMMITTEE,feca,BLAKE MOORE FOR CONGRESS,Rep. Blake D. Moore,1000.00,2024-02-27,2024,mid_year,1fa488d5-406b-4b5a-926d-d98938d1f994,https://lda.gov/filings/public/contribution/1fa488d5-406b-4b5a-926d-d98938d1f994/print/
Courtney (D-CT-2),BOEING COMPANY,registrant,THE BOEING COMPANY POLITICAL ACTION COMMITTEE,feca,COURTNEY FOR CONGRESS,Rep. Joseph D. Courtney,3000.00,2024-02-27,2024,mid_year,1fa488d5-406b-4b5a-926d-d98938d1f994,https://lda.gov/filings/public/contribution/1fa488d5-406b-4b5a-926d-d98938d1f994/print/
Courtney (D-CT-2),BOEING COMPANY,registrant,THE BOEING COMPANY POLITICAL ACTION COMMITTEE,feca,COURTNEY FOR CONGRESS,Rep. Joseph D. Courtney,2000.00,2024-02-27,2024,mid_year,1fa488d5-406b-4b5a-926d-d98938d1f994,https://lda.gov/filings/public/contribution/1fa488d5-406b-4b5a-926d-d98938d1f994/print/
Norcross (D-NJ-1),BOEING COMPANY,registrant,THE BOEING COMPANY POLITICAL ACTION COMMITTEE,feca,DONALD NORCROSS FOR CONGRESS,Rep. Donald W. Norcross,1000.00,2024-02-27,2024,mid_year,1fa488d5-406b-4b5a-926d-d98938d1f994,https://lda.gov/filings/public/contribution/1fa488d5-406b-4b5a-926d-d98938d1f994/print/
McCaul (R-TX-10),BOEING COMPANY,registrant,THE BOEING COMPANY POLITICAL ACTION COMMITTEE,feca,"MCCAUL FOR CONGRESS, INC","Rep. Michael Thomas McCaul, Sr.",2000.00,2024-02-27,2024,mid_year,1fa488d5-406b-4b5a-926d-d98938d1f994,https://lda.gov/filings/public/contribution/1fa488d5-406b-4b5a-926d-d98938d1f994/print/
Young Kim (R-CA-40),BOEING COMPANY,registrant,THE BOEING COMPANY POLITICAL ACTION COMMITTEE,feca,YOUNG KIM FOR CONGRESS,Rep. Young O. Kim,1500.00,2024-02-27,2024,mid_year,1fa488d5-406b-4b5a-926d-d98938d1f994,https://lda.gov/filings/public/contribution/1fa488d5-406b-4b5a-926d-d98938d1f994/print/
Wittman (R-VA-1),BOEING COMPANY,registrant,THE BOEING COMPANY POLITICAL ACTION COMMITTEE,feca,ROB WITTMAN FOR CONGRESS,Rep. Robert Joseph Wittman,2500.00,2024-02-06,2024,mid_year,1fa488d5-406b-4b5a-926d-d98938d1f994,https://lda.gov/filings/public/contribution/1fa488d5-406b-4b5a-926d-d98938d1f994/print/
Wittman (R-VA-1),BOEING COMPANY,registrant,THE BOEING COMPANY POLITICAL ACTION COMMITTEE,feca,ROB WITTMAN FOR CONGRESS,Rep. Robert Joseph Wittman,2500.00,2024-02-06,2024,mid_year,1fa488d5-406b-4b5a-926d-d98938d1f994,https://lda.gov/filings/public/contribution/1fa488d5-406b-4b5a-926d-d98938d1f994/print/
Rogers (R-AL-3),BOEING COMPANY,lobbyist: ZIAD OJAKLI,SELF,feca,ROGERS FOR SENATE,Rep. Mike Rogers,1000.00,2024-09-24,2024,year_end,e3704646-7536-4e14-91f1-ce3d4dd0b97f,https://lda.gov/filings/public/contribution/e3704646-7536-4e14-91f1-ce3d4dd0b97f/print/
Meeks (D-NY-5),BOEING COMPANY,registrant,THE BOEING COMPANY POLITICAL ACTION COMMITTEE,feca,FRIENDS FOR GREGORY MEEKS,Rep. Gregory Weldon Meeks,4000.00,2024-10-31,2024,year_end,42162522-a424-4941-89a9-a8d6f8f0184a,https://lda.gov/filings/public/contribution/42162522-a424-4941-89a9-a8d6f8f0184a/print/
McCaul (R-TX-10),BOEING COMPANY,registrant,THE BOEING COMPANY POLITICAL ACTION COMMITTEE,feca,TEXAS REPUBLICANS UNITED POLITICAL ACTION COMMITTEE (TRU PAC),"Rep. Michael Thomas McCaul, Sr.",5000.00,2024-10-31,2024,year_end,42162522-a424-4941-89a9-a8d6f8f0184a,https://lda.gov/filings/public/contribution/42162522-a424-4941-89a9-a8d6f8f0184a/print/
Meeks (D-NY-5),BOEING COMPANY,registrant,THE BOEING COMPANY POLITICAL ACTION COMMITTEE,feca,FRIENDS FOR GREGORY MEEKS,Rep. Gregory Weldon Meeks,1000.00,2024-09-23,2024,year_end,42162522-a424-4941-89a9-a8d6f8f0184a,https://lda.gov/filings/public/contribution/42162522-a424-4941-89a9-a8d6f8f0184a/print/
Wittman (R-VA-1),BOEING COMPANY,registrant,THE BOEING COMPANY POLITICAL ACTION COMMITTEE,feca,AMERICA'S FIRST PAC,Rep. Robert Joseph Wittman,2500.00,2024-09-17,2024,year_end,42162522-a424-4941-89a9-a8d6f8f0184a,https://lda.gov/filings/public/contribution/42162522-a424-4941-89a9-a8d6f8f0184a/print/
Meeks (D-NY-5),BOEING COMPANY,registrant,THE BOEING COMPANY POLITICAL ACTION COMMITTEE,feca,BUILD AMERICA PAC,Rep. Gregory Weldon Meeks,5000.00,2024-09-17,2024,year_end,42162522-a424-4941-89a9-a8d6f8f0184a,https://lda.gov/filings/public/contribution/42162522-a424-4941-89a9-a8d6f8f0184a/print/
McCaul (R-TX-10),BOEING COMPANY,registrant,THE BOEING COMPANY POLITICAL ACTION COMMITTEE,feca,"MCCAUL FOR CONGRESS, INC","Rep. Michael Thomas McCaul, Sr.",1000.00,2024-09-17,2024,year_end,42162522-a424-4941-89a9-a8d6f8f0184a,https://lda.gov/filings/public/contribution/42162522-a424-4941-89a9-a8d6f8f0184a/print/
Moore (R-UT-1),BOEING COMPANY,registrant,THE BOEING COMPANY POLITICAL ACTION COMMITTEE,feca,BLAKE MOORE FOR CONGRESS,Rep. Blake David Moore,1500.00,2024-08-15,2024,year_end,42162522-a424-4941-89a9-a8d6f8f0184a,https://lda.gov/filings/public/contribution/42162522-a424-4941-89a9-a8d6f8f0184a/print/
Courtney (D-CT-2),BOEING COMPANY,registrant,THE BOEING COMPANY POLITICAL ACTION COMMITTEE,feca,HUSKY PAC,Rep. Joseph David Courtney,5000.00,2024-08-15,2024,year_end,42162522-a424-4941-89a9-a8d6f8f0184a,https://lda.gov/filings/public/contribution/42162522-a424-4941-89a9-a8d6f8f0184a/print/
Kelly (R-MS-1),LOCKHEED MARTIN CORPORATION,registrant,LOCKHEED MARTIN EMPLOYEES' POLITICAL ACTION COMMITTEE,feca,KELLY FOR CONGRESS,"Kelly, Trent",1000.00,2024-01-24,2024,mid_year,d83cfd5d-2edf-480b-b2d5-c6067d2f4cfd,https://lda.gov/filings/public/contribution/d83cfd5d-2edf-480b-b2d5-c6067d2f4cfd/print/
Wittman (R-VA-1),LOCKHEED MARTIN CORPORATION,registrant,LOCKHEED MARTIN EMPLOYEES' POLITICAL ACTION COMMITTEE,feca,ROB WITTMAN FOR CONGRESS,"Wittman, Rob",1000.00,2024-02-21,2024,mid_year,d83cfd5d-2edf-480b-b2d5-c6067d2f4cfd,https://lda.gov/filings/public/contribution/d83cfd5d-2edf-480b-b2d5-c6067d2f4cfd/print/
Smith (D-WA-9),LOCKHEED MARTIN CORPORATION,registrant,LOCKHEED MARTIN EMPLOYEES' POLITICAL ACTION COMMITTEE,feca,ADAM SMITH FOR CONGRESS COMMITTEE,"Smith, Adam",3000.00,2024-03-06,2024,mid_year,d83cfd5d-2edf-480b-b2d5-c6067d2f4cfd,https://lda.gov/filings/public/contribution/d83cfd5d-2edf-480b-b2d5-c6067d2f4cfd/print/
Kelly (R-MS-1),LOCKHEED MARTIN CORPORATION,registrant,LOCKHEED MARTIN EMPLOYEES' POLITICAL ACTION COMMITTEE,feca,KELLY FOR CONGRESS,"Kelly, Trent",1000.00,2024-03-13,2024,mid_year,d83cfd5d-2edf-480b-b2d5-c6067d2f4cfd,https://lda.gov/filings/public/contribution/d83cfd5d-2edf-480b-b2d5-c6067d2f4cfd/print/
McCaul (R-TX-10),LOCKHEED MARTIN CORPORATION,registrant,LOCKHEED MARTIN EMPLOYEES' POLITICAL ACTION COMMITTEE,feca,"MCCAUL FOR CONGRESS, INC","McCaul, Michael",1000.00,2024-03-13,2024,mid_year,d83cfd5d-2edf-480b-b2d5-c6067d2f4cfd,https://lda.gov/filings/public/contribution/d83cfd5d-2edf-480b-b2d5-c6067d2f4cfd/print/
Courtney (D-CT-2),LOCKHEED MARTIN CORPORATION,registrant,LOCKHEED MARTIN EMPLOYEES' POLITICAL ACTION COMMITTEE,feca,COURTNEY FOR CONGRESS,"Courtney, Joe",1000.00,2024-03-27,2024,mid_year,d83cfd5d-2edf-480b-b2d5-c6067d2f4cfd,https://lda.gov/filings/public/contribution/d83cfd5d-2edf-480b-b2d5-c6067d2f4cfd/print/
Rogers (R-AL-3),LOCKHEED MARTIN CORPORATION,registrant,LOCKHEED MARTIN EMPLOYEES' POLITICAL ACTION COMMITTEE,feca,MIKE ROGERS FOR CONGRESS,"Rogers, Mike",2000.00,2024-03-27,2024,mid_year,d83cfd5d-2edf-480b-b2d5-c6067d2f4cfd,https://lda.gov/filings/public/contribution/d83cfd5d-2edf-480b-b2d5-c6067d2f4cfd/print/
Waltz (R-FL-6),LOCKHEED MARTIN CORPORATION,registrant,LOCKHEED MARTIN EMPLOYEES' POLITICAL ACTION COMMITTEE,feca,MICHAEL WALTZ FOR CONGRESS,"Waltz, Mike",1000.00,2024-03-27,2024,mid_year,d83cfd5d-2edf-480b-b2d5-c6067d2f4cfd,https://lda.gov/filings/public/contribution/d83cfd5d-2edf-480b-b2d5-c6067d2f4cfd/print/
Wittman (R-VA-1),LOCKHEED MARTIN CORPORATION,registrant,LOCKHEED MARTIN EMPLOYEES' POLITICAL ACTION COMMITTEE,feca,ROB WITTMAN FOR CONGRESS,"Wittman, Rob",1000.00,2024-04-17,2024,mid_year,d83cfd5d-2edf-480b-b2d5-c6067d2f4cfd,https://lda.gov/filings/public/contribution/d83cfd5d-2edf-480b-b2d5-c6067d2f4cfd/print/
Meeks (D-NY-5),LOCKHEED MARTIN CORPORATION,registrant,LOCKHEED MARTIN EMPLOYEES' POLITICAL ACTION COMMITTEE,feca,FRIENDS FOR GREGORY MEEKS,"Meeks, Gregory",1000.00,2024-04-30,2024,mid_year,d83cfd5d-2edf-480b-b2d5-c6067d2f4cfd,https://lda.gov/filings/public/contribution/d83cfd5d-2edf-480b-b2d5-c6067d2f4cfd/print/
Kelly (R-MS-1),LOCKHEED MARTIN CORPORATION,registrant,LOCKHEED MARTIN EMPLOYEES' POLITICAL ACTION COMMITTEE,feca,KELLY FOR CONGRESS,"Kelly, Trent",1000.00,2024-05-08,2024,mid_year,d83cfd5d-2edf-480b-b2d5-c6067d2f4cfd,https://lda.gov/filings/public/contribution/d83cfd5d-2edf-480b-b2d5-c6067d2f4cfd/print/
Wittman (R-VA-1),LOCKHEED MARTIN CORPORATION,registrant,LOCKHEED MARTIN EMPLOYEES' POLITICAL ACTION COMMITTEE,feca,ROB WITTMAN FOR CONGRESS,"Wittman, Rob",3000.00,2024-05-15,2024,mid_year,d83cfd5d-2edf-480b-b2d5-c6067d2f4cfd,https://lda.gov/filings/public/contribution/d83cfd5d-2edf-480b-b2d5-c6067d2f4cfd/print/
McCaul (R-TX-10),LOCKHEED MARTIN CORPORATION,registrant,LOCKHEED MARTIN EMPLOYEES' POLITICAL ACTION COMMITTEE,feca,"MCCAUL FOR CONGRESS, INC","McCaul, Michael",1000.00,2024-06-19,2024,mid_year,d83cfd5d-2edf-480b-b2d5-c6067d2f4cfd,https://lda.gov/filings/public/contribution/d83cfd5d-2edf-480b-b2d5-c6067d2f4cfd/print/
Wittman (R-VA-1),LOCKHEED MARTIN CORPORATION,registrant,LOCKHEED MARTIN EMPLOYEES' POLITICAL ACTION COMMITTEE,feca,AMERICA'S FIRST PAC,"Wittman, Rob",5000.00,2024-07-04,2024,year_end,643237c7-c0c6-4c82-8eec-78df8003ccc4,https://lda.gov/filings/public/contribution/643237c7-c0c6-4c82-8eec-78df8003ccc4/print/
Rogers (R-AL-3),LOCKHEED MARTIN CORPORATION,registrant,LOCKHEED MARTIN EMPLOYEES' POLITICAL ACTION COMMITTEE,feca,AMERICAN SECURITY PAC,"Rogers, Mike",5000.00,2024-07-04,2024,year_end,643237c7-c0c6-4c82-8eec-78df8003ccc4,https://lda.gov/filings/public/contribution/643237c7-c0c6-4c82-8eec-78df8003ccc4/print/
Waltz (R-FL-6),LOCKHEED MARTIN CORPORATION,registrant,LOCKHEED MARTIN EMPLOYEES' POLITICAL ACTION COMMITTEE,feca,MICHAEL WALTZ FOR CONGRESS,"Waltz, Mike",1000.00,2024-08-07,2024,year_end,643237c7-c0c6-4c82-8eec-78df8003ccc4,https://lda.gov/filings/public/contribution/643237c7-c0c6-4c82-8eec-78df8003ccc4/print/
Norcross (D-NJ-1),LOCKHEED MARTIN CORPORATION,registrant,LOCKHEED MARTIN EMPLOYEES' POLITICAL ACTION COMMITTEE,feca,BLUE POWER PAC,"Norcross, Donald",2500.00,2024-09-13,2024,year_end,643237c7-c0c6-4c82-8eec-78df8003ccc4,https://lda.gov/filings/public/contribution/643237c7-c0c6-4c82-8eec-78df8003ccc4/print/
Meeks (D-NY-5),LOCKHEED MARTIN CORPORATION,registrant,LOCKHEED MARTIN EMPLOYEES' POLITICAL ACTION COMMITTEE,feca,BUILD AMERICA PAC,"Meeks, Gregory",2500.00,2024-09-13,2024,year_end,643237c7-c0c6-4c82-8eec-78df8003ccc4,https://lda.gov/filings/public/contribution/643237c7-c0c6-4c82-8eec-78df8003ccc4/print/
McCaul (R-TX-10),LOCKHEED MARTIN CORPORATION,registrant,LOCKHEED MARTIN EMPLOYEES' POLITICAL ACTION COMMITTEE,feca,"MCCAUL FOR CONGRESS, INC","McCaul, Michael",1000.00,2024-09-13,2024,year_end,643237c7-c0c6-4c82-8eec-78df8003ccc4,https://lda.gov/filings/public/contribution/643237c7-c0c6-4c82-8eec-78df8003ccc4/print/
Norcross (D-NJ-1),LOCKHEED MARTIN CORPORATION,registrant,LOCKHEED MARTIN EMPLOYEES' POLITICAL ACTION COMMITTEE,feca,BLUE POWER PAC,"Norcross, Donald",2500.00,2024-09-25,2024,year_end,643237c7-c0c6-4c82-8eec-78df8003ccc4,https://lda.gov/filings/public/contribution/643237c7-c0c6-4c82-8eec-78df8003ccc4/print/
Meeks (D-NY-5),LOCKHEED MARTIN CORPORATION,registrant,LOCKHEED MARTIN EMPLOYEES' POLITICAL ACTION COMMITTEE,feca,FRIENDS FOR GREGORY MEEKS,"Meeks, Gregory",2000.00,2024-10-01,2024,year_end,643237c7-c0c6-4c82-8eec-78df8003ccc4,https://lda.gov/filings/public/contribution/643237c7-c0c6-4c82-8eec-78df8003ccc4/print/
Waltz (R-FL-6),LOCKHEED MARTIN CORPORATION,registrant,LOCKHEED MARTIN EMPLOYEES' POLITICAL ACTION COMMITTEE,feca,MICHAEL WALTZ FOR CONGRESS,"Waltz, Mike",1000.00,2024-10-30,2024,year_end,643237c7-c0c6-4c82-8eec-78df8003ccc4,https://lda.gov/filings/public/contribution/643237c7-c0c6-4c82-8eec-78df8003ccc4/print/
Smith (D-WA-9),LOCKHEED MARTIN CORPORATION,registrant,LOCKHEED MARTIN EMPLOYEES' POLITICAL ACTION COMMITTEE,feca,ADAM PAC,"Smith, Adam",5000.00,2024-11-21,2024,year_end,643237c7-c0c6-4c82-8eec-78df8003ccc4,https://lda.gov/filings/public/contribution/643237c7-c0c6-4c82-8eec-78df8003ccc4/print/
Meeks (D-NY-5),GEPHARDT GROUP GOVERNMENT AFFAIRS,lobbyist: CHRISTINA HAMILTON,SELF,feca,FRIENDS FOR GREGORY MEEKS,Gregory Meeks,500.00,2023-07-27,2023,year_end,17030337-01cf-4d16-9ec0-8e15d5ef70da,https://lda.gov/filings/public/contribution/17030337-01cf-4d16-9ec0-8e15d5ef70da/print/
Smith (D-WA-9),"FIFESTRATEGIES, LLC",lobbyist: MENDA FIFE,SELF,feca,ACTBLUE*ADAMSMITH,Congressman Adam Smith,500.00,2024-04-09,2024,mid_year,16df3df8-1200-4696-97e8-4e7b74466d1a,https://lda.gov/filings/public/contribution/16df3df8-1200-4696-97e8-4e7b74466d1a/print/
Smith (D-WA-9),BAKER DONELSON BEARMAN CALDWELL & BERKOWITZ,lobbyist: NATHAN DASCHLE,SELF,feca,ADAM SMITH FOR CONGRESS,Rep. Adam Smith,1000.00,2023-02-03,2023,mid_year,9f68f30a-8a1a-4e85-bb13-3acb1d23aa66,https://lda.gov/filings/public/contribution/9f68f30a-8a1a-4e85-bb13-3acb1d23aa66/print/
Meeks (D-NY-5),BAKER DONELSON BEARMAN CALDWELL & BERKOWITZ,registrant,"BAKER, DONELSON, BEARMAN, CALDWELL AND BERKOWITZ, PC PAC",feca,FRIENDS FOR GREGORY MEEKS,Gregory Meeks,1000.00,2023-02-10,2023,mid_year,783d6c9f-77aa-4ede-89c2-958d9ff09e64,https://lda.gov/filings/public/contribution/783d6c9f-77aa-4ede-89c2-958d9ff09e64/print/
Smith (D-WA-9),BAKER DONELSON BEARMAN CALDWELL & BERKOWITZ,registrant,"BAKER, DONELSON, BEARMAN, CALDWELL AND BERKOWITZ, PC PAC",feca,ADAM SMITH FOR CONGRESS COMMITTEE,Adam Smith,5000.00,2023-02-10,2023,mid_year,783d6c9f-77aa-4ede-89c2-958d9ff09e64,https://lda.gov/filings/public/contribution/783d6c9f-77aa-4ede-89c2-958d9ff09e64/print/
Wittman (R-VA-1),BAKER DONELSON BEARMAN CALDWELL & BERKOWITZ,registrant,"BAKER, DONELSON, BEARMAN, CALDWELL AND BERKOWITZ, PC PAC",feca,ROB WITTMAN FOR CONGRESS,Rob Wittman,1000.00,2023-05-05,2023,mid_year,783d6c9f-77aa-4ede-89c2-958d9ff09e64,https://lda.gov/filings/public/contribution/783d6c9f-77aa-4ede-89c2-958d9ff09e64/print/
Rogers (R-AL-3),BAKER DONELSON BEARMAN CALDWELL & BERKOWITZ,lobbyist: JOSEPH HACK,SELF,feca,ROGERS FOR SENATE,Mike Rogers,3300.00,2023-09-26,2023,year_end,b52d1968-c274-4ecc-9396-c060a97fc3b6,https://lda.gov/filings/public/contribution/b52d1968-c274-4ecc-9396-c060a97fc3b6/print/
Norcross (D-NJ-1),BAKER DONELSON BEARMAN CALDWELL & BERKOWITZ,lobbyist: SPENCER WOLF,SELF,feca,DONALD NORCROSS FOR CONGRESS,Donald Norcross,1000.00,2023-09-18,2023,year_end,53f8581e-fd29-4ffc-9f74-c6b499d91473,https://lda.gov/filings/public/contribution/53f8581e-fd29-4ffc-9f74-c6b499d91473/print/
Norcross (D-NJ-1),BAKER DONELSON BEARMAN CALDWELL & BERKOWITZ,lobbyist: NATHAN DASCHLE,SELF,feca,DONALD NORCROSS FOR CONGRESS,Rep. Donald Norcross,1000.00,2023-09-05,2023,year_end,4caf9903-8e63-4448-be89-f05ad15a1d5e,https://lda.gov/filings/public/contribution/4caf9903-8e63-4448-be89-f05ad15a1d5e/print/
Norcross (D-NJ-1),BAKER DONELSON BEARMAN CALDWELL & BERKOWITZ,lobbyist: THOMAS DASCHLE,SELF,feca,DONALD NORCROSS,Donald Norcross,1000.00,2023-08-16,2023,year_end,632252f8-4aba-4a8f-8c89-c922bcae9092,https://lda.gov/filings/public/contribution/632252f8-4aba-4a8f-8c89-c922bcae9092/print/
