filing_uuid,filing_type,filing_year,filing_period,dt_posted,registrant,client,income,expenses,general_issue_code,government_entities,lobbyists,matched_terms,description,filing_document_url
b010fd5d-ec5f-47e5-b396-076cf52bb006,Q1,2023,first_quarter,2023-04-13T10:18:22-04:00,"AEROSPACE INDUSTRIES ASSOCIATION OF AMERICA, INC.",AEROSPACE INDUSTRIES ASSOCIATION OF AMERICA INC,,250000.00,TRD,"Commerce, Dept of (DOC); Defense, Dept of (DOD); Export-Import Bank of the United States (EXIM Bank); HOUSE OF REPRESENTATIVES; Natl Economic Council (NEC); SENATE; State, Dept of (DOS)",TIMOTHY MCCLEES; JEFFREY WILSON,AUKUS,Foreign military sales; export controls; AUKUS (Australia United Kingdom United States),https://lda.gov/filings/public/filing/b010fd5d-ec5f-47e5-b396-076cf52bb006/print/
f4638340-c8b5-4430-b40b-d83aa3efcbdf,Q1,2023,first_quarter,2023-04-19T13:13:18-04:00,"BAE SYSTEMS, INC.",BAE SYSTEMS INC,,1050000.00,DEF,HOUSE OF REPRESENTATIVES; Natl Security Council (NSC); SENATE,MICHAEL MCBRIDE; THOMAS BISHOP; TISHA WRIGHT; DONALD BERGIN; KATIE MCINTYRE; SHELLY STONEMAN; CHRISTOPHER GASPAR,AUKUS,"Department of Defense Appropriations Act of 2024 (HR XXXX/S XXXX); provisions regarding R&D-Army, Navy/USMC, Air Force, & Defense Wide; Aircraft Procurement- Air Force, Navy, Marine Corps; Procurement Ammunition Navy & Marine Corps; Missile Procurement- Army, Air Force, & Navy; Weapons & Tracked Combat Vehicles (WTCV) Procurement; Other issues: F-35 Joint Strike Fighter; B-21; Airborne Electronic Attack; Long Range Precision Fires; Maritime Patrol/Reconnaissance Aircraft; Airborne Radios; Aircraft Survivability Equipment; Electronic Warfare; Precision Guided Munitions; Munitions; Long Range Intelligence, Surveillance and Reconnaissance (ISR); Signal Intelligence (SIGINT); Naval Ship Repair; Naval Guns; Industrial Base issues; Weapon Systems Programs; Secure Communications Systems; Combat Mission Systems; Paladin PIM; Bradley Fighting Vehicle; M88 Recovery Vehicle; USMC Amphibious Combat Vehicles (ACV); Army Combat Vehicles; Armored Multi-Purpose Vehicles (AMPV); Hypervelocity Projectile (HVP); High Power Microwave (HPMW); Projectiles; Nuclear Modernization; Microelectronics; Over the Horizon Radar; Space; Cyber; AUKUS; Overall Defense National Defense Authorization Act for Fiscal Year 2024 (HR XXXX/S XXXX) provisions regarding R&D-Army, Navy/USMC, Air Force, & Defense Wide; Aircraft Procurement- Air Force, Navy, Marine Corps; Procurement Ammunition Navy & Marine Corps; Missile Procurement- Army, Air Force, & Navy; Weapons & Tracked Combat Vehicles (WTCV) Procurement; Other issues: F-35 Joint Strike Fighter; B-21; Airborne Electronic Attack; Long Range Precision Fires; Maritime Patrol/Reconnaissance Aircraft; Airborne Radios; Aircraft Survivability Equipment; Electronic Warfare; Precision Guided Munitions; Munitions; Long Range Intelligence, Surveillance and Reconnaissance (ISR); Signal Intelligence (SIGINT); Naval Ship Repair; Naval Guns; Industrial Base issues; Weapon Systems Programs; Secure Communications Systems; Combat Mission Systems; Paladin PIM; Bradley Fighting Vehicle; M88 Recovery Vehicle; USMC Amphibious Combat Vehicles (ACV); Army Combat Vehicles; Armored Multi-Purpose Vehicles (AMPV); Hypervelocity Projectile (HVP); High Power Microwave (HPMW); Projectiles; Nuclear Modernization; Microelectronics; Over the Horizon Radar; Space; Cyber; AUKUS; Overall Defense",https://lda.gov/filings/public/filing/f4638340-c8b5-4430-b40b-d83aa3efcbdf/print/
0de9d44f-a8eb-4d9f-b91c-bf886817d090,Q2,2023,second_quarter,2023-07-18T17:04:40-04:00,"AEROSPACE INDUSTRIES ASSOCIATION OF AMERICA, INC.",AEROSPACE INDUSTRIES ASSOCIATION OF AMERICA INC,,220000.00,TRD,"Commerce, Dept of (DOC); Defense, Dept of (DOD); Export-Import Bank of the United States (EXIM Bank); HOUSE OF REPRESENTATIVES; Natl Economic Council (NEC); SENATE; State, Dept of (DOS)",JEFFREY WILSON,AUKUS,Foreign military sales; export controls; AUKUS (Australia United Kingdom United States),https://lda.gov/filings/public/filing/0de9d44f-a8eb-4d9f-b91c-bf886817d090/print/
99045121-d611-4a83-8fd5-48d127b6bec8,Q2,2023,second_quarter,2023-07-19T10:33:30-04:00,GENERAL DYNAMICS CORP,GENERAL DYNAMICS CORP,,3350000.00,FOR,"HOUSE OF REPRESENTATIVES; SENATE; State, Dept of (DOS)",TERESA GAINES; DAVID MORRISS; JENNIFER NAVARRO; ADAM PAULSON; DOUGLAS RITTER; ROBERT HELM; ELIZABETH SCHMID; ERICA STRIEBEL; DAVID GILLIES; BRIAN POTTS; SHANA CHANDLER,"""Virginia Class"";AUKUS",FY24 State and Foreign Operations & FY24 Department of State issues and funding including but not limited to relevant cyber programs; information systems; telecommunications; technology equipment; infrastructure; support & services; foreign military sales & direct commercial sales to include those by non-United States based subsidiaries; the Australia - United Kingdom - United States (AUKUS) partnership and Virginia Class Submarines.,https://lda.gov/filings/public/filing/99045121-d611-4a83-8fd5-48d127b6bec8/print/
147ec695-e830-4827-a927-420871acc343,Q2,2023,second_quarter,2023-07-19T14:27:01-04:00,"FIFESTRATEGIES, LLC",GENERAL DYNAMICS,70000.00,,BUD,HOUSE OF REPRESENTATIVES; SENATE,MENDA FIFE,"""Virginia Class"";AUKUS","House (HR 4365) and Senate (no bill number) Fiscal Year 2024 Department of Defense Appropriations Bill -- issues and funding related to auxiliary shipbuilding, submarines, Army armored vehicles and communications equipment, indemnification and Unusually Hazardous Risk, and the Australia - United Kingdom - United States (AUKUS) partnership and Virginia Class Submarines. House (no bill number) and Senate (no bill number) Fiscal Year 2024 Transportation, Housing and Urban Development Appropriations Bill -- issues and funding related to the Maritime Administration's Ready Reserve ""sealift"" recapitalization, commercial shipping, the shipbuilding industry regarding the Maritime Guaranteed Loan Program and the Jones Act, and Federal Aviation Administration (FAA) emissions standards.",https://lda.gov/filings/public/filing/147ec695-e830-4827-a927-420871acc343/print/
147ec695-e830-4827-a927-420871acc343,Q2,2023,second_quarter,2023-07-19T14:27:01-04:00,"FIFESTRATEGIES, LLC",GENERAL DYNAMICS,70000.00,,DEF,HOUSE OF REPRESENTATIVES; SENATE,MENDA FIFE,"""Virginia Class"";AUKUS","House (HR 4365) and Senate (S 2226) Fiscal Year 2024 National Defense Authorization Act -- issues and funding related to auxiliary shipbuilding, submarines, Army armored vehicles and communications equipment, indemnification and Unusually Hazardous Risk, and the Australia - United Kingdom - United States (AUKUS) partnership and Virginia Class Submarines.",https://lda.gov/filings/public/filing/147ec695-e830-4827-a927-420871acc343/print/
147ec695-e830-4827-a927-420871acc343,Q2,2023,second_quarter,2023-07-19T14:27:01-04:00,"FIFESTRATEGIES, LLC",GENERAL DYNAMICS,70000.00,,FOR,HOUSE OF REPRESENTATIVES; SENATE,MENDA FIFE,"""Virginia Class"";AUKUS",Issues related to military equipment sales to key nations and the Australia - United Kingdom - United States (AUKUS) partnership and Virginia Class Submarines.,https://lda.gov/filings/public/filing/147ec695-e830-4827-a927-420871acc343/print/
0ddb7722-c0f2-47b2-a386-16d9bccb7207,Q2,2023,second_quarter,2023-07-19T15:54:16-04:00,"BAE SYSTEMS, INC.",BAE SYSTEMS INC,,840000.00,DEF,"Defense, Dept of (DOD); HOUSE OF REPRESENTATIVES; SENATE",MICHAEL MCBRIDE; THOMAS BISHOP; TISHA WRIGHT; DONALD BERGIN; KATIE MCINTYRE; SHELLY STONEMAN; CHRISTOPHER GASPAR,AUKUS,"Department of Defense Appropriations Act of 2024 (HR 4365/S XXXX); provisions regarding R&D-Army, Navy/USMC, Air Force, & Defense Wide; Aircraft Procurement- Air Force, Navy, Marine Corps; Procurement Ammunition Navy & Marine Corps; Missile Procurement- Army, Air Force, & Navy; Weapons & Tracked Combat Vehicles (WTCV) Procurement; Other issues: F-35 Joint Strike Fighter; B-21; Tactical Aircraft; Airborne Electronic Attack; Long Range Precision Fires; Maritime Patrol/Reconnaissance; Airborne Radios; Aircraft Survivability Equipment; Electronic Warfare; Precision Guided Munitions; Munitions; Long Range Intelligence, Surveillance and Reconnaissance (ISR); Signal Intelligence (SIGINT); Naval Ship Repair; Naval Guns; Industrial Base issues; Weapon Systems Programs; Secure Communications Systems; Combat Mission Systems; Paladin PIM; Bradley Fighting Vehicle; M88 Recovery Vehicle; USMC Amphibious Combat Vehicles (ACV); Army Combat Vehicles; Armored Multi-Purpose Vehicles (AMPV); Hypervelocity Projectile (HVP); High Power Microwave (HPMW); Projectiles; AUKUS; Overall Defense National Defense Authorization Act for Fiscal Year 2024 (HR 2670/S XXXX) provisions regarding R&D-Army, Navy/USMC, Air Force, & Defense Wide; Aircraft Procurement- Air Force, Navy, Marine Corps; Procurement Ammunition Navy & Marine Corps; Missile Procurement- Army, Air Force, & Navy; Weapons & Tracked Combat Vehicles (WTCV) Procurement; Other issues: F-35 Joint Strike Fighter; B-21; Tactical Aircraft; Airborne Electronic Attack; Long Range Precision Fires; Maritime Patrol/Reconnaissance; Airborne Radios; Aircraft Survivability Equipment; Electronic Warfare; Precision Guided Munitions; Munitions; Long Range Intelligence, Surveillance and Reconnaissance (ISR); Signal Intelligence (SIGINT); Naval Ship Repair; Naval Guns; Industrial Base issues; Weapon Systems Programs; Secure Communications Systems; Combat Mission Systems; Paladin PIM; Bradley Fighting Vehicle; M88 Recovery Vehicle; USMC Amphibious Combat Vehicles (ACV); Army Combat Vehicles; Armored Multi-Purpose Vehicles (AMPV); Hypervelocity Projectile (HVP); High Power Microwave (HPMW); Projectiles; Strategic Forces; Marine Corps Wargaming; Over the Horizon Radar; AUKUS; Overall Defense",https://lda.gov/filings/public/filing/0ddb7722-c0f2-47b2-a386-16d9bccb7207/print/
06ae6ff6-77ac-4b41-b0b5-05ea1cf7147b,Q2,2023,second_quarter,2023-07-20T15:43:39-04:00,BOEING COMPANY,BOEING COMPANY,,3560000.00,FOR,"Commerce, Dept of (DOC); Defense, Dept of (DOD); HOUSE OF REPRESENTATIVES; Natl Economic Council (NEC); Natl Security Council (NSC); Office of the Vice President of the United States; SENATE; State, Dept of (DOS); Transportation, Dept of (DOT); Treasury, Dept of; U.S. Trade Representative (USTR); White House Office",HEATH BUMGARDNER; DARIO GOMEZ; THEODORE AUSTELL; TOM MCLEMORE; MEGAN BELL; MATTHEW MCCARTHY; ZIAD OJAKLI; STEVEN BACHMANN; LYNN WILLIAMS; CHAD KREIKEMEIER; MATTHEW WASHINGTON,AUKUS,"International sales and service (commercial and military). International supply chain. China relations. Russia sanctions. H.R. 4521 - America Competes Act of 2022. AUKUS legislation. Fiscal Year 2024 State, Foreign Operations, & Related Programs Appropriations.",https://lda.gov/filings/public/filing/06ae6ff6-77ac-4b41-b0b5-05ea1cf7147b/print/
7499920b-e204-402b-a4f2-d5dd56f8e4ad,Q3,2023,third_quarter,2023-10-16T17:52:54-04:00,"FIFESTRATEGIES, LLC",GENERAL DYNAMICS,70000.00,,BUD,HOUSE OF REPRESENTATIVES; SENATE,MENDA FIFE,"""Virginia Class"";AUKUS","HR 5860 - Fiscal Year 2024 Continuing Appropriations and Other Extensions Act - monitored legislation House (HR 4365) and Senate (S 2587) Fiscal Year 2024 Department of Defense Appropriations Bill -- issues and funding related to auxiliary shipbuilding, submarines, Army armored vehicles and communications equipment, indemnification and Unusually Hazardous Risk, and the Australia - United Kingdom - United States (AUKUS) partnership and Virginia Class Submarines. House (HR 4820) and Senate (S 2437) Fiscal Year 2024 Transportation, Housing and Urban Development Appropriations Bill -- issues and funding related to the Maritime Administration's Ready Reserve ""sealift"" recapitalization, commercial shipping, the shipbuilding industry regarding the Maritime Guaranteed Loan Program and the Jones Act, and Federal Aviation Administration (FAA) emissions standards.",https://lda.gov/filings/public/filing/7499920b-e204-402b-a4f2-d5dd56f8e4ad/print/
7499920b-e204-402b-a4f2-d5dd56f8e4ad,Q3,2023,third_quarter,2023-10-16T17:52:54-04:00,"FIFESTRATEGIES, LLC",GENERAL DYNAMICS,70000.00,,DEF,HOUSE OF REPRESENTATIVES; SENATE,MENDA FIFE,"""Virginia Class"";AUKUS","House (HR 4365) and Senate (S 2226) Fiscal Year 2024 National Defense Authorization Act -- issues and funding related to auxiliary shipbuilding, submarines, Army armored vehicles and communications equipment, indemnification and Unusually Hazardous Risk, and the Australia - United Kingdom - United States (AUKUS) partnership and Virginia Class Submarines.",https://lda.gov/filings/public/filing/7499920b-e204-402b-a4f2-d5dd56f8e4ad/print/
7499920b-e204-402b-a4f2-d5dd56f8e4ad,Q3,2023,third_quarter,2023-10-16T17:52:54-04:00,"FIFESTRATEGIES, LLC",GENERAL DYNAMICS,70000.00,,FOR,HOUSE OF REPRESENTATIVES; SENATE,MENDA FIFE,"""Virginia Class"";AUKUS",Issues related to military equipment sales to key nations and the Australia - United Kingdom - United States (AUKUS) partnership and Virginia Class Submarines.,https://lda.gov/filings/public/filing/7499920b-e204-402b-a4f2-d5dd56f8e4ad/print/
35916ce3-d80d-4ff5-8dab-f51c080cd015,Q3,2023,third_quarter,2023-10-17T17:08:49-04:00,GENERAL DYNAMICS CORP,GENERAL DYNAMICS CORP,,2810000.00,FOR,"HOUSE OF REPRESENTATIVES; SENATE; State, Dept of (DOS)",TERESA GAINES; DAVID MORRISS; JENNIFER NAVARRO; ADAM PAULSON; DOUGLAS RITTER; ROBERT HELM; ELIZABETH SCHMID; ERICA STRIEBEL; DAVID GILLIES; BRIAN POTTS; SHANA CHANDLER,"""Virginia Class"";AUKUS",FY24 State and Foreign Operations & FY24 Department of State issues and funding including but not limited to relevant cyber programs; information systems; telecommunications; technology equipment; infrastructure; support & services; foreign military sales & direct commercial sales to include those by non-United States based subsidiaries; the Australia - United Kingdom - United States (AUKUS) partnership and Virginia Class Submarines.,https://lda.gov/filings/public/filing/35916ce3-d80d-4ff5-8dab-f51c080cd015/print/
c0c40f07-93b5-4981-9e50-ef3c4558d5f4,Q3,2023,third_quarter,2023-10-19T14:19:18-04:00,"AEROSPACE INDUSTRIES ASSOCIATION OF AMERICA, INC.",AEROSPACE INDUSTRIES ASSOCIATION OF AMERICA INC,,270000.00,TRD,"Commerce, Dept of (DOC); Defense, Dept of (DOD); Export-Import Bank of the United States (EXIM Bank); HOUSE OF REPRESENTATIVES; Natl Economic Council (NEC); SENATE; State, Dept of (DOS)",JEFFREY WILSON,AUKUS,Foreign military sales; export controls; AUKUS (Australia United Kingdom United States),https://lda.gov/filings/public/filing/c0c40f07-93b5-4981-9e50-ef3c4558d5f4/print/
5d0a03d5-b949-4c55-84bd-445e054bde9c,2A,2023,second_quarter,2023-10-19T14:30:33-04:00,"BAE SYSTEMS, INC.",BAE SYSTEMS INC,,860000.00,DEF,"Defense, Dept of (DOD); HOUSE OF REPRESENTATIVES; SENATE",MICHAEL MCBRIDE; THOMAS BISHOP; TISHA WRIGHT; DONALD BERGIN; KATIE MCINTYRE; SHELLY STONEMAN; CHRISTOPHER GASPAR,AUKUS,"Department of Defense Appropriations Act of 2024 (HR 4365/S XXXX); provisions regarding R&D-Army, Navy/USMC, Air Force, & Defense Wide; Aircraft Procurement- Air Force, Navy, Marine Corps; Procurement Ammunition Navy & Marine Corps; Missile Procurement- Army, Air Force, & Navy; Weapons & Tracked Combat Vehicles (WTCV) Procurement; Other issues: F-35 Joint Strike Fighter; B-21; Tactical Aircraft; Airborne Electronic Attack; Long Range Precision Fires; Maritime Patrol/Reconnaissance; Airborne Radios; Aircraft Survivability Equipment; Electronic Warfare; Precision Guided Munitions; Munitions; Long Range Intelligence, Surveillance and Reconnaissance (ISR); Signal Intelligence (SIGINT); Naval Ship Repair; Naval Guns; Industrial Base issues; Weapon Systems Programs; Secure Communications Systems; Combat Mission Systems; Paladin PIM; Bradley Fighting Vehicle; M88 Recovery Vehicle; USMC Amphibious Combat Vehicles (ACV); Army Combat Vehicles; Armored Multi-Purpose Vehicles (AMPV); Hypervelocity Projectile (HVP); High Power Microwave (HPMW); Projectiles; AUKUS; Overall Defense National Defense Authorization Act for Fiscal Year 2024 (HR 2670/S XXXX) provisions regarding R&D-Army, Navy/USMC, Air Force, & Defense Wide; Aircraft Procurement- Air Force, Navy, Marine Corps; Procurement Ammunition Navy & Marine Corps; Missile Procurement- Army, Air Force, & Navy; Weapons & Tracked Combat Vehicles (WTCV) Procurement; Other issues: F-35 Joint Strike Fighter; B-21; Tactical Aircraft; Airborne Electronic Attack; Long Range Precision Fires; Maritime Patrol/Reconnaissance; Airborne Radios; Aircraft Survivability Equipment; Electronic Warfare; Precision Guided Munitions; Munitions; Long Range Intelligence, Surveillance and Reconnaissance (ISR); Signal Intelligence (SIGINT); Naval Ship Repair; Naval Guns; Industrial Base issues; Weapon Systems Programs; Secure Communications Systems; Combat Mission Systems; Paladin PIM; Bradley Fighting Vehicle; M88 Recovery Vehicle; USMC Amphibious Combat Vehicles (ACV); Army Combat Vehicles; Armored Multi-Purpose Vehicles (AMPV); Hypervelocity Projectile (HVP); High Power Microwave (HPMW); Projectiles; Strategic Forces; Marine Corps Wargaming; Over the Horizon Radar; AUKUS; Overall Defense",https://lda.gov/filings/public/filing/5d0a03d5-b949-4c55-84bd-445e054bde9c/print/
3a0debd7-d873-4987-9e5d-dd3935670d49,Q3,2023,third_quarter,2023-10-19T15:36:10-04:00,HUNTINGTON INGALLS INDUSTRIES INCORPORATED,HUNTINGTON INGALLS INDUSTRIES INCORPORATED,,1115468.00,FOR,HOUSE OF REPRESENTATIVES; SENATE,CAROLYN APOSTOLOU; STEWART HOLMES; PETER COURTNEY; ROGER WEST; CHARLES HICKS,AUKUS,AUKUS related legislation,https://lda.gov/filings/public/filing/3a0debd7-d873-4987-9e5d-dd3935670d49/print/
a4b3f4ec-7dde-44f0-9954-41749bc66034,RR,2023,fourth_quarter,2023-10-20T11:34:58-04:00,FEDERAL BUSINESS GROUP,COPPER ALLOYS+,,,DEF,,JOE SPATA,AUKUS,"Completion of the AUKUS agreement between, the US, UK and Australia.",https://lda.gov/filings/public/filing/a4b3f4ec-7dde-44f0-9954-41749bc66034/print/
0c4d47cd-2ff5-4192-b26b-350b970aec11,Q3,2023,third_quarter,2023-10-20T13:42:08-04:00,FDD ACTION,FDD ACTION,,90000.00,DEF,HOUSE OF REPRESENTATIVES; SENATE,TYLER STAPLETON; MATTHEW REID ZWEIG; NICHOLAS STEWART,AUKUS,"H.R. 3152, Fight CRIME Act, all provisions. H.R. 4709, U.S.-Israel Anti-Killer Drone Act of 2023, all provisions. H.R. 5917, Strengthening Tools to Counter the Use of Human Shields, all provisions. H.R. 760, Chinese Military and Surveillance Company Sanctions Act of 2023, all provisions. S. 2336, Making Iran Sanctions Stick In Lieu of Expiration of Sanctions (MISSILES) Act, all provisions. S. 2226, National Defense Authorization Act for Fiscal Year 2024, (issues related to Agricultural Foreign Adversaries Investment, Amendment to Department of State Rewards Program, Assad Regime Anti-Normalization Act, CONVENE Act, Countering Economic Coercion Act, Countering Global Corruption and Foreign Kleptocracy, Countering Unmanned Aerial Systems, Establishment of Office of Strategic Capital, Extension of Authority to Waive Limitations on the Transfer of Articles on the United States Munitions List to the Republic of Cyprus, Foreign Extortion Prevention Act, Foreign Influence Operations Disclosures, International Narcotics Trafficking, Know Your App Act, Middle East Integrated Defense Cooperation and Systems, Rebuilding Economic Prosperity and Opportunity for Ukraine Act, Sanctions Against Destabilizing Iranian-Russian Aggression Act, U.S. Iran Sanctions Policy, U.S.-Israel Security Cooperation, and United States Special Presidential Envoy for the Abraham Accords, Negev Forum, and Related Normalization Agreements). H.R. 2670, National Defense Authorization Act for Fiscal Year 2024, (issues related to Annual Report on Use of Social Media by Foreign Terrorist Organizations, Anti-Israel Boycotts, Banking Transparency for Sanctions Persons, Certification and Comptroller General Report Relating to Prepositioned Stocks of Department of Defense, China's Economic and Security Cooperation with Iran and Russia, Chinese Military and Surveillance Companies, Chinese, Iranian, and Russian Activities in Latin America, Determination with Respect to Suspension of the Rights and Privileges of Russia Under the Organization for the Prohibition of Chemical Weapons, Enhancing Department of Defense Coordination of Geoeconomic Affairs, Establishment of Office of Strategic Capital, Foreign Extortion Prevention Act, Foreign Influence Operations Disclosures, Global Port Infrastructure Reporting, Inadmissibility of Members of Significant Transnational Criminal Organizations, International Narcotics Trafficking, Investment of Thrift Savings Fund, Iran-Related Prohibitions on Use of Funds, Know Your App Act, Limitation on Access for Covered Individuals to Certain Facilities of the Department of Defense, Department of Transportation, and Department of Energy, Limitation on Funding for the World Health Organization, Middle East Integrated Defense Cooperation and Systems, Production Capacity for Critical Munitions, Prohibition on Use of Funds to Seek to Remove Iran from the Financial Action Task Forces High-Risk Jurisdictions Subject to a Call for Action or Reduce the Application of Counter Measures with Respect to Iran, Public Reporting of Iranian Defense Companies, Removal of Waiver Authority with Respect to Afghanistan, Report on Effectiveness of Taliban Sanctions, Report on Information Operations Capabilities of Russia, Report on the Establishment of a United States-South Korea Nuclear Consultation Group, Report on the Security Relationship Between the United States and the Hellenic Republic, Report on United States Force Capabilities in the CENTCOM Area of Responsibility, Reporting on Irans Military and Nuclear Activities, Reports and Briefings Relating to North Korea, Securing Critical Supply Chains, Securing Our Airspace from Reconnaissance, Sense of Congress on Defense Intelligence Sharing Between the Republic of Korea, Japan, and Taiwan, Special Envoy for the Abraham Accords Act, Strengthening Tools to Counter the Use of Human Shields Act, U.S. Arms Sales Policy, U.S. China Sanctions Policy, U.S. Iran Sanctions Policy, U.S. Policy on Irans Support for Terrorism, U.S. Policy on Russias War in Ukraine, U.S. Syria Sanctions Policy, U.S.-Israel Security Cooperation, and U.S.-Taiwan Security Cooperation) H.R. 4365, Making appropriations for the Department of Defense the fiscal year ending September 30, 2024, and for other purposes, (issues related to U.S. Iran Sanctions Policy, Frozen Iranian Assets, and Arab Gas Pipeline) Issues related to AUKUS Strategic Partnership, China Overseas Basing, Chinas Military Strategy and Capabilities, Chinese and Russian Economic and Military Support for Iran, Chinese Military and Surveillance Companies, Countering Iranian Maritime Aggression, Developing U.S. UAV Capabilities, Expanding U.S.-Israel Military Exercises, Implementation of the Authorization for Use of Military Force of 2001, Implementation of the US-Israel Operations-Technology Working Group, Iran Conventional Arms Sanctions, Irans Military Strategy and Capabilities, Irans Network of Terror Proxies, Iranian Support for Russias War in Ukraine, Iranian-Russian Nuclear Cooperation, Middle East Integrated Defense Cooperation and Systems, Russias Foreign Policy and Military Strategy, Russian Information Operations Capabilities, Security Situation in the Caribbean, U.S. Arms Sales Policy, U.S. F-35 Program Supply Chain Issues, U.S. Military Capabilities, Deterrence, and Posture in the Indo-Pacific, U.S. Military Capabilities, Deterrence, and Posture in the Middle East, U.S. Policy on Hezbollah in Lebanon, U.S. Policy on Irans Ballistic Missile and Nuclear Programs, U.S. Policy on Russias War in Ukraine, U.S.-Funded Programming in the Middle East, U.S.-Israel Agricultural Cooperation, U.S.-Israel Security Cooperation, U.S.-Taiwan Security Cooperation, and U.S.-Ukraine Security Cooperation (no bill).",https://lda.gov/filings/public/filing/0c4d47cd-2ff5-4192-b26b-350b970aec11/print/
f7a19783-55de-4d09-bca2-18a877668801,Q3,2023,third_quarter,2023-10-20T14:06:36-04:00,BOEING COMPANY,BOEING COMPANY,,3240000.00,FOR,"Commerce, Dept of (DOC); Defense, Dept of (DOD); HOUSE OF REPRESENTATIVES; Natl Economic Council (NEC); Natl Security Council (NSC); Office of the Vice President of the United States; SENATE; State, Dept of (DOS); Transportation, Dept of (DOT); Treasury, Dept of; U.S. Trade Representative (USTR); White House Office",HEATH BUMGARDNER; DARIO GOMEZ; THEODORE AUSTELL; TOM MCLEMORE; MEGAN BELL; MATTHEW MCCARTHY; ZIAD OJAKLI; STEVEN BACHMANN; CHAD KREIKEMEIER; MATTHEW WASHINGTON; RACHEL LIPSEY,AUKUS,"International sales and service (commercial and military). International supply chain. China relations. Russia sanctions. H.R. 4521 - America Competes Act of 2022. AUKUS legislation. Fiscal Year 2024 State, Foreign Operations, & Related Programs Appropriations.",https://lda.gov/filings/public/filing/f7a19783-55de-4d09-bca2-18a877668801/print/
b651c9c6-1baa-4a0d-930d-c4ce92a434d6,Q3,2023,third_quarter,2023-10-20T14:59:03-04:00,LOCKHEED MARTIN CORPORATION,LOCKHEED MARTIN CORPORATION,,3350000.00,TRD,HOUSE OF REPRESENTATIVES; SENATE,CARRIE DESMOND,AUKUS,"S2226/HR 2670 - National Defense Authorization Act for Fiscal Year 2024, Title XII, including issues related to foreign nations and provisions to AUKUS; Congressional Notifications for potential arms sales",https://lda.gov/filings/public/filing/b651c9c6-1baa-4a0d-930d-c4ce92a434d6/print/
05703b04-7c29-4f66-9054-7d799a261a23,Q3,2023,third_quarter,2023-10-20T19:57:56-04:00,RTX CORPORATION AND AFFILIATES,RTX CORPORATION AND AFFILIATES,,2750000.00,FOR,"Commerce, Dept of (DOC); Defense, Dept of (DOD); Defense Security Cooperation Agency (DSCA); HOUSE OF REPRESENTATIVES; SENATE",ROBERT NEAL; JEFF SHOCKEY; JENNIFER MILLER; SALLY SULLIVAN; ART CAMERON; THOMAS CULLIGAN; JESSICA CALIO; ERICA LEFAIVE; MICHELLE JELNICKY; AIDAN TRUMMEL; TIMOTHY PRINCE,4619;AUKUS;TORPEDO,"Issues associated with Congressional notifications of proposed foreign military and direct commercial sales. Issues related to export control reform and foreign military sales policy. Issues related to U.S. defense cooperation with countries in Asia, Europe, the Americas, and the Middle East. H.R. 4665/S. 2438 - Making appropriations for the Department of State, foreign operations, and related programs FY24; provisions related to foreign military assistance. H.R. 2670/S. 2226 - National Defense Authorization Act FY24, H.R. 4725 - AUKUS Oversight and Accountability (AOA) Act of 2023, H.R. 4619 - AUKUS Submarine Transfer Authorization Act 2023, H.R. 4716 - Keeping our Allies Leading in Advancement (KOALA) Act 2023, H.R.4715 - Bilateral Resilience in Industry Trade Security (BRITS) Act 2023; S.1471 - Truncating Onerous Regulations for Partners and Enhancing Deterrence Operations (TORPEDO) Act of 2023; provisions related to export control reform.",https://lda.gov/filings/public/filing/05703b04-7c29-4f66-9054-7d799a261a23/print/
ac5df665-a957-4eca-87af-1cb6f3942ff4,Q4,2023,fourth_quarter,2024-01-17T15:23:10-05:00,"AEROSPACE INDUSTRIES ASSOCIATION OF AMERICA, INC.",AEROSPACE INDUSTRIES ASSOCIATION OF AMERICA INC,,310000.00,TRD,"Commerce, Dept of (DOC); Defense, Dept of (DOD); Export-Import Bank of the United States (EXIM Bank); HOUSE OF REPRESENTATIVES; Natl Economic Council (NEC); SENATE; State, Dept of (DOS)",JEFFREY WILSON,AUKUS,Foreign military sales; export controls; AUKUS (Australia United Kingdom United States),https://lda.gov/filings/public/filing/ac5df665-a957-4eca-87af-1cb6f3942ff4/print/
b805a099-8a71-4020-a83a-8a59d707b946,Q4,2023,fourth_quarter,2024-01-18T09:36:57-05:00,GENERAL DYNAMICS CORP,GENERAL DYNAMICS CORP,,2960000.00,FOR,"HOUSE OF REPRESENTATIVES; SENATE; State, Dept of (DOS)",JENNIFER NAVARRO; ADAM PAULSON; TERESA GAINES; DAVID MORRISS; DOUGLAS RITTER; ROBERT HELM; ELIZABETH SCHMID; ERICA STRIEBEL; DAVID GILLIES; BRIAN POTTS; SHANA CHANDLER,"""Virginia Class"";AUKUS",FY24 State and Foreign Operations & FY24 Department of State issues and funding including but not limited to relevant cyber programs; information systems; telecommunications; technology equipment; infrastructure; support & services; foreign military sales & direct commercial sales to include those by non-United States based subsidiaries; the Australia - United Kingdom - United States (AUKUS) partnership and Virginia Class Submarines.,https://lda.gov/filings/public/filing/b805a099-8a71-4020-a83a-8a59d707b946/print/
382d69ae-2bcc-4280-bb7b-4935a52773d4,Q4,2023,fourth_quarter,2024-01-19T10:07:31-05:00,"FIFESTRATEGIES, LLC",GENERAL DYNAMICS,70000.00,,FOR,HOUSE OF REPRESENTATIVES; SENATE,MENDA FIFE,"""Virginia Class"";AUKUS",Issues related to military equipment sales to key nations and the Australia - United Kingdom - United States (AUKUS) partnership and Virginia Class Submarines.,https://lda.gov/filings/public/filing/382d69ae-2bcc-4280-bb7b-4935a52773d4/print/
382d69ae-2bcc-4280-bb7b-4935a52773d4,Q4,2023,fourth_quarter,2024-01-19T10:07:31-05:00,"FIFESTRATEGIES, LLC",GENERAL DYNAMICS,70000.00,,BUD,HOUSE OF REPRESENTATIVES; SENATE,MENDA FIFE,"""Virginia Class"";AUKUS","HR 6363 - Fiscal Year 2024 Further Continuing Appropriations and Other Extensions - monitored legislation HR 5860 - Fiscal Year 2024 Continuing Appropriations and Other Extensions Act - monitored legislation House (HR 4365) and Senate (S 2587) Fiscal Year 2024 Department of Defense Appropriations Bill -- issues and funding related to auxiliary shipbuilding, submarines, Army armored vehicles and communications equipment, indemnification and Unusually Hazardous Risk, and the Australia - United Kingdom - United States (AUKUS) partnership and Virginia Class Submarines. House (HR 4820) and Senate (S 2437) Fiscal Year 2024 Transportation, Housing and Urban Development Appropriations Bill -- issues and funding related to the Maritime Administration's Ready Reserve ""sealift"" recapitalization, commercial shipping, the shipbuilding industry regarding the Maritime Guaranteed Loan Program and the Jones Act, and Federal Aviation Administration (FAA) emissions standards.",https://lda.gov/filings/public/filing/382d69ae-2bcc-4280-bb7b-4935a52773d4/print/
382d69ae-2bcc-4280-bb7b-4935a52773d4,Q4,2023,fourth_quarter,2024-01-19T10:07:31-05:00,"FIFESTRATEGIES, LLC",GENERAL DYNAMICS,70000.00,,DEF,HOUSE OF REPRESENTATIVES; SENATE,MENDA FIFE,"""Virginia Class"";AUKUS","House (HR 4365), Senate (S 2226), and conference Fiscal Year 2024 National Defense Authorization Act -- issues and funding related to auxiliary shipbuilding, submarines, Army armored vehicles and communications equipment, indemnification and Unusually Hazardous Risk, and the Australia - United Kingdom - United States (AUKUS) partnership and Virginia Class Submarines.",https://lda.gov/filings/public/filing/382d69ae-2bcc-4280-bb7b-4935a52773d4/print/
69cf95de-6090-470b-8922-c6db28ee7367,Q4,2023,fourth_quarter,2024-01-22T09:25:19-05:00,HUNTINGTON INGALLS INDUSTRIES INCORPORATED,HUNTINGTON INGALLS INDUSTRIES INCORPORATED,,4972216.00,FOR,HOUSE OF REPRESENTATIVES; SENATE,CAROLYN APOSTOLOU; STEWART HOLMES; PETER COURTNEY; ROGER WEST; CHARLES HICKS,AUKUS,AUKUS related legislation,https://lda.gov/filings/public/filing/69cf95de-6090-470b-8922-c6db28ee7367/print/
5211f55e-43fd-4e79-b0d7-7d9b548564d8,Q4,2023,fourth_quarter,2024-01-22T14:43:35-05:00,FDD ACTION,FDD ACTION,,200000.00,DEF,HOUSE OF REPRESENTATIVES; SENATE,TYLER STAPLETON; MATTHEW REID ZWEIG; TOBY DERSHOWITZ; NICHOLAS STEWART,AUKUS,"H.R. 2973, Maritime Architecture and Response to International Terrorism In the Middle East (MARITIME) Act of 2023, all provisions. H.R. 6018, Operation Swords of Iron Supplemental Appropriations Act, all provisions. H.R. 6046, Standing Against Houthi Aggression Act, all provisions. H.R. 6126, The Israel Security Supplemental Appropriations Act, all provisions. H.R. 6431, Trust But Verify Act, all provisions. H.R. 6453, No ICBMs or Drones for Iran Act, all provisions. H.R. 6846, Connecting Oceanias Nations with Vanguard Exercises and National Empowerment (CONVENE) Act of 2023, all provisions. S. 3077, Protect Our Bases Act of 2023, all provisions. S. 3192, Standing Against Houthi Aggression Act, all provisions. S. 3334, No ICBMs or Drones for Iran Act, all provisions. S. 3547, Connecting Oceanias Nations with Vanguard Exercises and National Empowerment (CONVENE) Act of 2023, all provisions. H.R. 2670, National Defense Authorization Act for Fiscal Year 2024, (issues related toAnnual Report on Use of Social Media by Foreign Terrorist Organizations, Anti-Israel Boycotts, Banking Transparency for Sanctions Persons, Certification and Comptroller General Report Relating to Prepositioned Stocks of Department of Defense, China's Economic and Security Cooperation with Iran and Russia, Chinese EV Manufacturing, Chinese Military and Surveillance Companies, Chinese, Iranian, and Russian Activities in Latin America, Determination with Respect to Suspension of the Rights and Privileges of Russia Under the Organization for the Prohibition of Chemical Weapons, Enhancing Department of Defense Coordination of Geoeconomic Affairs, Establishment of Office of Strategic Capital, Foreign Extortion Prevention Act, Foreign Influence Operations Disclosures, Global Port Infrastructure Reporting, Inadmissibility of Members of Significant Transnational Criminal Organizations, International Narcotics Production and Trafficking, Investment of Thrift Savings Fund, Iran-Related Prohibitions on Use of U.S. Funds, Know Your App Act, Limitation on Access for Covered Individuals to Certain Facilities of the Department of Defense, Department of Transportation, and Department of Energy, Limitation on Funding for the World Health Organization, Middle East Integrated Defense Cooperation and Systems, Production Capacity for Critical Munitions, Prohibition on Computers or Printers Acquisitions Involving Entities Owned or Controlled by China, Prohibition on Use of Funds to Seek to Remove Iran from the Financial Action Task Forces High-Risk Jurisdictions Subject to a Call for Action or Reduce the Application of Counter Measures with Respect to Iran, Public Reporting of Iranian Defense Companies, Removal of Waiver Authority with Respect to Afghanistan, Report on Effectiveness of Taliban Sanctions, Report on Information Operations Capabilities of Russia, Report on the Establishment of a United States-South Korea Nuclear Consultation Group, Report on the Security Relationship Between the United States and the Hellenic Republic, Report on United States Force Capabilities in the CENTCOM Area of Responsibility, Reporting on Irans Military and Nuclear Activities, Reports and Briefings Relating to North Korea, Securing Critical U.S. Supply Chains, Securing Our Airspace from Reconnaissance, Sense of Congress on Defense Intelligence Sharing Between the Republic of Korea, Japan, and Taiwan, Special Envoy for the Abraham Accords Act, Strengthening Tools to Counter the Use of Human Shields Act, U.S. Arms Sales Policy, U.S. China Sanctions Policy, U.S. Cybersecurity Capabilities and Strategy, U.S. Iran Sanctions Policy, U.S. Policy on Irans Support for Terrorism, U.S. Policy on Russias War in Ukraine, U.S. Syria Sanctions Policy, U.S.-Israel Security Cooperation, and U.S.-Taiwan Security Cooperation). S. 2226, National Defense Authorization Act for Fiscal Year 2024, (issues related toAgricultural Foreign Adversaries Investment, Amendment to the Department of State Rewards Program, American Security Drone Act, Assad Regime Anti-Normalization Act, CONVENE Act, Countering Economic Coercion Act, Countering Global Corruption and Foreign Kleptocracy, Countering Unmanned Aerial Systems, Establishment of Office of Strategic Capital, Extension of Authority to Waive Limitations on the Transfer of Articles on the United States Munitions List to the Republic of Cyprus, Foreign Extortion Prevention Act, Foreign Influence Operations Disclosures, International Narcotics Production and Trafficking, Know Your App Act, Middle East Integrated Defense Cooperation and Systems, Outbound Investment Transparency Act, Rebuilding Economic Prosperity and Opportunity for Ukraine Act, Sanctions Against Destabilizing Iranian-Russian Aggression Act, U.S. Cybersecurity Capabilities and Strategy, U.S. Iran Sanctions Policy, U.S.-Israel Security Cooperation, and United States Special Presidential Envoy for the Abraham Accords, Negev Forum, and Related Normalization Agreements). Issues related to AUKUS Strategic Partnership, China Overseas Basing, Chinas Military Strategy and Capabilities, Chinese and Russian Economic and Military Support for Iran, Chinese and Russian Nuclear Operations and Programs, Countering Iranian and Houthi Maritime Aggression, Implementation of the Chemical and Biological Weapons Control and Warfare Elimination Act, Implementation of the US-Israel Operations-Technology Working Group, Iran Conventional Arms Sanctions, Irans Military Strategy and Capabilities, Irans Network of Terror Proxies, Iranian Support for Russias War in Ukraine, Israeli Operations in Gaza, Major Non-NATO Allies, Nuclear Proliferation in the Middle East, Russias Foreign Policy and Military Strategy, Security Situation in the Balkans, U.S. Arms Sales Policy, U.S. Policy on Irans Ballistic Missile and Nuclear Programs, U.S. Policy on Russias War in Ukraine, U.S.-Israel Security Cooperation, U.S.-Taiwan Security Cooperation, U.S.-Ukraine Security Cooperation, and White House Supplemental Spending Requests (no bill).",https://lda.gov/filings/public/filing/5211f55e-43fd-4e79-b0d7-7d9b548564d8/print/
66276f06-8e29-4758-a503-463bdf2e4384,Q4,2023,fourth_quarter,2024-01-22T14:54:41-05:00,"THEGROUP DC, LLC",HII,50000.00,,DEF,HOUSE OF REPRESENTATIVES; SENATE,DARREL THOMPSON,AUKUS,"H.R. 2670, National Defense Authorization Act (NDAA) for Fiscal Year 2024, Issues related to shipbuilding and components Issues related to the Australia-U.S.-UK (AUKUS) security partnership",https://lda.gov/filings/public/filing/66276f06-8e29-4758-a503-463bdf2e4384/print/
c6e3e7b6-1714-431f-9eb7-66dae1bd7960,Q4,2023,fourth_quarter,2024-01-22T16:27:40-05:00,LOCKHEED MARTIN CORPORATION,LOCKHEED MARTIN CORPORATION,,3660000.00,TRD,HOUSE OF REPRESENTATIVES; SENATE,CARRIE DESMOND,AUKUS,"S 2226 - National Defense Authorization Act for Fiscal Year 2024, Title XII, including issues related to foreign nations and provisions related to AUKUS; Congressional notifications for potential arms sales",https://lda.gov/filings/public/filing/c6e3e7b6-1714-431f-9eb7-66dae1bd7960/print/
fdf24978-1a8c-4edc-b123-50410ae42449,Q4,2023,fourth_quarter,2024-01-22T17:41:06-05:00,BOEING COMPANY,BOEING COMPANY,,3780000.00,FOR,"Commerce, Dept of (DOC); Defense, Dept of (DOD); HOUSE OF REPRESENTATIVES; Natl Economic Council (NEC); Natl Security Council (NSC); Office of the Vice President of the United States; SENATE; State, Dept of (DOS); Transportation, Dept of (DOT); Treasury, Dept of; U.S. Trade Representative (USTR); White House Office",HEATH BUMGARDNER; DARIO GOMEZ; THEODORE AUSTELL; TOM MCLEMORE; MEGAN BELL; MATTHEW MCCARTHY; ZIAD OJAKLI; STEVEN BACHMANN; CHAD KREIKEMEIER; MATTHEW WASHINGTON; RACHEL LIPSEY; NICOLE NASON; MICHAEL WACLAWSKI,AUKUS,"International sales and service (commercial and military). International supply chain. China relations. Russia sanctions. H.R. 4521 - America Competes Act of 2022. AUKUS legislation. Fiscal Year 2024 State, Foreign Operations, & Related Programs Appropriations. Foreign Military Financing. FY24 Ukraine and Israel Supplemental.",https://lda.gov/filings/public/filing/fdf24978-1a8c-4edc-b123-50410ae42449/print/
07bdb9b2-30c6-47c8-b247-15510155c82f,Q4,2023,fourth_quarter,2024-01-22T20:41:29-05:00,RTX CORPORATION AND AFFILIATES,RTX CORPORATION AND AFFILIATES,,2690000.00,FOR,"Commerce, Dept of (DOC); Defense, Dept of (DOD); Defense Security Cooperation Agency (DSCA); HOUSE OF REPRESENTATIVES; SENATE",ART CAMERON; THOMAS CULLIGAN; JESSICA CALIO; ERICA LEFAIVE; MICHELLE JELNICKY; AIDAN TRUMMEL; TIMOTHY PRINCE; JENNIFER MILLER; SALLY SULLIVAN; ROBERT NEAL; JEFF SHOCKEY,4619;AUKUS;TORPEDO,"Issues associated with Congressional notifications of proposed foreign military and direct commercial sales. Issues related to export control reform and foreign military sales policy. Issues related to U.S. defense cooperation with countries in Asia, Europe, the Americas, and the Middle East. H.R. 4665/S. 2438 - Department of State, Foreign Operations, and Related Programs Appropriations Act FY24; provisions related to foreign military assistance. H.R. 2670/S. 2226 - National Defense Authorization Act FY24, H.R. 4725 - AUKUS Oversight and Accountability (AOA) Act of 2023, H.R. 4619 - AUKUS Submarine Transfer Authorization Act 2023, H.R. 4716 - Keeping our Allies Leading in Advancement (KOALA) Act 2023, H.R.4715 - Bilateral Resilience in Industry Trade Security (BRITS) Act 2023; S.1471 - Truncating Onerous Regulations for Partners and Enhancing Deterrence Operations (TORPEDO) Act of 2023; provisions related to export control reform.",https://lda.gov/filings/public/filing/07bdb9b2-30c6-47c8-b247-15510155c82f/print/
d88a1d2e-5dc2-4353-baf6-9ce97212ff3b,4A,2023,fourth_quarter,2024-01-23T12:21:49-05:00,FDD ACTION,FDD ACTION,,170000.00,DEF,HOUSE OF REPRESENTATIVES; SENATE,TYLER STAPLETON; MATTHEW REID ZWEIG; TOBY DERSHOWITZ; NICHOLAS STEWART,AUKUS,"H.R. 2973, Maritime Architecture and Response to International Terrorism In the Middle East (MARITIME) Act of 2023, all provisions. H.R. 6018, Operation Swords of Iron Supplemental Appropriations Act, all provisions. H.R. 6046, Standing Against Houthi Aggression Act, all provisions. H.R. 6126, The Israel Security Supplemental Appropriations Act, all provisions. H.R. 6431, Trust But Verify Act, all provisions. H.R. 6453, No ICBMs or Drones for Iran Act, all provisions. H.R. 6846, Connecting Oceanias Nations with Vanguard Exercises and National Empowerment (CONVENE) Act of 2023, all provisions. S. 3077, Protect Our Bases Act of 2023, all provisions. S. 3192, Standing Against Houthi Aggression Act, all provisions. S. 3334, No ICBMs or Drones for Iran Act, all provisions. S. 3547, Connecting Oceanias Nations with Vanguard Exercises and National Empowerment (CONVENE) Act of 2023, all provisions. H.R. 2670, National Defense Authorization Act for Fiscal Year 2024, (issues related toAnnual Report on Use of Social Media by Foreign Terrorist Organizations, Anti-Israel Boycotts, Banking Transparency for Sanctions Persons, Certification and Comptroller General Report Relating to Prepositioned Stocks of Department of Defense, China's Economic and Security Cooperation with Iran and Russia, Chinese EV Manufacturing, Chinese Military and Surveillance Companies, Chinese, Iranian, and Russian Activities in Latin America, Determination with Respect to Suspension of the Rights and Privileges of Russia Under the Organization for the Prohibition of Chemical Weapons, Enhancing Department of Defense Coordination of Geoeconomic Affairs, Establishment of Office of Strategic Capital, Foreign Extortion Prevention Act, Foreign Influence Operations Disclosures, Global Port Infrastructure Reporting, Inadmissibility of Members of Significant Transnational Criminal Organizations, International Narcotics Production and Trafficking, Investment of Thrift Savings Fund, Iran-Related Prohibitions on Use of U.S. Funds, Know Your App Act, Limitation on Access for Covered Individuals to Certain Facilities of the Department of Defense, Department of Transportation, and Department of Energy, Limitation on Funding for the World Health Organization, Middle East Integrated Defense Cooperation and Systems, Production Capacity for Critical Munitions, Prohibition on Computers or Printers Acquisitions Involving Entities Owned or Controlled by China, Prohibition on Use of Funds to Seek to Remove Iran from the Financial Action Task Forces High-Risk Jurisdictions Subject to a Call for Action or Reduce the Application of Counter Measures with Respect to Iran, Public Reporting of Iranian Defense Companies, Removal of Waiver Authority with Respect to Afghanistan, Report on Effectiveness of Taliban Sanctions, Report on Information Operations Capabilities of Russia, Report on the Establishment of a United States-South Korea Nuclear Consultation Group, Report on the Security Relationship Between the United States and the Hellenic Republic, Report on United States Force Capabilities in the CENTCOM Area of Responsibility, Reporting on Irans Military and Nuclear Activities, Reports and Briefings Relating to North Korea, Securing Critical U.S. Supply Chains, Securing Our Airspace from Reconnaissance, Sense of Congress on Defense Intelligence Sharing Between the Republic of Korea, Japan, and Taiwan, Special Envoy for the Abraham Accords Act, Strengthening Tools to Counter the Use of Human Shields Act, U.S. Arms Sales Policy, U.S. China Sanctions Policy, U.S. Cybersecurity Capabilities and Strategy, U.S. Iran Sanctions Policy, U.S. Policy on Irans Support for Terrorism, U.S. Policy on Russias War in Ukraine, U.S. Syria Sanctions Policy, U.S.-Israel Security Cooperation, and U.S.-Taiwan Security Cooperation). S. 2226, National Defense Authorization Act for Fiscal Year 2024, (issues related toAgricultural Foreign Adversaries Investment, Amendment to the Department of State Rewards Program, American Security Drone Act, Assad Regime Anti-Normalization Act, CONVENE Act, Countering Economic Coercion Act, Countering Global Corruption and Foreign Kleptocracy, Countering Unmanned Aerial Systems, Establishment of Office of Strategic Capital, Extension of Authority to Waive Limitations on the Transfer of Articles on the United States Munitions List to the Republic of Cyprus, Foreign Extortion Prevention Act, Foreign Influence Operations Disclosures, International Narcotics Production and Trafficking, Know Your App Act, Middle East Integrated Defense Cooperation and Systems, Outbound Investment Transparency Act, Rebuilding Economic Prosperity and Opportunity for Ukraine Act, Sanctions Against Destabilizing Iranian-Russian Aggression Act, U.S. Cybersecurity Capabilities and Strategy, U.S. Iran Sanctions Policy, U.S.-Israel Security Cooperation, and United States Special Presidential Envoy for the Abraham Accords, Negev Forum, and Related Normalization Agreements). Issues related to AUKUS Strategic Partnership, China Overseas Basing, Chinas Military Strategy and Capabilities, Chinese and Russian Economic and Military Support for Iran, Chinese and Russian Nuclear Operations and Programs, Countering Iranian and Houthi Maritime Aggression, Implementation of the Chemical and Biological Weapons Control and Warfare Elimination Act, Implementation of the US-Israel Operations-Technology Working Group, Iran Conventional Arms Sanctions, Irans Military Strategy and Capabilities, Irans Network of Terror Proxies, Iranian Support for Russias War in Ukraine, Israeli Operations in Gaza, Major Non-NATO Allies, Nuclear Proliferation in the Middle East, Russias Foreign Policy and Military Strategy, Security Situation in the Balkans, U.S. Arms Sales Policy, U.S. Policy on Irans Ballistic Missile and Nuclear Programs, U.S. Policy on Russias War in Ukraine, U.S.-Israel Security Cooperation, U.S.-Taiwan Security Cooperation, U.S.-Ukraine Security Cooperation, and White House Supplemental Spending Requests (no bill).",https://lda.gov/filings/public/filing/d88a1d2e-5dc2-4353-baf6-9ce97212ff3b/print/
0055d4c5-7dd9-4ae2-a272-a5a10e3cd7d8,4A,2023,fourth_quarter,2024-01-24T08:42:16-05:00,HUNTINGTON INGALLS INDUSTRIES INCORPORATED,HUNTINGTON INGALLS INDUSTRIES INCORPORATED,,1109165.00,FOR,HOUSE OF REPRESENTATIVES; SENATE,CAROLYN APOSTOLOU; STEWART HOLMES; PETER COURTNEY; ROGER WEST; CHARLES HICKS,AUKUS,AUKUS related legislation,https://lda.gov/filings/public/filing/0055d4c5-7dd9-4ae2-a272-a5a10e3cd7d8/print/
476cb293-a1d7-466d-80da-f0d1a972cd0e,4A,2023,fourth_quarter,2024-04-18T09:33:11-04:00,"AEROSPACE INDUSTRIES ASSOCIATION OF AMERICA, INC.",AEROSPACE INDUSTRIES ASSOCIATION OF AMERICA INC,,380000.00,TRD,"Commerce, Dept of (DOC); Defense, Dept of (DOD); Export-Import Bank of the United States (EXIM Bank); HOUSE OF REPRESENTATIVES; Natl Economic Council (NEC); SENATE; State, Dept of (DOS)",JEFFREY WILSON,AUKUS,Foreign military sales; export controls; AUKUS (Australia United Kingdom United States),https://lda.gov/filings/public/filing/476cb293-a1d7-466d-80da-f0d1a972cd0e/print/
97ad5866-562a-41be-bdaf-941ae9641594,4A,2023,fourth_quarter,2025-01-24T15:14:49-05:00,RTX CORPORATION AND AFFILIATES,RTX CORPORATION AND AFFILIATES,,2710000.00,FOR,"Commerce, Dept of (DOC); Defense, Dept of (DOD); Defense Security Cooperation Agency (DSCA); HOUSE OF REPRESENTATIVES; SENATE",ROBERT NEAL; JEFF SHOCKEY; JENNIFER MILLER; SALLY SULLIVAN; ART CAMERON; THOMAS CULLIGAN; JESSICA CALIO; ERICA LEFAIVE; MICHELLE JELNICKY; AIDAN TRUMMEL; TIMOTHY PRINCE,4619;AUKUS;TORPEDO,"Issues associated with Congressional notifications of proposed foreign military and direct commercial sales. Issues related to export control reform and foreign military sales policy. Issues related to U.S. defense cooperation with countries in Asia, Europe, the Americas, and the Middle East. H.R. 4665/S. 2438 - Department of State, Foreign Operations, and Related Programs Appropriations Act FY24; provisions related to foreign military assistance. H.R. 2670/S. 2226 - National Defense Authorization Act FY24, H.R. 4725 - AUKUS Oversight and Accountability (AOA) Act of 2023, H.R. 4619 - AUKUS Submarine Transfer Authorization Act 2023, H.R. 4716 - Keeping our Allies Leading in Advancement (KOALA) Act 2023, H.R.4715 - Bilateral Resilience in Industry Trade Security (BRITS) Act 2023; S.1471 - Truncating Onerous Regulations for Partners and Enhancing Deterrence Operations (TORPEDO) Act of 2023; provisions related to export control reform.",https://lda.gov/filings/public/filing/97ad5866-562a-41be-bdaf-941ae9641594/print/
13a47738-aa47-4ba8-b2e5-98f459f70e06,Q1,2024,first_quarter,2024-04-12T16:06:11-04:00,EVERFOX LLC (FKA FORCEPOINT FEDERAL LLC),EVERFOX LLC,,10000.00,FOR,HOUSE OF REPRESENTATIVES; SENATE,NICOLE DI RESTA,AUKUS,"Australia, United Kingdom, United States (AUKUS) Partnership",https://lda.gov/filings/public/filing/13a47738-aa47-4ba8-b2e5-98f459f70e06/print/
d7bebe25-dc2c-4ebd-ab38-dd044ac54414,Q1,2024,first_quarter,2024-04-16T16:48:46-04:00,GENERAL DYNAMICS CORP,GENERAL DYNAMICS CORP,,2910000.00,FOR,"HOUSE OF REPRESENTATIVES; SENATE; State, Dept of (DOS)",TERESA GAINES; JENNIFER NAVARRO; ADAM PAULSON; DOUGLAS RITTER; ROBERT HELM; ELIZABETH SCHMID; ERICA STRIEBEL; DAVID GILLIES; BRIAN POTTS; SHANA CHANDLER,"""Virginia Class"";AUKUS",FY24 State and Foreign Operations & FY24 Department of State issues and funding including but not limited to relevant cyber programs; information systems; telecommunications; technology equipment; infrastructure; support & services; foreign military sales & direct commercial sales to include those by non-United States based subsidiaries; the Australia - United Kingdom - United States (AUKUS) partnership and Virginia Class Submarines.,https://lda.gov/filings/public/filing/d7bebe25-dc2c-4ebd-ab38-dd044ac54414/print/
94876385-c449-4435-bb08-1f2a03405bb3,Q1,2024,first_quarter,2024-04-17T12:58:01-04:00,ROLLS-ROYCE NORTH AMERICA AND ITS AFFILIATES,ROLLS-ROYCE NORTH AMERICA AND ITS AFFILIATES,,260000.00,TRD,"HOUSE OF REPRESENTATIVES; State, Dept of (DOS)",STEVEN WILSON; LINDSAY RATLIFF,AUKUS,Issues related to US/UK/Australia (AUKUS) trade agreement (no bill); issues related to impacts of Russian trade sanctions (no bill).,https://lda.gov/filings/public/filing/94876385-c449-4435-bb08-1f2a03405bb3/print/
e8db0772-8b13-4c3b-bcfb-b9b9fc25502d,Q1,2024,first_quarter,2024-04-18T09:28:10-04:00,"AEROSPACE INDUSTRIES ASSOCIATION OF AMERICA, INC.",AEROSPACE INDUSTRIES ASSOCIATION OF AMERICA INC,,320000.00,TRD,"Commerce, Dept of (DOC); Defense, Dept of (DOD); Export-Import Bank of the United States (EXIM Bank); HOUSE OF REPRESENTATIVES; Natl Economic Council (NEC); SENATE; State, Dept of (DOS)",JEFFREY WILSON,AUKUS,"Foreign military sales; export controls; AUKUS (Australia United Kingdom United States); technology transfers; H.R. 6609 - Foreign Military Sales (FMS) Tiger Act, S. 4015 - Securing Americas Titanium Manufacturing Act",https://lda.gov/filings/public/filing/e8db0772-8b13-4c3b-bcfb-b9b9fc25502d/print/
4d4320ba-ce18-4c94-9202-4128e3e411cb,Q1,2024,first_quarter,2024-04-19T10:49:52-04:00,"FIFESTRATEGIES, LLC",GENERAL DYNAMICS,70000.00,,BUD,HOUSE OF REPRESENTATIVES; SENATE,MENDA FIFE,"""Virginia Class"";AUKUS","House (no bill number) and Senate (no bill number) Fiscal Year 2025 Department of Defense Appropriations Bill - issues and funding related to auxiliary shipbuilding, submarines, Army command and control equipment, and Navy unmanned underwater systems. HR 2882 - Fiscal Year 2024 Further Consolidated Appropriations Act - monitored legislation. HR 7463 - Fiscal Year 2024 Extension of Continuing Appropriations and Other Matters - monitored legislation. HR 2872 - Fiscal Year 2024 Further Additional Continuing Appropriations and Other Extensions Act - monitored legislation. House (HR 4365) and Senate (S 2587) Fiscal Year 2024 Department of Defense Appropriations Bill -- issues and funding related to auxiliary shipbuilding, submarines, Army armored vehicles and communications equipment, indemnification and Unusually Hazardous Risk, and the Australia - United Kingdom - United States (AUKUS) partnership and Virginia Class Submarines. House (HR 4820) and Senate (S 2437) Fiscal Year 2024 Transportation, Housing and Urban Development Appropriations Bill -- issues and funding related to the Maritime Administration's Ready Reserve ""sealift"" recapitalization, commercial shipping, the shipbuilding industry regarding the Maritime Guaranteed Loan Program and the Jones Act, and Federal Aviation Administration (FAA) emissions standards.",https://lda.gov/filings/public/filing/4d4320ba-ce18-4c94-9202-4128e3e411cb/print/
4d4320ba-ce18-4c94-9202-4128e3e411cb,Q1,2024,first_quarter,2024-04-19T10:49:52-04:00,"FIFESTRATEGIES, LLC",GENERAL DYNAMICS,70000.00,,FOR,HOUSE OF REPRESENTATIVES; SENATE,MENDA FIFE,"""Virginia Class"";AUKUS",Monitored issues related to military equipment sales to key nations and the Australia - United Kingdom - United States (AUKUS) partnership and Virginia Class Submarines.,https://lda.gov/filings/public/filing/4d4320ba-ce18-4c94-9202-4128e3e411cb/print/
eb094795-ebcf-4b45-9a32-6e4013a8af23,Q1,2024,first_quarter,2024-04-22T12:19:51-04:00,BAKER DONELSON BEARMAN CALDWELL & BERKOWITZ,PMB DEFENCE,8000.00,,DEF,"Defense, Dept of (DOD)",STEVEN HYJEK; THOMAS SHAW,AUKUS,AUKUS issues and submarine batteries,https://lda.gov/filings/public/filing/eb094795-ebcf-4b45-9a32-6e4013a8af23/print/
df9bdc06-def7-4b1a-868b-34ff15ce74b9,Q1,2024,first_quarter,2024-04-22T15:56:37-04:00,HUNTINGTON INGALLS INDUSTRIES INCORPORATED,HUNTINGTON INGALLS INDUSTRIES INCORPORATED,,1774294.00,FOR,HOUSE OF REPRESENTATIVES; SENATE,STEWART HOLMES; PETER COURTNEY; ROGER WEST; CHARLES HICKS; ELIZABETH BINA BENEDICT,AUKUS,AUKUS related legislation,https://lda.gov/filings/public/filing/df9bdc06-def7-4b1a-868b-34ff15ce74b9/print/
ad7050ea-2e4d-44d4-ad11-992a13a11436,Q1,2024,first_quarter,2024-04-22T16:25:16-04:00,BOEING COMPANY,BOEING COMPANY,,2930000.00,FOR,"Commerce, Dept of (DOC); Defense, Dept of (DOD); HOUSE OF REPRESENTATIVES; Natl Economic Council (NEC); Natl Security Council (NSC); Office of the Vice President of the United States; SENATE; State, Dept of (DOS); Transportation, Dept of (DOT); Treasury, Dept of; U.S. Trade Representative (USTR); White House Office",HEATH BUMGARDNER; DARIO GOMEZ; THEODORE AUSTELL; TOM MCLEMORE; MEGAN BELL; MATTHEW MCCARTHY; ZIAD OJAKLI; STEVEN BACHMANN; CHAD KREIKEMEIER; MATTHEW WASHINGTON; RACHEL LIPSEY; NICOLE NASON; MICHAEL WACLAWSKI,AUKUS,"FY24 State, Foreign Operations, & Related Programs Appropriations. FY24 Supplemental appropriations. International sales and service (commercial and military). International supply chain. China relations. Russia sanctions. AUKUS legislation. Foreign Military Financing.",https://lda.gov/filings/public/filing/ad7050ea-2e4d-44d4-ad11-992a13a11436/print/
4963262b-f628-44ed-aa9e-45522291c957,Q1,2024,first_quarter,2024-04-22T16:35:17-04:00,GEPHARDT GROUP GOVERNMENT AFFAIRS,HUNTINGTON INGALLS INDUSTRIES,60000.00,,DEF,HOUSE OF REPRESENTATIVES; SENATE,CHRISTINA HAMILTON; JANICE O'CONNELL,AUKUS,Monitor issues related to FY2024 NDAA and Appropriations; Monitor issues related to AUKUS,https://lda.gov/filings/public/filing/4963262b-f628-44ed-aa9e-45522291c957/print/
e8533af8-cf44-4b19-8264-6007082a6158,Q1,2024,first_quarter,2024-04-22T17:15:34-04:00,RTX CORPORATION AND AFFILIATES,RTX CORPORATION AND AFFILIATES,,3120000.00,FOR,"Commerce, Dept of (DOC); Defense, Dept of (DOD); HOUSE OF REPRESENTATIVES; SENATE",ROBERT NEAL; JEFF SHOCKEY; JENNIFER MILLER; ART CAMERON; THOMAS CULLIGAN; JESSICA CALIO; ERICA LEFAIVE; MICHELLE JELNICKY; AIDAN TRUMMEL; TIMOTHY PRINCE; TAYLOR GARCIA,4619;AUKUS;TORPEDO,"Issues associated with Congressional notifications of proposed foreign military and direct commercial sales. Issues related to export control reform and foreign military sales policy. Issues related to U.S. defense cooperation with countries in Asia, Europe, the Americas, and the Middle East. P.L. 118-47 Div. F - Department of State, Foreign Operations, and Related Programs Appropriations Act FY24 (and pending FY25 bills); provisions related to foreign military assistance. P.L. 118-31 - National Defense Authorization Act FY24, H.R. 4725 - AUKUS Oversight and Accountability (AOA) Act, H.R. 4619 - the AUKUS Submarine Transfer Authorization Act, H.R. 4716 - Keeping our Allies Leading in Advancement (KOALA) Act, and H.R.4715 - Bilateral Resilience in Industry Trade Security (BRITS) Act; S.1471 - Truncating Onerous Regulations for Partners and Enhancing Deterrence Options (TORPEDO) Act of 2023; provisions related to export control reform.",https://lda.gov/filings/public/filing/e8533af8-cf44-4b19-8264-6007082a6158/print/
87fa1c65-56e2-4541-b1b1-c2fa871e8f04,Q2,2024,second_quarter,2024-07-15T09:19:52-04:00,HUNTINGTON INGALLS INDUSTRIES INCORPORATED,HUNTINGTON INGALLS INDUSTRIES INCORPORATED,,1259896.00,FOR,HOUSE OF REPRESENTATIVES; SENATE,STEWART HOLMES; PETER COURTNEY; ROGER WEST; CHARLES HICKS; ELIZABETH BINA BENEDICT,AUKUS,AUKUS related legislation,https://lda.gov/filings/public/filing/87fa1c65-56e2-4541-b1b1-c2fa871e8f04/print/
4f73062d-f05a-4205-84c1-1c99f5af8ad8,Q2,2024,second_quarter,2024-07-16T09:15:05-04:00,EVERFOX LLC (FKA FORCEPOINT FEDERAL LLC),EVERFOX LLC,,10000.00,FOR,HOUSE OF REPRESENTATIVES; SENATE,NICOLE DI RESTA,AUKUS,"Australia, United Kingdom, United States (AUKUS) Partnership",https://lda.gov/filings/public/filing/4f73062d-f05a-4205-84c1-1c99f5af8ad8/print/
936d573f-b129-472b-8111-b4a77d6b9dae,Q2,2024,second_quarter,2024-07-16T10:24:39-04:00,"FIFESTRATEGIES, LLC",GENERAL DYNAMICS,70000.00,,FOR,HOUSE OF REPRESENTATIVES; SENATE,MENDA FIFE,"""Virginia Class"";AUKUS",Monitored issues related to military equipment sales to key nations and the Australia - United Kingdom - United States (AUKUS) partnership and Virginia Class Submarines.,https://lda.gov/filings/public/filing/936d573f-b129-472b-8111-b4a77d6b9dae/print/
43479929-6bc1-4b5e-998a-0884e3d8c138,Q2,2024,second_quarter,2024-07-16T11:17:09-04:00,ROLLS-ROYCE NORTH AMERICA AND ITS AFFILIATES,ROLLS-ROYCE NORTH AMERICA AND ITS AFFILIATES,,180000.00,TRD,"HOUSE OF REPRESENTATIVES; SENATE; State, Dept of (DOS); Treasury, Dept of",STEVEN WILSON; LINDSAY RATLIFF,AUKUS,Issues related to US/UK/Australia (AUKUS) trade agreement (no bill); issues related to impacts of Russian trade sanctions (no bill).,https://lda.gov/filings/public/filing/43479929-6bc1-4b5e-998a-0884e3d8c138/print/
006717f8-089e-4fc2-bb2b-f0e359c4b8e3,Q2,2024,second_quarter,2024-07-17T09:59:54-04:00,GENERAL DYNAMICS CORP,GENERAL DYNAMICS CORP,,3320000.00,FOR,"HOUSE OF REPRESENTATIVES; SENATE; State, Dept of (DOS)",JENNIFER NAVARRO; ADAM PAULSON; DOUGLAS RITTER; ROBERT HELM; ELIZABETH SCHMID; ERICA STRIEBEL; DAVID GILLIES; BRIAN POTTS; SHANA CHANDLER; PATRICK MCGUIGAN,"""Virginia Class"";AUKUS",FY25 State and Foreign Operations & FY24 Department of State issues and funding including but not limited to relevant cyber programs; information systems; telecommunications; technology equipment; infrastructure; support & services; foreign military sales & direct commercial sales to include those by non-United States based subsidiaries; the Australia - United Kingdom - United States (AUKUS) partnership and Virginia Class Submarines.,https://lda.gov/filings/public/filing/006717f8-089e-4fc2-bb2b-f0e359c4b8e3/print/
4b057b68-0f08-4a01-a7f4-2f1f0735f96c,Q2,2024,second_quarter,2024-07-17T18:38:47-04:00,BAKER DONELSON BEARMAN CALDWELL & BERKOWITZ,PMB DEFENCE,8000.00,,DEF,"Defense, Dept of (DOD)",STEVEN HYJEK; THOMAS SHAW,AUKUS,AUKUS issues and submarine batteries,https://lda.gov/filings/public/filing/4b057b68-0f08-4a01-a7f4-2f1f0735f96c/print/
a73acbb8-5c1f-4df7-9b78-6f902e19c12f,Q2,2024,second_quarter,2024-07-19T13:56:56-04:00,"AEROSPACE INDUSTRIES ASSOCIATION OF AMERICA, INC.",AEROSPACE INDUSTRIES ASSOCIATION OF AMERICA INC,,360000.00,TRD,"Commerce, Dept of (DOC); Defense, Dept of (DOD); Export-Import Bank of the United States (EXIM Bank); HOUSE OF REPRESENTATIVES; Natl Economic Council (NEC); SENATE; State, Dept of (DOS)",JEFFREY WILSON; NORA KHALIL,AUKUS,"Foreign military sales; export controls; AUKUS (Australia United Kingdom United States) legislation; technology transfers; H.R. 6609 - Foreign Military Sales (FMS) Tiger Act, S. 4015 - Securing Americas Titanium Manufacturing Act; Missile Technology Control Regime (MTCR); Arms Export Control Act (AECA) amendments.",https://lda.gov/filings/public/filing/a73acbb8-5c1f-4df7-9b78-6f902e19c12f/print/
a5d5949b-2251-45c7-87f1-bd139b49d982,Q2,2024,second_quarter,2024-07-22T14:35:07-04:00,GEPHARDT GROUP GOVERNMENT AFFAIRS,HUNTINGTON INGALLS INDUSTRIES,50000.00,,DEF,HOUSE OF REPRESENTATIVES; SENATE,CHRISTINA HAMILTON; JANICE O'CONNELL,AUKUS,Monitor issues related to FY2024 NDAA and Appropriations; Monitor issues related to AUKUS,https://lda.gov/filings/public/filing/a5d5949b-2251-45c7-87f1-bd139b49d982/print/
c2d1ded1-17e2-44d3-86b0-12802a2773e6,Q2,2024,second_quarter,2024-07-22T16:22:53-04:00,BOEING COMPANY,BOEING COMPANY,,3310000.00,FOR,"Commerce, Dept of (DOC); Defense, Dept of (DOD); HOUSE OF REPRESENTATIVES; Natl Economic Council (NEC); Natl Security Council (NSC); Office of the Vice President of the United States; SENATE; State, Dept of (DOS); Transportation, Dept of (DOT); Treasury, Dept of; U.S. Trade Representative (USTR); White House Office",HEATH BUMGARDNER; DARIO GOMEZ; THEODORE AUSTELL; TOM MCLEMORE; MEGAN BELL; MATTHEW MCCARTHY; ZIAD OJAKLI; STEVEN BACHMANN; CHAD KREIKEMEIER; MATTHEW WASHINGTON; RACHEL LIPSEY; NICOLE NASON; MICHAEL SCHNABEL; MICHAEL WACLAWSKI; NICOLE PORRECA,AUKUS,"FY24 Supplemental appropriations. FY25 State, Foreign Operations, & Related Programs Appropriations. International sales and service (commercial and military). International supply chain. China relations. Russia sanctions. AUKUS legislation. Foreign Military Financing.",https://lda.gov/filings/public/filing/c2d1ded1-17e2-44d3-86b0-12802a2773e6/print/
cdcc8dec-a36b-46de-941b-370619b42964,Q2,2024,second_quarter,2024-07-22T16:52:26-04:00,RTX CORPORATION AND AFFILIATES,RTX CORPORATION AND AFFILIATES,,3260000.00,FOR,"Commerce, Dept of (DOC); Defense, Dept of (DOD); HOUSE OF REPRESENTATIVES; SENATE",ROBERT NEAL; JEFF SHOCKEY; JENNIFER MILLER; ART CAMERON; THOMAS CULLIGAN; JESSICA CALIO; ERICA LEFAIVE; MICHELLE JELNICKY; AIDAN TRUMMEL; TIMOTHY PRINCE; TAYLOR GARCIA; KATIE CALHOUN,4619;AUKUS;TORPEDO,"Issues associated with Congressional notifications of proposed foreign military and direct commercial sales. Issues related to export control reform and foreign military sales policy. Issues related to U.S. defense cooperation with countries in Asia, Europe, the Americas, and the Middle East. H.R. 8771 - Department of State, Foreign Operations, and Related Programs Appropriations Act FY25 (Senate bill pending); provisions related to foreign military assistance. H.R. 8070/S. 4638 - National Defense Authorization Act FY25, H.R. 4725 - AUKUS Oversight and Accountability (AOA) Act, H.R. 4619 - AUKUS Submarine Transfer Authorization Act, H.R. 4716 - Keeping our Allies Leading in Advancement (KOALA) Act, and H.R.4715 - Bilateral Resilience in Industry Trade Security (BRITS) Act; S.1471 - Truncating Onerous Regulations for Partners and Enhancing Deterrence Options (TORPEDO) Act of 2023; provisions related to export control reform.",https://lda.gov/filings/public/filing/cdcc8dec-a36b-46de-941b-370619b42964/print/
2b92dc02-6e3a-4512-b7c6-190b15c72fbe,1A,2024,first_quarter,2024-07-22T16:59:43-04:00,RTX CORPORATION AND AFFILIATES,RTX CORPORATION AND AFFILIATES,,3410000.00,FOR,"Commerce, Dept of (DOC); Defense, Dept of (DOD); HOUSE OF REPRESENTATIVES; SENATE",ROBERT NEAL; JEFF SHOCKEY; JENNIFER MILLER; ART CAMERON; THOMAS CULLIGAN; JESSICA CALIO; ERICA LEFAIVE; MICHELLE JELNICKY; AIDAN TRUMMEL; TIMOTHY PRINCE; TAYLOR GARCIA,4619;AUKUS;TORPEDO,"Issues associated with Congressional notifications of proposed foreign military and direct commercial sales. Issues related to export control reform and foreign military sales policy. Issues related to U.S. defense cooperation with countries in Asia, Europe, the Americas, and the Middle East. P.L. 118-47 Div. F - Department of State, Foreign Operations, and Related Programs Appropriations Act FY24 (and pending FY25 bills); provisions related to foreign military assistance. P.L. 118-31 - National Defense Authorization Act FY24, H.R. 4725 - AUKUS Oversight and Accountability (AOA) Act, H.R. 4619 - the AUKUS Submarine Transfer Authorization Act, H.R. 4716 - Keeping our Allies Leading in Advancement (KOALA) Act, and H.R.4715 - Bilateral Resilience in Industry Trade Security (BRITS) Act; S.1471 - Truncating Onerous Regulations for Partners and Enhancing Deterrence Options (TORPEDO) Act of 2023; provisions related to export control reform.",https://lda.gov/filings/public/filing/2b92dc02-6e3a-4512-b7c6-190b15c72fbe/print/
1ec1797d-44c7-4d3b-9a3d-11afedc7af02,1A,2024,first_quarter,2024-09-12T11:10:48-04:00,HUNTINGTON INGALLS INDUSTRIES INCORPORATED,HUNTINGTON INGALLS INDUSTRIES INCORPORATED,,1774294.00,FOR,HOUSE OF REPRESENTATIVES; SENATE,STEWART HOLMES; PETER COURTNEY; ROGER WEST; CHARLES HICKS; ELIZABETH BINA BENEDICT,AUKUS,AUKUS related legislation,https://lda.gov/filings/public/filing/1ec1797d-44c7-4d3b-9a3d-11afedc7af02/print/
71beebaf-bc29-4f63-b144-0de6d1699b3d,Q3,2024,third_quarter,2024-10-15T15:33:00-04:00,ROLLS-ROYCE NORTH AMERICA AND ITS AFFILIATES,ROLLS-ROYCE NORTH AMERICA AND ITS AFFILIATES,,220000.00,TRD,"HOUSE OF REPRESENTATIVES; State, Dept of (DOS)",STEVEN WILSON; LINDSAY RATLIFF,AUKUS,"MTCR Act, H.R. 8892 (issues related to US/UK/Australia (AUKUS) trade agreement); issues related to impacts of Russian trade sanctions (no bill).",https://lda.gov/filings/public/filing/71beebaf-bc29-4f63-b144-0de6d1699b3d/print/
7fd77dbb-d0ef-418e-8854-7d61ffd6d0e8,Q3,2024,third_quarter,2024-10-17T13:39:58-04:00,"AEROSPACE INDUSTRIES ASSOCIATION OF AMERICA, INC.",AEROSPACE INDUSTRIES ASSOCIATION OF AMERICA INC,,340000.00,TRD,"Commerce, Dept of (DOC); Defense, Dept of (DOD); Export-Import Bank of the United States (EXIM Bank); HOUSE OF REPRESENTATIVES; Natl Economic Council (NEC); SENATE; State, Dept of (DOS)",NORA KHALIL; KAYLA RENNER,AUKUS,"Foreign military sales; export controls; AUKUS (Australia United Kingdom United States) legislation; technology transfers; H.R. 6609 - Foreign Military Sales (FMS) Tiger Act, S. 4015 - Securing Americas Titanium Manufacturing Act; Missile Technology Control Regime (MTCR); Arms Export Control Act (AECA) amendments.",https://lda.gov/filings/public/filing/7fd77dbb-d0ef-418e-8854-7d61ffd6d0e8/print/
9cb28c97-df3c-4c1b-8a66-caa9f1e2f2d0,Q3,2024,third_quarter,2024-10-17T18:32:52-04:00,BAKER DONELSON BEARMAN CALDWELL & BERKOWITZ,PMB DEFENCE,8000.00,,DEF,"Defense, Dept of (DOD)",STEVEN HYJEK; THOMAS SHAW,AUKUS,AUKUS issues and submarine batteries,https://lda.gov/filings/public/filing/9cb28c97-df3c-4c1b-8a66-caa9f1e2f2d0/print/
03ed7ce9-5f60-4fd7-91d9-594d95e37055,Q3,2024,third_quarter,2024-10-18T16:25:36-04:00,EVERFOX LLC (FKA FORCEPOINT FEDERAL LLC),EVERFOX LLC,,30000.00,FOR,HOUSE OF REPRESENTATIVES; SENATE,NICOLE DI RESTA,AUKUS,"Australia, United Kingdom, United States (AUKUS) Partnership",https://lda.gov/filings/public/filing/03ed7ce9-5f60-4fd7-91d9-594d95e37055/print/
1ac02a33-70d4-4574-bb35-9dbcc98d094d,Q3,2024,third_quarter,2024-10-18T16:43:47-04:00,GENERAL DYNAMICS CORP,GENERAL DYNAMICS CORP,,2680000.00,FOR,"HOUSE OF REPRESENTATIVES; SENATE; State, Dept of (DOS)",JENNIFER NAVARRO; ADAM PAULSON; DOUGLAS RITTER; ROBERT HELM; ELIZABETH SCHMID; ERICA STRIEBEL; DAVID GILLIES; BRIAN POTTS; SHANA CHANDLER; PATRICK MCGUIGAN,"""Virginia Class"";AUKUS",FY25 State and Foreign Operations & FY24 Department of State issues and funding including but not limited to relevant cyber programs; information systems; telecommunications; technology equipment; infrastructure; support & services; foreign military sales & direct commercial sales to include those by non-United States based subsidiaries; the Australia - United Kingdom - United States (AUKUS) partnership and Virginia Class Submarines.,https://lda.gov/filings/public/filing/1ac02a33-70d4-4574-bb35-9dbcc98d094d/print/
a70d481e-c398-4715-b7f1-41abae6185bc,Q3,2024,third_quarter,2024-10-21T13:02:04-04:00,BOEING COMPANY,BOEING COMPANY,,3180000.00,FOR,"Commerce, Dept of (DOC); Defense, Dept of (DOD); HOUSE OF REPRESENTATIVES; Natl Economic Council (NEC); Natl Security Council (NSC); Office of the Vice President of the United States; SENATE; State, Dept of (DOS); Transportation, Dept of (DOT); Treasury, Dept of; U.S. Trade Representative (USTR); White House Office",HEATH BUMGARDNER; DARIO GOMEZ; THEODORE AUSTELL; TOM MCLEMORE; MEGAN BELL; MATTHEW MCCARTHY; ZIAD OJAKLI; STEVEN BACHMANN; CHAD KREIKEMEIER; MATTHEW WASHINGTON; NICOLE NASON; MICHAEL SCHNABEL; NICOLE PORRECA,AUKUS,"H.R.8771 & S. 4797 - Department of State, Foreign Operations, and Related Programs Appropriations Act, 2025. International sales and service (commercial and military). International supply chain. China relations. Russia sanctions. AUKUS legislation. Foreign Military Financing.",https://lda.gov/filings/public/filing/a70d481e-c398-4715-b7f1-41abae6185bc/print/
28b2fc7a-db93-4194-99d3-9d2e09935cee,Q3,2024,third_quarter,2024-10-21T14:31:56-04:00,"FIFESTRATEGIES, LLC",GENERAL DYNAMICS,70000.00,,FOR,HOUSE OF REPRESENTATIVES; SENATE,MENDA FIFE,"""Virginia Class"";AUKUS",Monitored issues related to military equipment sales to key nations and the Australia - United Kingdom - United States (AUKUS) partnership and Virginia Class Submarines.,https://lda.gov/filings/public/filing/28b2fc7a-db93-4194-99d3-9d2e09935cee/print/
0047100e-d3e2-4a75-b024-7f4309d6282c,Q3,2024,third_quarter,2024-10-21T16:20:06-04:00,GEPHARDT GROUP GOVERNMENT AFFAIRS,HUNTINGTON INGALLS INDUSTRIES,50000.00,,DEF,HOUSE OF REPRESENTATIVES; SENATE,CHRISTINA HAMILTON; JANICE O'CONNELL,AUKUS,"Issues related to FY2025 NDAA and Appropriations; Navy Shipbuilding Programs, Monitor issues related to AUKUS",https://lda.gov/filings/public/filing/0047100e-d3e2-4a75-b024-7f4309d6282c/print/
06a7b826-11a6-4c79-83ef-1380a03f1aad,Q3,2024,third_quarter,2024-10-21T16:40:19-04:00,HUNTINGTON INGALLS INDUSTRIES INCORPORATED,HUNTINGTON INGALLS INDUSTRIES INCORPORATED,,1110000.00,FOR,HOUSE OF REPRESENTATIVES; SENATE,STEWART HOLMES; PETER COURTNEY; ROGER WEST; CHARLES HICKS; ELIZABETH BINA BENEDICT,AUKUS,AUKUS related legislation,https://lda.gov/filings/public/filing/06a7b826-11a6-4c79-83ef-1380a03f1aad/print/
809e9f51-bfc5-41ba-8a56-451d7e90286a,Q3,2024,third_quarter,2024-10-21T23:26:11-04:00,RTX CORPORATION AND AFFILIATES,RTX CORPORATION AND AFFILIATES,,3800000.00,FOR,"Defense, Dept of (DOD); HOUSE OF REPRESENTATIVES; SENATE; State, Dept of (DOS)",ROBERT NEAL; JEFF SHOCKEY; JENNIFER MILLER; ART CAMERON; THOMAS CULLIGAN; JESSICA CALIO; ERICA LEFAIVE; MICHELLE JELNICKY; AIDAN TRUMMEL; TIMOTHY PRINCE; TAYLOR GARCIA; KATIE CALHOUN,4619;AUKUS;TORPEDO,"Issues associated with Congressional notifications of proposed foreign military and direct commercial sales. Issues related to export control reform and foreign military sales policy. Issues related to U.S. defense cooperation with countries in Asia, Europe, the Americas, and the Middle East. H.R. 8771/S. 4797 - Department of State, Foreign Operations, and Related Programs Appropriations Act FY25; provisions related to foreign military assistance. H.R. 8070/S. 4638 - National Defense Authorization Act FY25, H.R. 4725 - AUKUS Oversight and Accountability (AOA) Act, H.R. 4619 - AUKUS Submarine Transfer Authorization Act, H.R. 4716 - Keeping our Allies Leading in Advancement (KOALA) Act, and H.R.4715 - Bilateral Resilience in Industry Trade Security (BRITS) Act; S.1471 - Truncating Onerous Regulations for Partners and Enhancing Deterrence Options (TORPEDO) Act of 2023; provisions related to export control reform.",https://lda.gov/filings/public/filing/809e9f51-bfc5-41ba-8a56-451d7e90286a/print/
2ea68192-7099-4d41-b7b0-1d6649a2706d,2A,2024,second_quarter,2024-10-22T09:54:43-04:00,HUNTINGTON INGALLS INDUSTRIES INCORPORATED,HUNTINGTON INGALLS INDUSTRIES INCORPORATED,,1140000.00,FOR,HOUSE OF REPRESENTATIVES; SENATE,STEWART HOLMES; PETER COURTNEY; ROGER WEST; CHARLES HICKS; ELIZABETH BINA BENEDICT,AUKUS,AUKUS related legislation,https://lda.gov/filings/public/filing/2ea68192-7099-4d41-b7b0-1d6649a2706d/print/
f35cccfc-e7e3-4757-ae80-9b31cad1e2f0,2A,2024,second_quarter,2024-12-06T10:19:14-05:00,FLUOR CORPORATION,FLUOR CORPORATION,,765112.00,DEF,HOUSE OF REPRESENTATIVES; SENATE,DAVID MARVENTANO; JOHN GALLAGHER,AUKUS,"Issues related to DOD contingency operations and support services, nuclear programs authorizations -- FY 2025 National Defense Authorization Act (NDAA)--H.R. 8070 Monitored issues related to AUKUS.",https://lda.gov/filings/public/filing/f35cccfc-e7e3-4757-ae80-9b31cad1e2f0/print/
fad4dec2-25b2-4e04-8d18-78073fe166f5,3A,2024,third_quarter,2024-12-06T10:20:54-05:00,FLUOR CORPORATION,FLUOR CORPORATION,,1465165.00,DEF,HOUSE OF REPRESENTATIVES; SENATE,DAVID MARVENTANO; JOHN GALLAGHER,AUKUS,"Issues related to DOD contingency operations and support services, nuclear programs authorizations -- FY 2025 National Defense Authorization Act (NDAA)--H.R. 8070, S 4628. Monitored issues related to AUKUS.",https://lda.gov/filings/public/filing/fad4dec2-25b2-4e04-8d18-78073fe166f5/print/
b9e9408e-6e0b-4448-8d64-9070374a8afd,Q4,2024,fourth_quarter,2025-01-17T10:58:32-05:00,FLUOR CORPORATION,FLUOR CORPORATION,,784804.00,DEF,HOUSE OF REPRESENTATIVES; SENATE,DAVID MARVENTANO; JOHN GALLAGHER; RAMON ZERTUCHE,AUKUS,"Issues related to DOD contingency operations and support services, nuclear programs authorizations -- FY 2025 National Defense Authorization Act (NDAA)--H.R. 5009; Servicemember Quality of Life Improvement and National Defense Authorization Act for Fiscal Year 2025. Monitored issues related to AUKUS and associated projects in Australia.",https://lda.gov/filings/public/filing/b9e9408e-6e0b-4448-8d64-9070374a8afd/print/
6c6d8e08-139d-424a-93dd-f3f903d64fca,Q4,2024,fourth_quarter,2025-01-17T14:43:37-05:00,BAKER DONELSON BEARMAN CALDWELL & BERKOWITZ,PMB DEFENCE,8000.00,,DEF,"Defense, Dept of (DOD)",STEVEN HYJEK; THOMAS SHAW,AUKUS,AUKUS issues and submarine batteries,https://lda.gov/filings/public/filing/6c6d8e08-139d-424a-93dd-f3f903d64fca/print/
05b20d06-71df-48ce-999d-e551c59e9f34,Q4,2024,fourth_quarter,2025-01-17T16:05:58-05:00,GENERAL DYNAMICS CORP,GENERAL DYNAMICS CORP,,3300000.00,FOR,"HOUSE OF REPRESENTATIVES; SENATE; State, Dept of (DOS)",JENNIFER NAVARRO; ADAM PAULSON; DOUGLAS RITTER; ROBERT HELM; ELIZABETH SCHMID; ERICA STRIEBEL; DAVID GILLIES; BRIAN POTTS; SHANA CHANDLER; PATRICK MCGUIGAN,"""Virginia Class"";AUKUS",FY25 State and Foreign Operations & FY24 Department of State issues and funding including but not limited to relevant cyber programs; information systems; telecommunications; technology equipment; infrastructure; support & services; foreign military sales & direct commercial sales to include those by non-United States based subsidiaries; the Australia - United Kingdom - United States (AUKUS) partnership and Virginia Class Submarines.,https://lda.gov/filings/public/filing/05b20d06-71df-48ce-999d-e551c59e9f34/print/
1b752280-92df-4e1c-98ec-35b3986b0d26,Q4,2024,fourth_quarter,2025-01-20T08:23:57-05:00,"FIFESTRATEGIES, LLC",GENERAL DYNAMICS,70000.00,,FOR,HOUSE OF REPRESENTATIVES; SENATE,MENDA FIFE,"""Virginia Class"";AUKUS",Monitored issues related to military equipment sales to key nations and the Australia - United Kingdom - United States (AUKUS) partnership and Virginia Class Submarines.,https://lda.gov/filings/public/filing/1b752280-92df-4e1c-98ec-35b3986b0d26/print/
ab215491-67f0-4af6-8f4d-afb278d98170,Q4,2024,fourth_quarter,2025-01-20T12:10:34-05:00,EVERFOX LLC (FKA FORCEPOINT FEDERAL LLC),EVERFOX LLC,,80000.00,FOR,HOUSE OF REPRESENTATIVES; SENATE,NICOLE DI RESTA,AUKUS,"Australia, United Kingdom, United States (AUKUS) Partnership",https://lda.gov/filings/public/filing/ab215491-67f0-4af6-8f4d-afb278d98170/print/
5182ff1d-d572-4e5e-bbbd-60dd3f55f277,Q4,2024,fourth_quarter,2025-01-20T22:29:08-05:00,RTX CORPORATION AND AFFILIATES,RTX CORPORATION AND AFFILIATES,,3040000.00,FOR,"Defense, Dept of (DOD); HOUSE OF REPRESENTATIVES; SENATE",ROBERT NEAL; JEFF SHOCKEY; JENNIFER MILLER; ART CAMERON; THOMAS CULLIGAN; JESSICA CALIO; ERICA LEFAIVE; MICHELLE JELNICKY; AIDAN TRUMMEL; TIMOTHY PRINCE; TAYLOR GARCIA; KATIE CALHOUN,4619;AUKUS;TORPEDO,"Issues associated with Congressional notifications of proposed foreign military and direct commercial sales. Issues related to export control reform and foreign military sales policy. Issues related to U.S. defense cooperation with countries in Asia, Europe, the Americas, and the Middle East. H.R. 8771/S. 4797 - Department of State, Foreign Operations, and Related Programs Appropriations Act FY25; provisions related to foreign military assistance. P.L. 118-159 - Servicemember Quality of Life Improvement and National Defense Authorization Act FY25, H.R. 4725 - AUKUS Oversight and Accountability (AOA) Act, H.R. 4619 - AUKUS Submarine Transfer Authorization Act, H.R. 4716 - Keeping our Allies Leading in Advancement (KOALA) Act, and H.R.4715 - Bilateral Resilience in Industry Trade Security (BRITS) Act; S.1471 - Truncating Onerous Regulations for Partners and Enhancing Deterrence Options (TORPEDO) Act of 2023; provisions related to export control reform.",https://lda.gov/filings/public/filing/5182ff1d-d572-4e5e-bbbd-60dd3f55f277/print/
90ef9607-90f2-4c92-98b9-d5b527a288a6,Q4,2024,fourth_quarter,2025-01-21T08:54:44-05:00,"AEROSPACE INDUSTRIES ASSOCIATION OF AMERICA, INC.",AEROSPACE INDUSTRIES ASSOCIATION OF AMERICA INC,,570000.00,TRD,"Commerce, Dept of (DOC); Defense, Dept of (DOD); HOUSE OF REPRESENTATIVES; Natl Economic Council (NEC); SENATE; State, Dept of (DOS)",NORA KHALIL; KAYLA RENNER,AUKUS,"Foreign military sales; export controls; AUKUS (Australia United Kingdom United States) legislation; technology transfers; H.R. 6609 - Foreign Military Sales (FMS) Tiger Act, S. 4015 - Securing Americas Titanium Manufacturing Act; Missile Technology Control Regime (MTCR); Arms Export Control Act (AECA) amendments.",https://lda.gov/filings/public/filing/90ef9607-90f2-4c92-98b9-d5b527a288a6/print/
95a3d32e-3210-4f00-9837-f4d35612cf97,Q4,2024,fourth_quarter,2025-01-21T12:11:05-05:00,HUNTINGTON INGALLS INDUSTRIES INCORPORATED,HUNTINGTON INGALLS INDUSTRIES INCORPORATED,,1160000.00,FOR,HOUSE OF REPRESENTATIVES; SENATE,STEWART HOLMES; PETER COURTNEY; ROGER WEST; CHARLES HICKS; ELIZABETH BINA BENEDICT,AUKUS,AUKUS related legislation,https://lda.gov/filings/public/filing/95a3d32e-3210-4f00-9837-f4d35612cf97/print/
e67ed61c-3e13-4644-98ab-4af7beee8716,Q4,2024,fourth_quarter,2025-01-21T15:07:07-05:00,ROLLS-ROYCE NORTH AMERICA AND ITS AFFILIATES,ROLLS-ROYCE NORTH AMERICA AND ITS AFFILIATES,,280000.00,TRD,"HOUSE OF REPRESENTATIVES; SENATE; State, Dept of (DOS)",STEVEN WILSON; LINDSAY RATLIFF; NATHANIEL BENNETT; GEORGE KAMPSTRA,AUKUS,Issues related to US/UK/Australia (AUKUS) trade agreement (no bill); issues related to impacts of Russian trade sanctions (no bill).,https://lda.gov/filings/public/filing/e67ed61c-3e13-4644-98ab-4af7beee8716/print/
a88f6284-ee97-48b3-a87e-38914f252953,Q4,2024,fourth_quarter,2025-01-21T15:17:12-05:00,GEPHARDT GROUP GOVERNMENT AFFAIRS,HUNTINGTON INGALLS INDUSTRIES,50000.00,,DEF,HOUSE OF REPRESENTATIVES; SENATE,CHRISTINA HAMILTON; JANICE O'CONNELL,AUKUS,"Navy Shipbuilding, Monitor issues related to FY2025 NDAA and Appropriations; Monitor issues related to AUKUS",https://lda.gov/filings/public/filing/a88f6284-ee97-48b3-a87e-38914f252953/print/
e7d26c15-bc49-45ad-bf73-d4731ff6fd82,Q4,2024,fourth_quarter,2025-01-21T16:30:12-05:00,BOEING COMPANY,BOEING COMPANY,,2510000.00,FOR,"Commerce, Dept of (DOC); Defense, Dept of (DOD); HOUSE OF REPRESENTATIVES; Natl Economic Council (NEC); Natl Security Council (NSC); Office of the Vice President of the United States; SENATE; State, Dept of (DOS); Transportation, Dept of (DOT); Treasury, Dept of; U.S. Trade Representative (USTR); White House Office",HEATH BUMGARDNER; DARIO GOMEZ; THEODORE AUSTELL; TOM MCLEMORE; MEGAN BELL; MATTHEW MCCARTHY; ZIAD OJAKLI; STEVEN BACHMANN; CHAD KREIKEMEIER; MATTHEW WASHINGTON; NICOLE NASON; MICHAEL SCHNABEL; NICOLE PORRECA,AUKUS,"H.R.8771 & S. 4797 - Department of State, Foreign Operations, and Related Programs Appropriations Act, 2025. International sales and service (commercial and military). International supply chain. China relations. Russia sanctions. AUKUS legislation. Foreign Military Financing.",https://lda.gov/filings/public/filing/e7d26c15-bc49-45ad-bf73-d4731ff6fd82/print/
614ab12d-0bac-4707-bcf1-588662127549,1A,2024,first_quarter,2025-04-14T19:41:21-04:00,ROLLS-ROYCE NORTH AMERICA AND ITS AFFILIATES,ROLLS-ROYCE NORTH AMERICA AND ITS AFFILIATES,,260000.00,TRD,"HOUSE OF REPRESENTATIVES; State, Dept of (DOS)",STEVEN WILSON; LINDSAY RATLIFF,AUKUS,Issues related to US/UK/Australia (AUKUS) trade agreement (no bill); issues related to impacts of Russian trade sanctions (no bill).,https://lda.gov/filings/public/filing/614ab12d-0bac-4707-bcf1-588662127549/print/
46e76ea1-19e8-45e3-8fad-c2600b2b82f9,2A,2024,second_quarter,2025-04-14T19:42:23-04:00,ROLLS-ROYCE NORTH AMERICA AND ITS AFFILIATES,ROLLS-ROYCE NORTH AMERICA AND ITS AFFILIATES,,180000.00,TRD,"HOUSE OF REPRESENTATIVES; SENATE; State, Dept of (DOS); Treasury, Dept of",STEVEN WILSON; LINDSAY RATLIFF,AUKUS,Issues related to US/UK/Australia (AUKUS) trade agreement (no bill); issues related to impacts of Russian trade sanctions (no bill).,https://lda.gov/filings/public/filing/46e76ea1-19e8-45e3-8fad-c2600b2b82f9/print/
5bd11fa9-d9e1-4fef-8e72-4ad5a3e3ecb5,3A,2024,third_quarter,2025-04-14T19:44:08-04:00,ROLLS-ROYCE NORTH AMERICA AND ITS AFFILIATES,ROLLS-ROYCE NORTH AMERICA AND ITS AFFILIATES,,220000.00,TRD,"HOUSE OF REPRESENTATIVES; State, Dept of (DOS)",STEVEN WILSON; LINDSAY RATLIFF,AUKUS,"MTCR Act, H.R. 8892 (issues related to US/UK/Australia (AUKUS) trade agreement); issues related to impacts of Russian trade sanctions (no bill).",https://lda.gov/filings/public/filing/5bd11fa9-d9e1-4fef-8e72-4ad5a3e3ecb5/print/
bd2d848b-8d2b-48e1-bc2c-b129fe958a74,4A,2024,fourth_quarter,2025-04-14T19:44:57-04:00,ROLLS-ROYCE NORTH AMERICA AND ITS AFFILIATES,ROLLS-ROYCE NORTH AMERICA AND ITS AFFILIATES,,280000.00,TRD,"HOUSE OF REPRESENTATIVES; SENATE; State, Dept of (DOS)",STEVEN WILSON; LINDSAY RATLIFF; NATHANIEL BENNETT; GEORGE KAMPSTRA,AUKUS,Issues related to US/UK/Australia (AUKUS) trade agreement (no bill); issues related to impacts of Russian trade sanctions (no bill).,https://lda.gov/filings/public/filing/bd2d848b-8d2b-48e1-bc2c-b129fe958a74/print/
cad7315d-c0b6-4e3a-9223-2fa7b2b1d4fe,4A,2024,fourth_quarter,2025-06-05T15:03:51-04:00,"AEROSPACE INDUSTRIES ASSOCIATION OF AMERICA, INC.",AEROSPACE INDUSTRIES ASSOCIATION OF AMERICA INC,,660000.00,TRD,"Commerce, Dept of (DOC); Defense, Dept of (DOD); HOUSE OF REPRESENTATIVES; Natl Economic Council (NEC); SENATE; State, Dept of (DOS)",NORA KHALIL; KAYLA RENNER,AUKUS,"Foreign military sales; export controls; AUKUS (Australia United Kingdom United States) legislation; technology transfers; H.R. 6609 - Foreign Military Sales (FMS) Tiger Act, S. 4015 - Securing Americas Titanium Manufacturing Act; Missile Technology Control Regime (MTCR); Arms Export Control Act (AECA) amendments.",https://lda.gov/filings/public/filing/cad7315d-c0b6-4e3a-9223-2fa7b2b1d4fe/print/
c5132d7a-2594-4832-a86c-fb076038d4e8,Q1,2022,first_quarter,2022-04-20T16:24:25-04:00,THORN RUN PARTNERS,ROBINHOOD,60000.00,,FIN,HOUSE OF REPRESENTATIVES; SENATE,JASON ROSENSTOCK; PAUL BOCK,4619,"H.R. 4685, To require the Government Accountability Office to carry out a study on the impact of the gamification, psychological nudges, and other design techniques used by online trading platforms, and for other purposes. H.R. 4617, To require the Securities and Exchange Commission to carry out a study on payment for order flow, to require the Investor Advocate of the Commission to provide recommendations on payment for order flow, and for other purposes. H.R. 4619, To amend the Securities Exchange Act of 1934 to prohibit trading ahead by market makers, and for other purposes.",https://lda.gov/filings/public/filing/c5132d7a-2594-4832-a86c-fb076038d4e8/print/
dcf479de-58c6-4ba8-855e-4cebca5ede98,Q1,2022,first_quarter,2022-04-20T19:20:45-04:00,SECURITIES INDUSTRY AND FINANCIAL MARKETS ASSOCIATION,SECURITIES INDUSTRY AND FINANCIAL MARKETS ASSOCIATION,,1720000.00,BAN,"Federal Housing Finance Agency (FHFA); Federal Reserve System; HOUSE OF REPRESENTATIVES; Labor, Dept of (DOL); Natl Economic Council (NEC); Office of the Comptroller of the Currency (OCC); Securities & Exchange Commission (SEC); SENATE; Treasury, Dept of",CARTER MCDOWELL; MARK SCHUERMANN; JAMIE WALL; JENNIFER BANG; NICCOLE RIVERO; KENNETH BENTSEN; WILLIAM CARDON; LINDSEY KELJO; CHRISTOPHER KILLIAN; LESLIE NORWOOD; COOPER D'ANTON; JENNIFER JACOBY; MATT GRINNEY; BRADLEY EDGELL,4619,"Equity market structure issues; Self-Regulatory Organization (SRO) Reform; SEC Rule 15c2-11; H.R. 2265 - the Financial Exploitation Prevention Act of 2021; SEC Securities Lending Proposal; H.R. ____ - to amend the Securities Exchange Act of 1934 to add certain requirements for the filing and approval of proposed rule changes by self-regulatory organizations; H.R. ____ - the ""Securities Exchange Reform Act of 2022"" (Rep Sherman); SEC short comment periods; H.R. 4616 - The Adjustable Interest Rate (LIBOR) Act of 2021; S. 479 - LOCAL Infrastructure Act; H.R. 2288 - to amend the Internal Revenue Code of 1986 to reinstate advance refunding bonds; H.R. 2634 - Local Infrastructure Financing Tools Act; S. 1676 - Rural Broadband Financing Flexibility Act; S. 1308 - American Infrastructure Bonds Act of 2021; H.R. 2954 - Securing a Strong Retirement Act of 2021; S. 1770 - Retirement Security and Savings Act of 2021; S. 1443/H.R. 2917 - Retirement Parity for Student Loans Act; H.R. ____ - Capital Markets Transparency Act; H.R. ____ - to amend the Securities Exchange Act of 1934 to establish certain requirements with respect to retail investor options trading; H.R. ____ - to amend the Securities Exchange Act of 1934 to prohibit payment for order flow in the form of exchange rebates; H.R. 4617 - To require the SEC to carry out a study on PFOF, to require the Investor Advocate of the Commission to provide recommendations on PFOF, and for other purposes; H.R. 935 - the Small Business Mergers, Acquisitions, Sales, and Brokerage Simplification Act of 2021; H.R. 4618 - the Short Sale Transparency and Market Fairness Act of 2021; H.R. 4619 - to amend the Securities Exchange Act of 1934 to prohibit trading ahead by market makers, and for other purposes; H.R. ____ ""Close the ILC Loophole Act""",https://lda.gov/filings/public/filing/dcf479de-58c6-4ba8-855e-4cebca5ede98/print/
0dc086be-9d4a-4cce-9cff-35c463c5f057,1A,2022,first_quarter,2022-04-29T12:51:50-04:00,SECURITIES INDUSTRY AND FINANCIAL MARKETS ASSOCIATION,SECURITIES INDUSTRY AND FINANCIAL MARKETS ASSOCIATION,,1720000.00,BAN,"Federal Housing Finance Agency (FHFA); Federal Reserve System; HOUSE OF REPRESENTATIVES; Labor, Dept of (DOL); Natl Economic Council (NEC); Office of the Comptroller of the Currency (OCC); Securities & Exchange Commission (SEC); SENATE; Treasury, Dept of",MATT GRINNEY; KENNETH BENTSEN; CARTER MCDOWELL; LINDSEY KELJO; CHRISTOPHER KILLIAN; MARK SCHUERMANN; LESLIE NORWOOD; WILLIAM CARDON; JAMIE WALL; JENNIFER BANG; NICCOLE RIVERO; JENNIFER JACOBY; COOPER D'ANTON; NICHOLAS KEY; BRADLEY EDGELL,4619,"Equity market structure issues; Self-Regulatory Organization (SRO) Reform; SEC Rule 15c2-11; H.R. 2265 - the Financial Exploitation Prevention Act of 2021; SEC Securities Lending Proposal; H.R. ____ - to amend the Securities Exchange Act of 1934 to add certain requirements for the filing and approval of proposed rule changes by self-regulatory organizations; H.R. ____ - the ""Securities Exchange Reform Act of 2022"" (Rep Sherman); SEC short comment periods; H.R. 4616 - The Adjustable Interest Rate (LIBOR) Act of 2021; S. 479 - LOCAL Infrastructure Act; H.R. 2288 - to amend the Internal Revenue Code of 1986 to reinstate advance refunding bonds; H.R. 2634 - Local Infrastructure Financing Tools Act; S. 1676 - Rural Broadband Financing Flexibility Act; S. 1308 - American Infrastructure Bonds Act of 2021; H.R. 2954 - Securing a Strong Retirement Act of 2021; S. 1770 - Retirement Security and Savings Act of 2021; S. 1443/H.R. 2917 - Retirement Parity for Student Loans Act; H.R. ____ - Capital Markets Transparency Act; H.R. ____ - to amend the Securities Exchange Act of 1934 to establish certain requirements with respect to retail investor options trading; H.R. ____ - to amend the Securities Exchange Act of 1934 to prohibit payment for order flow in the form of exchange rebates; H.R. 4617 - To require the SEC to carry out a study on PFOF, to require the Investor Advocate of the Commission to provide recommendations on PFOF, and for other purposes; H.R. 935 - the Small Business Mergers, Acquisitions, Sales, and Brokerage Simplification Act of 2021; H.R. 4618 - the Short Sale Transparency and Market Fairness Act of 2021; H.R. 4619 - to amend the Securities Exchange Act of 1934 to prohibit trading ahead by market makers, and for other purposes; H.R. ____ ""Close the ILC Loophole Act""",https://lda.gov/filings/public/filing/0dc086be-9d4a-4cce-9cff-35c463c5f057/print/
0b41e457-4422-418a-93f5-515ea90e485e,Q2,2022,second_quarter,2022-07-20T13:33:29-04:00,SECURITIES INDUSTRY AND FINANCIAL MARKETS ASSOCIATION,SECURITIES INDUSTRY AND FINANCIAL MARKETS ASSOCIATION,,1860000.00,BAN,"Federal Housing Finance Agency (FHFA); Federal Reserve System; HOUSE OF REPRESENTATIVES; Labor, Dept of (DOL); Natl Economic Council (NEC); Office of the Comptroller of the Currency (OCC); Securities & Exchange Commission (SEC); SENATE; Treasury, Dept of",KENNETH BENTSEN; CARTER MCDOWELL; CHRISTOPHER KILLIAN; LINDSEY KELJO; MARK SCHUERMANN; JAMIE WALL; JENNIFER BANG; WILLIAM CARDON; NICCOLE RIVERO; LESLIE NORWOOD; COOPER D'ANTON; JENNIFER JACOBY; MATT GRINNEY; NICHOLAS KEY; BRADLEY EDGELL,4619,"Equity market structure issues; Self-Regulatory Organization (SRO) Reform; SEC Rule 15c2-11; H.R. 2265 - the Financial Exploitation Prevention Act of 2021; SEC Securities Lending Proposal; H.R. ____ - to amend the Securities Exchange Act of 1934 to add certain requirements for the filing and approval of proposed rule changes by self-regulatory organizations; H.R. ____ - the ""Securities Exchange Reform Act of 2022"" (Rep Sherman); SEC short comment periods; H.R. 2288 - to amend the Internal Revenue Code of 1986 to reinstate advance refunding bonds; H.R. 2634 - Local Infrastructure Financing Tools Act; S. 1676 - Rural Broadband Financing Flexibility Act; S. 1308 - American Infrastructure Bonds Act of 2021; H.R. 2954 - Securing a Strong Retirement Act of 2021; S. 1770 - Retirement Security and Savings Act of 2021; S. 1443/H.R. 2917 - Retirement Parity for Student Loans Act; H.R. ____ - Capital Markets Transparency Act; H.R. ____ - to amend the Securities Exchange Act of 1934 to establish certain requirements with respect to retail investor options trading; H.R. ____ - to amend the Securities Exchange Act of 1934 to prohibit payment for order flow in the form of exchange rebates; H.R. 4617 - To require the SEC to carry out a study on PFOF, to require the Investor Advocate of the Commission to provide recommendations on PFOF, and for other purposes; H.R. 4618 - the Short Sale Transparency and Market Fairness Act of 2021; H.R. 4619 - to amend the Securities Exchange Act of 1934 to prohibit trading ahead by market makers, and for other purposes; SEC Staff Accounting Bulletin 121 - SEC, House & Senate; S. 4147 - Financial Freedom Act of 2022.",https://lda.gov/filings/public/filing/0b41e457-4422-418a-93f5-515ea90e485e/print/
c57274f4-8297-440b-8cb9-85e42eaab11a,Q3,2022,third_quarter,2022-10-20T17:31:33-04:00,SECURITIES INDUSTRY AND FINANCIAL MARKETS ASSOCIATION,SECURITIES INDUSTRY AND FINANCIAL MARKETS ASSOCIATION,,920000.00,BAN,"Federal Housing Finance Agency (FHFA); Federal Reserve System; HOUSE OF REPRESENTATIVES; Labor, Dept of (DOL); Natl Economic Council (NEC); Office of the Comptroller of the Currency (OCC); Securities & Exchange Commission (SEC); SENATE; Treasury, Dept of",KENNETH BENTSEN; CARTER MCDOWELL; CHRISTOPHER KILLIAN; LINDSEY KELJO; MARK SCHUERMANN; JAMIE WALL; JENNIFER BANG; WILLIAM CARDON; NICCOLE RIVERO; LESLIE NORWOOD; COOPER D'ANTON; JENNIFER JACOBY; MATT GRINNEY; NICHOLAS KEY; BRADLEY EDGELL,4619,"Self-Regulatory Organization (SRO) Reform; H.R. 2265 - the Financial Exploitation Prevention Act of 2021; SEC Securities Lending Proposal; H.R. ____ - to amend the Securities Exchange Act of 1934 to add certain requirements for the filing and approval of proposed rule changes by self-regulatory organizations; H.R. ____ - the ""Securities Exchange Reform Act of 2022"" (Rep Sherman); H.R. 2288 - to amend the Internal Revenue Code of 1986 to reinstate advance refunding bonds; H.R. 2634 - Local Infrastructure Financing Tools Act; S. 1676 - Rural Broadband Financing Flexibility Act; S. 1308 - American Infrastructure Bonds Act of 2021; H.R. 2954 - Securing a Strong Retirement Act of 2021; S. 1770 - Retirement Security and Savings Act of 2021; S. 1443/H.R. 2917 - Retirement Parity for Student Loans Act; H.R. ____ - Capital Markets Transparency Act; H.R. ____ - to amend the Securities Exchange Act of 1934 to establish certain requirements with respect to retail investor options trading; H.R. ____ - to amend the Securities Exchange Act of 1934 to prohibit payment for order flow in the form of exchange rebates; H.R. 4617 - To require the SEC to carry out a study on PFOF, to require the Investor Advocate of the Commission to provide recommendations on PFOF, and for other purposes; H.R. 4618 - the Short Sale Transparency and Market Fairness Act of 2021; H.R. 4619 - to amend the Securities Exchange Act of 1934 to prohibit trading ahead by market makers, and for other purposes; S. 4147 - Financial Freedom Act of 2022; Cyber incident notification issues; S. 1854 and H.R. 6323 - The National Critical Capabilities Defense Act; Electronic delivery of retail investor's SEC-required disclosures.",https://lda.gov/filings/public/filing/c57274f4-8297-440b-8cb9-85e42eaab11a/print/
e61ed9d3-d181-4acc-9a2b-3bfbde3bacb7,Q4,2022,fourth_quarter,2023-01-20T17:31:07-05:00,SECURITIES INDUSTRY AND FINANCIAL MARKETS ASSOCIATION,SECURITIES INDUSTRY AND FINANCIAL MARKETS ASSOCIATION,,2150000.00,BAN,"Federal Housing Finance Agency (FHFA); Federal Reserve System; HOUSE OF REPRESENTATIVES; Labor, Dept of (DOL); Natl Economic Council (NEC); Office of the Comptroller of the Currency (OCC); Securities & Exchange Commission (SEC); SENATE; Treasury, Dept of",KENNETH BENTSEN; CARTER MCDOWELL; CHRISTOPHER KILLIAN; LINDSEY KELJO; NICCOLE RIVERO; LESLIE NORWOOD; COOPER D'ANTON; JENNIFER JACOBY; MATT GRINNEY; NICHOLAS KEY; JOSHUA WILSUSEN; BRADLEY EDGELL,4619,"Self-Regulatory Organization (SRO) Reform; H.R. 2265 - the Financial Exploitation Prevention Act of 2021; H.R. ____ - to amend the Securities Exchange Act of 1934 to add certain requirements for the filing and approval of proposed rule changes by self-regulatory organizations; H.R. ____ - the ""Securities Exchange Reform Act of 2022"" (Rep Sherman); H.R. 2288 - to amend the Internal Revenue Code of 1986 to reinstate advance refunding bonds; H.R. 2634 - Local Infrastructure Financing Tools Act; S. 1676 - Rural Broadband Financing Flexibility Act; S. 1308 - American Infrastructure Bonds Act of 2021; S. 1770 - Retirement Security and Savings Act of 2021; S. 1443/H.R. 2917 - Retirement Parity for Student Loans Act; H.R. ____ - Capital Markets Transparency Act; H.R. ____ - to amend the Securities Exchange Act of 1934 to establish certain requirements with respect to retail investor options trading; H.R. ____ - to amend the Securities Exchange Act of 1934 to prohibit payment for order flow in the form of exchange rebates; H.R. 4617 - To require the SEC to carry out a study on PFOF, to require the Investor Advocate of the Commission to provide recommendations on PFOF, and for other purposes; H.R. 4618 - the Short Sale Transparency and Market Fairness Act of 2021; H.R. 4619 - to amend the Securities Exchange Act of 1934 to prohibit trading ahead by market makers, and for other purposes; S. 4147 - Financial Freedom Act of 2022; S. 1854 and H.R. 6323 - The National Critical Capabilities Defense Act; Rule 15c2-11; Public Law 117-328 - Consolidated Appropriations Law (FSGG report language related to the Consolidated Audit Trail); SEC 15c2-11 staff interpretation to impact 144A private securities; SEC proposals to modify equity market structure.",https://lda.gov/filings/public/filing/e61ed9d3-d181-4acc-9a2b-3bfbde3bacb7/print/
3557cd47-fb95-40a2-ba2c-c1c8be796d7f,Q1,2022,first_quarter,2022-04-18T12:06:03-04:00,NATIONAL MILK PRODUCERS FEDERATION,NATIONAL MILK PRODUCERS FEDERATION,,231993.00,TAX,"HOUSE OF REPRESENTATIVES; SENATE; Treasury, Dept of",CLAUDIA LARSON; PAUL BLEIBERG,3939,"Estate tax - Supported efforts to reform and repeal estate taxes (H.R. 1712, S. 617). NMPF has also supported legislation that will create and improve tax credits for investment in technology that turns organic matter into biogas energy and removes nutrient particles from manure, including the Agriculture Environmental Stewardship Act (H.R. 3939, S. 2461) which was incorporated into the Clean Energy for America Act (S. 2118). Supported efforts to ensure that farmers can continue to use cash accounting. Supported efforts to ensure that cooperatives could count non-patronage income in the calculation of the 199A deduction as implemented by the Treasury Department. Supported efforts to prevent the elimination of stepped-up basis and delay until sale taxation for capital gains on inhereted assets.",https://lda.gov/filings/public/filing/3557cd47-fb95-40a2-ba2c-c1c8be796d7f/print/
b4719796-0a6b-482c-9c29-29cca9c9482b,Q1,2022,first_quarter,2022-04-20T17:29:07-04:00,"YUM! BRANDS, INC.",YUM! BRANDS INC,,385965.00,TAX,"Executive Office of the President (EOP); HOUSE OF REPRESENTATIVES; SENATE; Treasury, Dept of",MATTHEW LATHROP; JON HIXSON,3939,"issues related to corporate and international tax, including issues related to tax sections 250 and 951A. Issues related to OECD negotiations on the taxation of global income. Issues related to SEC. 48c (H.R. 848, H.R. 3939, S. 1298, H.R. 5376). Investment support on investment tax credit for greenhouse gas reductions in food production systems.",https://lda.gov/filings/public/filing/b4719796-0a6b-482c-9c29-29cca9c9482b/print/
f1af5c4d-a23a-4c35-a363-c635c1740d00,Q2,2022,second_quarter,2022-07-12T17:52:39-04:00,NATIONAL MILK PRODUCERS FEDERATION,NATIONAL MILK PRODUCERS FEDERATION,,251970.00,TAX,"HOUSE OF REPRESENTATIVES; SENATE; Treasury, Dept of",PAUL BLEIBERG; CLAUDIA LARSON,3939,"Estate tax - Supported efforts to reform and repeal estate taxes (H.R. 1712, S. 617). NMPF has also supported legislation that will create and improve tax credits for investment in technology that turns organic matter into biogas energy and removes nutrient particles from manure, including the Agriculture Environmental Stewardship Act (H.R. 3939, S. 2461) which was incorporated into the Clean Energy for America Act (S. 2118). Supported efforts to ensure that farmers can continue to use cash accounting. Supported efforts to ensure that cooperatives could count non-patronage income in the calculation of the 199A deduction as implemented by the Treasury Department. Supported efforts to prevent the elimination of stepped-up basis and delay until sale taxation for capital gains on inhereted assets.",https://lda.gov/filings/public/filing/f1af5c4d-a23a-4c35-a363-c635c1740d00/print/
e9ab1576-8f27-4ae3-941d-71d48ec71109,2A,2022,second_quarter,2022-08-08T13:05:58-04:00,NATIONAL MILK PRODUCERS FEDERATION,NATIONAL MILK PRODUCERS FEDERATION,,251970.00,TAX,"HOUSE OF REPRESENTATIVES; SENATE; Treasury, Dept of",PAUL BLEIBERG; CLAUDIA LARSON,3939,"Estate tax - Supported efforts to reform and repeal estate taxes (H.R. 1712, S. 617). NMPF has also supported legislation that will create and improve tax credits for investment in technology that turns organic matter into biogas energy and removes nutrient particles from manure, including the Agriculture Environmental Stewardship Act (H.R. 3939, S. 2461) which was incorporated into the Clean Energy for America Act (S. 2118). Supported efforts to ensure that farmers can continue to use cash accounting. Supported efforts to ensure that cooperatives could count non-patronage income in the calculation of the 199A deduction as implemented by the Treasury Department. Supported efforts to prevent the elimination of stepped-up basis and delay until sale taxation for capital gains on inhereted assets.",https://lda.gov/filings/public/filing/e9ab1576-8f27-4ae3-941d-71d48ec71109/print/
2877402f-219a-46a0-8dcf-0d119d62cd40,Q3,2022,third_quarter,2022-10-12T12:23:10-04:00,NATIONAL MILK PRODUCERS FEDERATION,NATIONAL MILK PRODUCERS FEDERATION,,241100.00,TAX,"HOUSE OF REPRESENTATIVES; SENATE; Treasury, Dept of",PAUL BLEIBERG; CLAUDIA LARSON,3939,"Estate tax - Supported efforts to reform and repeal estate taxes (H.R. 1712, S. 617). NMPF has also supported legislation that will create and improve tax credits for investment in technology that turns organic matter into biogas energy and removes nutrient particles from manure, including the Agriculture Environmental Stewardship Act (H.R. 3939, S. 2461) which was incorporated into the Clean Energy for America Act (S. 2118) and the Inflation Reduction Act (H.R. 5376). Supported efforts to ensure that farmers can continue to use cash accounting. Supported efforts to ensure that cooperatives could count non-patronage income in the calculation of the 199A deduction as implemented by the Treasury Department. Supported efforts to prevent the elimination of stepped-up basis and delay until sale taxation for capital gains on inherited assets.",https://lda.gov/filings/public/filing/2877402f-219a-46a0-8dcf-0d119d62cd40/print/
66b5fa93-a69a-4ee9-ac40-93617f1adae0,Q4,2022,fourth_quarter,2023-01-15T20:18:08-05:00,NATIONAL MILK PRODUCERS FEDERATION,NATIONAL MILK PRODUCERS FEDERATION,,306540.00,TAX,"HOUSE OF REPRESENTATIVES; SENATE; Treasury, Dept of",PAUL BLEIBERG; CLAUDIA LARSON,3939,"Estate tax - Supported efforts to reform and repeal estate taxes (H.R. 1712, S. 617). NMPF has also supported legislation that will create and improve tax credits for investment in technology that turns organic matter into biogas energy and removes nutrient particles from manure, including the Agriculture Environmental Stewardship Act (H.R. 3939, S. 2461) which was incorporated into the Clean Energy for America Act (S. 2118) and the Inflation Reduction Act (H.R. 5376). Supported efforts to ensure that farmers can continue to use cash accounting. Supported efforts to ensure that cooperatives could count non-patronage income in the calculation of the 199A deduction as implemented by the Treasury Department. Supported efforts to prevent the elimination of stepped-up basis and delay until sale taxation for capital gains on inherited assets.",https://lda.gov/filings/public/filing/66b5fa93-a69a-4ee9-ac40-93617f1adae0/print/
222f6279-4105-4e5d-938b-427a0c99cfcf,Q2,2023,second_quarter,2023-07-20T16:44:45-04:00,UPS (UNITED PARCEL SERVICE),UPS (UNITED PARCEL SERVICE),,1860000.00,TAX,HOUSE OF REPRESENTATIVES; SENATE; White House Office,ANNE LAWRENCE; EMILY CASEY; ANDREW OKUYIGA; MARIA BOYCE,3939,"HR 2448 - Renewable Natural Gas Incentive Act of 2023 - Legislation to provide a $1.00 per gallon tax credit for motor vehicles that use renewable natural gas (RNG). Public Law No: 117-169 - Inflation Reduction Act - Alternative Fuel Tax Credit, Alternative Refueling Property Tax Credit, Commercial Clean Vehicle Tax Credit S 4568 / HR 9396 - Natural Gas Incentive Act of 2022 - This bill allows a tax credit through 2032 equal to $1 times the number of gallons of renewable natural gas or gasoline gallon equivalent of nonliquid renewable natural gas for use as a fuel in a motor vehicle or motorboat or go use as a fuel in aviation HR 3939 - Build It in America Act",https://lda.gov/filings/public/filing/222f6279-4105-4e5d-938b-427a0c99cfcf/print/
523ed44d-36e8-460d-9ff3-269e02619733,Q3,2023,third_quarter,2023-10-20T12:22:06-04:00,UPS (UNITED PARCEL SERVICE),UPS (UNITED PARCEL SERVICE),,1540000.00,TAX,"HOUSE OF REPRESENTATIVES; SENATE; Treasury, Dept of; White House Office",ANNE LAWRENCE; EMILY CASEY; ANDREW OKUYIGA; MARIA BOYCE; JESSICA LOWRANCE; KEITH KELLISON; DONTAI SMALLS; WHITNEY VANMETER,3939,"HR 2448 - Renewable Natural Gas Incentive Act of 2023 - Legislation to provide a $1.00 per gallon tax credit for motor vehicles that use renewable natural gas (RNG). Public Law No: 117-169 - Inflation Reduction Act - Alternative Fuel Tax Credit, Alternative Refueling Property Tax Credit, Commercial Clean Vehicle Tax Credit S 4568 / HR 9396 - Natural Gas Incentive Act of 2022 - This bill allows a tax credit through 2032 equal to $1 times the number of gallons of renewable natural gas or gasoline gallon equivalent of nonliquid renewable natural gas for use as a fuel in a motor vehicle or motorboat or go use as a fuel in aviation HR 3939 - Build It in America Act",https://lda.gov/filings/public/filing/523ed44d-36e8-460d-9ff3-269e02619733/print/
271c7f06-d4c3-416c-950a-c8393b7b8726,Q1,2024,first_quarter,2024-04-22T15:04:14-04:00,"AJW, INC.",AMERICAN BIOGAS COUNCIL,10000.00,,AGR,HOUSE OF REPRESENTATIVES; SENATE,JESSICA L BENNETT; ANNA SCHUTT,3939,"H & S agriculture section 48 ITC, Reap program , AESA, Environmental Stewardship Act S. 24611/H.R 3939",https://lda.gov/filings/public/filing/271c7f06-d4c3-416c-950a-c8393b7b8726/print/
271c7f06-d4c3-416c-950a-c8393b7b8726,Q1,2024,first_quarter,2024-04-22T15:04:14-04:00,"AJW, INC.",AMERICAN BIOGAS COUNCIL,10000.00,,ENV,HOUSE OF REPRESENTATIVES; SENATE,JESSICA L BENNETT; ANNA SCHUTT,3939,Enviromental Stewardship Act S.2461/H.R 3939,https://lda.gov/filings/public/filing/271c7f06-d4c3-416c-950a-c8393b7b8726/print/
708bcc6e-46f2-4b6b-b6a3-f0dfbd8b2414,Q1,2022,first_quarter,2022-04-19T11:13:03-04:00,ULTRA MARITIME LLC (FORMERLY REPORTED AS ULTRA ELECTRONICS DEFENSE INC),ULTRA MARITIME LLC (FORMERLY REPORTED AS ULTRA ELECTRONICS DEFENSE INC),120000.00,,DEF,HOUSE OF REPRESENTATIVES; SENATE,GREGORY THOM,TORPEDO,"FY2023 Defense Authorization NDAA-sonobuoys; ship power; torpedos; torpedo defense; transducers; receivers; cryptographic systems; precision long range strike, radio communications; command and control technology FY2023 Defense Appropriations-sonobuoys; ship power; torpedos; torpedo defense; transducers; receivers; cryptographic systems; precision long range strike; radio communications; command and control technology FY2023 Foreign State Operations Appropriations-monitoring systems FY2023 Commerce State Justice Appropriations-ballistic forensics FY2023 Crime legislation-ballistic forensics",https://lda.gov/filings/public/filing/708bcc6e-46f2-4b6b-b6a3-f0dfbd8b2414/print/
817af311-81f1-46e8-846b-d5ae187e3569,Q1,2022,first_quarter,2022-04-20T15:35:21-04:00,THE PENNSYLVANIA STATE UNIVERSITY,PENNSYLVANIA STATE UNIVERSITY,,120000.00,BUD,HOUSE OF REPRESENTATIVES; SENATE,AMANDA WINTERSTEEN; JOHN LATINI; SHEILAH BORNE; ZACHERY MOORE,TORPEDO,"Defense Appropriations Act - Title IV - In support of increased funding for Defense Science and Technology, and Basic and Applied Research in all services. In support of funding for MK-48 ADCAP, Submarine Acoustic Warfare Development, Lightweight Torpedo Development, Large Unmanned Undersea Vehicles, New Design SSN, Ship Concept Advanced Design, and Directed Energy and Electric Weapons Systems. In support of funding for demonstration program on recovering rare earth elements and critical minerals. Education Appropriations - In support of funding for the Federal Pell Grant Program, Federal Supplemental Educational Opportunity Grant, and Federal Work-Study program. Agricultural, Rural Development, Food and Drug Administration and Related Agencies Appropriation - Title I - National Institute of Food and Agriculture - In support of increased funding for Agriculture and Food Research Initiative, Hatch Act, Smith-Lever, and McIntire-Stennis Cooperative Forestry Research program, and Research Facilities Act. Commerce, Justice, Science Appropriations - In support of funding for National Science Foundation. In support of funding for NASA Space Grant and Science Mission Directorate. In support of funding for Sea Grant program. Transportation, Housing and Urban Development Appropriations - In support of funding for Bus Testing Facility program and Federal Contract Tower program. State and Foreign Operations Appropriations - In support of funding for Feed the Future Food Security Innovation Labs. Interior Appropriations - In support of funding for Water Resources Research Act program. In support of funding for the National Endowment for the Humanities and National Endowment for the Arts. In support of funding for EPA's Research: National Priorities program. Energy and Water Development Appropriations - In support of funding for Office of Science and Critical Minerals Initiative. Labor - HHS - Education and Related Appropriations - In support of funding for the Corporation for Public Broadcasting. Health and Human Services Appropriations - In support of funding for the National Institutes of Health, Area Health Education Centers Program, and the Health Resources and Services Administration Title VII programs. In support of funding for Regional Response Health Collaboration program. In support of Community Project Funding request for Mobile Community Medical Unit with medical and dental services to underserved populations.",https://lda.gov/filings/public/filing/817af311-81f1-46e8-846b-d5ae187e3569/print/
817af311-81f1-46e8-846b-d5ae187e3569,Q1,2022,first_quarter,2022-04-20T15:35:21-04:00,THE PENNSYLVANIA STATE UNIVERSITY,PENNSYLVANIA STATE UNIVERSITY,,120000.00,DEF,HOUSE OF REPRESENTATIVES; SENATE,AMANDA WINTERSTEEN; JOHN LATINI; SHEILAH BORNE; ZACHERY MOORE,TORPEDO,"Defense Appropriations Act - Title IV - In support of increased funding for Defense Science and Technology, and Basic and Applied Research in all services. In support of funding for MK-48 ADCAP, Submarine Acoustic Warfare Development, Lightweight Torpedo Development, Large Unmanned Undersea Vehicles, New Design SSN, Ship Concept Advanced Design, and Directed Energy and Electric Weapons Systems. In support of funding for demonstration program on recovering rare earth elements and critical minerals. In support of legislative provision directing the National Academies to study the feasibility of establishing an independent research security organization.",https://lda.gov/filings/public/filing/817af311-81f1-46e8-846b-d5ae187e3569/print/
a83c4249-e5dd-4282-b42d-63f402c8fafb,Q2,2022,second_quarter,2022-07-19T04:30:52-04:00,ULTRA MARITIME LLC (FORMERLY REPORTED AS ULTRA ELECTRONICS DEFENSE INC),ULTRA MARITIME LLC (FORMERLY REPORTED AS ULTRA ELECTRONICS DEFENSE INC),120000.00,,DEF,HOUSE OF REPRESENTATIVES; SENATE,GREGORY THOM,TORPEDO,"FY2023 Defense Authorization NDAA-sonobuoys; ship power; torpedos; torpedo defense; transducers; receivers; cryptographic systems; precision long range strike, radio communications; command and control technology FY2023 Defense Appropriations-sonobuoys; ship power; torpedos; torpedo defense; transducers; receivers; cryptographic systems; precision long range strike; radio communications; command and control technology FY2023 Foreign State Operations Appropriations-monitoring systems FY2023 Commerce State Justice Appropriations-ballistic forensics FY2023 Crime legislation-ballistic forensics",https://lda.gov/filings/public/filing/a83c4249-e5dd-4282-b42d-63f402c8fafb/print/
08cff10c-df53-4eaf-9a06-460c33d7b283,Q2,2022,second_quarter,2022-07-20T15:57:53-04:00,THE PENNSYLVANIA STATE UNIVERSITY,PENNSYLVANIA STATE UNIVERSITY,,120000.00,BUD,HOUSE OF REPRESENTATIVES; SENATE,ZACHERY MOORE; SHEILAH BORNE; AMANDA WINTERSTEEN,TORPEDO,"Defense Appropriations Act - Title IV - In support of increased funding for Defense Science and Technology, and Basic and Applied Research in all services. In support of funding for MK-48 ADCAP, Submarine Acoustic Warfare Development, Lightweight Torpedo Development, Large Unmanned Undersea Vehicles, New Design SSN, Ship Concept Advanced Design, and Directed Energy and Electric Weapons Systems. In support of Community Project Funding request for Directed Energy and Electric Weapons Systems. Education Appropriations - In support of funding for the Federal Pell Grant Program, Federal Supplemental Educational Opportunity Grant, and Federal Work-Study program. In support of funding for the Institute of Education Sciences. Agricultural, Rural Development, Food and Drug Administration and Related Agencies Appropriation - Title I - National Institute of Food and Agriculture - In support of increased funding for Agriculture and Food Research Initiative, Hatch Act, Smith-Lever, and McIntire-Stennis Cooperative Forestry Research program, and Research Facilities Act. In support of Community Project Funding request for Mobile Community Medical Unit. Commerce, Justice, Science Appropriations - In support of funding for National Science Foundation. In support of funding for NASA Space Grant and Science Mission Directorate. In support of funding for Sea Grant program. In support of Community Project Funding requests for: Regional Police Records Management System; Children's Museum; YMCA Building project; facility redevelopment for the arts; facility redevelopment for a Culture Center; and Construction of Research Facilities. Transportation, Housing and Urban Development Appropriations - In support of funding for Bus Testing Facility program and Federal Contract Tower program. In support of Community Project Funding requests for: Economic Development Initiatives; Highway Infrastructure; and pedestrian safety and accessibility. State and Foreign Operations Appropriations - In support of funding for Feed the Future Food Security Innovation Labs. Interior Appropriations - In support of funding for Water Resources Research Act program. In support of funding for the National Endowment for the Humanities and National Endowment for the Arts. In support of funding for EPA's Research: National Priorities program. Energy and Water Development Appropriations - In support of funding for Department of Energy Office of Science, Critical Minerals Initiative, Fossil Energy Research and Development, and Advanced Research Projects Agency-Energy. In support of Community Project Funding request for critical minerals pilot-scale research and development unit. Labor - HHS - Education and Related Appropriations - In support of funding for the Corporation for Public Broadcasting. Health and Human Services Appropriations - In support of funding for the National Institutes of Health, Area Health Education Centers Program, and the Health Resources and Services Administration Title VII programs. In support of funding for Regional Response Health Collaboration program. In support of Community Project Funding request for Health Resources and Services Administration's Maternal and Child Health Services. Financial Services Appropriations - In support of funding for Veterans Outreach programs.",https://lda.gov/filings/public/filing/08cff10c-df53-4eaf-9a06-460c33d7b283/print/
08cff10c-df53-4eaf-9a06-460c33d7b283,Q2,2022,second_quarter,2022-07-20T15:57:53-04:00,THE PENNSYLVANIA STATE UNIVERSITY,PENNSYLVANIA STATE UNIVERSITY,,120000.00,DEF,HOUSE OF REPRESENTATIVES; SENATE,ZACHERY MOORE; SHEILAH BORNE; AMANDA WINTERSTEEN,TORPEDO,"Defense Appropriations Act - Title IV - In support of increased funding for Defense Science and Technology, and Basic and Applied Research in all services. In support of funding for MK-48 ADCAP, Submarine Acoustic Warfare Development, Lightweight Torpedo Development, Large Unmanned Undersea Vehicles, New Design SSN, Ship Concept Advanced Design, and Directed Energy and Electric Weapons Systems. In support of Community Project Funding request for Directed Energy and Electric Weapons Systems. In support of legislative provision directing the National Academies to study the feasibility of establishing an independent research security organization.",https://lda.gov/filings/public/filing/08cff10c-df53-4eaf-9a06-460c33d7b283/print/
0a751d19-187c-4181-b8c5-a00a4bfd2518,Q3,2022,third_quarter,2022-10-20T15:48:03-04:00,THE PENNSYLVANIA STATE UNIVERSITY,PENNSYLVANIA STATE UNIVERSITY,,110000.00,BUD,HOUSE OF REPRESENTATIVES; SENATE,ZACHERY MOORE; SHEILAH BORNE; AMANDA WINTERSTEEN; MALCOLM WARBRICK,TORPEDO,"Defense Appropriations Act - Title IV - In support of increased funding for Defense Science and Technology, and Basic and Applied Research in all services. In support of funding for MK-48 ADCAP, Submarine Acoustic Warfare Development, Lightweight Torpedo Development, Large Unmanned Undersea Vehicles, and Ship Concept Advanced Design. Education Appropriations - In support of funding for the Federal Pell Grant Program, Federal Supplemental Educational Opportunity Grant, and Federal Work-Study program. Agricultural, Rural Development, Food and Drug Administration and Related Agencies Appropriation - Title I - National Institute of Food and Agriculture - In support of increased funding for Agriculture and Food Research Initiative, Hatch Act, Smith-Lever, and McIntire-Stennis Cooperative Forestry Research program, and Research Facilities Act. In support of Community Project Funding request for Mobile Community Medical Unit. Commerce, Justice, Science Appropriations - In support of funding for National Science Foundation. In support of funding for NASA Space Grant and Science Mission Directorate. In support of funding for Sea Grant program. Transportation, Housing and Urban Development Appropriations - In support of funding for Bus Testing Facility program and Federal Contract Tower program. State and Foreign Operations Appropriations - In support of funding for Feed the Future Food Security Innovation Labs. Interior Appropriations - In support of funding for Water Resources Research Act program. In support of funding for the National Endowment for the Humanities and National Endowment for the Arts. In support of funding for EPA's Research: National Priorities program. Energy and Water Development Appropriations - In support of funding for Department of Energy Office of Science, Critical Minerals Initiative, Fossil Energy Research and Development, and Advanced Research Projects Agency-Energy. In support of Community Project Funding request for critical minerals pilot-scale research and development unit. Labor - HHS - Education and Related Appropriations - In support of funding for the Corporation for Public Broadcasting. Health and Human Services Appropriations - In support of funding for the National Institutes of Health, Area Health Education Centers Program, and the Health Resources and Services Administration Title VII programs. In support of funding for Regional Response Health Collaboration program. In support of Community Project Funding request for Health Resources and Services Administration's Maternal and Child Health Services. Financial Services Appropriations - In support of funding for Veterans Outreach programs.",https://lda.gov/filings/public/filing/0a751d19-187c-4181-b8c5-a00a4bfd2518/print/
0a751d19-187c-4181-b8c5-a00a4bfd2518,Q3,2022,third_quarter,2022-10-20T15:48:03-04:00,THE PENNSYLVANIA STATE UNIVERSITY,PENNSYLVANIA STATE UNIVERSITY,,110000.00,DEF,HOUSE OF REPRESENTATIVES; SENATE,ZACHERY MOORE; SHEILAH BORNE; AMANDA WINTERSTEEN; MALCOLM WARBRICK,TORPEDO,"Defense Appropriations Act - Title IV - In support of increased funding for Defense Science and Technology, and Basic and Applied Research in all services. In support of funding for MK-48 ADCAP, Submarine Acoustic Warfare Development, Lightweight Torpedo Development, Large Unmanned Undersea Vehicles, and Ship Concept Advanced Design. In support of legislative provision directing the National Academies to study the feasibility of establishing an independent research security organization. Expressing concern with Section 813 of the FY23 House National Defense Authorization Act and making a recommendation to foster capacity-building collaborations between University Affiliated Research Centers and minority institutions.",https://lda.gov/filings/public/filing/0a751d19-187c-4181-b8c5-a00a4bfd2518/print/
d87b5144-1e02-450f-bab1-438fc438844f,Q3,2022,third_quarter,2022-11-21T08:24:29-05:00,ULTRA MARITIME LLC (FORMERLY REPORTED AS ULTRA ELECTRONICS DEFENSE INC),ULTRA MARITIME LLC (FORMERLY REPORTED AS ULTRA ELECTRONICS DEFENSE INC),120000.00,,DEF,HOUSE OF REPRESENTATIVES; SENATE,GREGORY THOM,TORPEDO,"FY2023 Defense Authorization NDAA-sonobuoys; ship power; torpedos; torpedo defense; transducers; receivers; cryptographic systems; precision long range strike, radio communications; command and control technology FY2023 Defense Appropriations-sonobuoys; ship power; torpedos; torpedo defense; transducers; receivers; cryptographic systems; precision long range strike; radio communications; command and control technology FY2023 Foreign State Operations Appropriations-monitoring systems FY2023 Commerce State Justice Appropriations-ballistic forensics FY2023 Crime legislation-ballistic forensics",https://lda.gov/filings/public/filing/d87b5144-1e02-450f-bab1-438fc438844f/print/
63df5f03-0fff-4286-8841-39f6ced0251e,Q4,2022,fourth_quarter,2023-01-04T09:39:26-05:00,ULTRA MARITIME LLC (FORMERLY REPORTED AS ULTRA ELECTRONICS DEFENSE INC),ULTRA MARITIME LLC (FORMERLY REPORTED AS ULTRA ELECTRONICS DEFENSE INC),120000.00,,DEF,HOUSE OF REPRESENTATIVES; SENATE,GREGORY THOM,TORPEDO,"FY2023 Defense Authorization NDAA-sonobuoys; ship power; torpedos; torpedo defense; transducers; receivers; cryptographic systems; precision long range strike, radio communications; command and control technology FY2023 Defense Appropriations-sonobuoys; ship power; torpedos; torpedo defense; transducers; receivers; cryptographic systems; precision long range strike; radio communications; command and control technology FY2023 Foreign State Operations Appropriations-monitoring systems FY2023 Commerce State Justice Appropriations-ballistic forensics FY2023 Crime legislation-ballistic forensics",https://lda.gov/filings/public/filing/63df5f03-0fff-4286-8841-39f6ced0251e/print/
7c989957-9fef-48dd-9a4c-fea88872d260,Q4,2022,fourth_quarter,2023-01-19T19:48:09-05:00,THE PENNSYLVANIA STATE UNIVERSITY,PENNSYLVANIA STATE UNIVERSITY,,130000.00,BUD,"Defense, Dept of (DOD); HOUSE OF REPRESENTATIVES; Natl Science Foundation (NSF); Office of Management & Budget (OMB); Office of Science & Technology Policy (OSTP); SENATE",ZACHERY MOORE; SHEILAH BORNE; AMANDA WINTERSTEEN; MALCOLM WARBRICK,TORPEDO,"Defense Appropriations Act - Title IV - In support of increased funding for Defense Science and Technology, and Basic and Applied Research in all services. In support of funding for MK-48 ADCAP, Submarine Acoustic Warfare Development, Lightweight Torpedo Development, Large Unmanned Undersea Vehicles, and Ship Concept Advanced Design. In support of funding for Congressionally Directed Medical Research Programs. Education Appropriations - In support of funding for the Federal Pell Grant Program, Federal Supplemental Educational Opportunity Grant, and Federal Work-Study program. In support of funding for the Institute of Education Sciences. Agricultural, Rural Development, Food and Drug Administration and Related Agencies Appropriation - Title I - National Institute of Food and Agriculture - In support of increased funding for Agriculture and Food Research Initiative, Hatch Act, Smith-Lever, and McIntire-Stennis Cooperative Forestry Research program, and Research Facilities Act. In support of Community Project Funding request for Mobile Community Medical Unit. Commerce, Justice, Science Appropriations - In support of funding for National Science Foundation. In support of funding for NASA Space Grant and Science Mission Directorate. In support of funding for Sea Grant program. In support of funding for NASA Dragonfly Mission. In support of funding to implement the CHIPS and Science Act. Transportation, Housing and Urban Development Appropriations - In support of funding for Bus Testing Facility program and Federal Contract Tower program. State and Foreign Operations Appropriations - In support of funding for Feed the Future Food Security Innovation Labs. Interior Appropriations - In support of funding for Water Resources Research Act program. In support of funding for the National Endowment for the Humanities and National Endowment for the Arts. In support of funding for EPA's Research: National Priorities program. Energy and Water Development Appropriations - In support of funding for Department of Energy Office of Science, Critical Minerals Initiative, Fossil Energy Research and Development, and Advanced Research Projects Agency-Energy. In support of Community Project Funding request for critical minerals pilot-scale research and development unit. Labor - HHS - Education and Related Appropriations - In support of funding for the Corporation for Public Broadcasting. Health and Human Services Appropriations - In support of funding for the National Institutes of Health, Area Health Education Centers Program, and the Health Resources and Services Administration Title VII programs. In support of funding for Regional Response Health Collaboration program. In support of Community Project Funding request for Health Resources and Services Administration's Maternal and Child Health Services. Re: FY23 Omnibus: In opposition to cuts to health programs; in support of temporary per diem due to inability to discharge patients to post-acute facilities due to staffing shortages; In support of funding graduate medical education positions; In support of permanent expansion of telehealth services and hospital-at-home program. Financial Services Appropriations - In support of funding for Veterans Outreach programs.",https://lda.gov/filings/public/filing/7c989957-9fef-48dd-9a4c-fea88872d260/print/
7c989957-9fef-48dd-9a4c-fea88872d260,Q4,2022,fourth_quarter,2023-01-19T19:48:09-05:00,THE PENNSYLVANIA STATE UNIVERSITY,PENNSYLVANIA STATE UNIVERSITY,,130000.00,DEF,"Defense, Dept of (DOD); HOUSE OF REPRESENTATIVES; SENATE",ZACHERY MOORE; MALCOLM WARBRICK; SHEILAH BORNE; AMANDA WINTERSTEEN,TORPEDO,"Defense Appropriations Act - Title IV - In support of increased funding for Defense Science and Technology, and Basic and Applied Research in all services. In support of funding for MK-48 ADCAP, Submarine Acoustic Warfare Development, Lightweight Torpedo Development, Large Unmanned Undersea Vehicles, and Ship Concept Advanced Design. In support of funding for Congressionally Directed Medical Research Programs. In support of legislative provision directing the National Academies to study the feasibility of establishing an independent research security organization.",https://lda.gov/filings/public/filing/7c989957-9fef-48dd-9a4c-fea88872d260/print/
d52889ca-1396-4b92-a467-42ef8c1913c8,4A,2022,fourth_quarter,2023-01-27T08:57:23-05:00,THE PENNSYLVANIA STATE UNIVERSITY,PENNSYLVANIA STATE UNIVERSITY,,140000.00,BUD,"Defense, Dept of (DOD); HOUSE OF REPRESENTATIVES; Natl Science Foundation (NSF); Office of Management & Budget (OMB); Office of Science & Technology Policy (OSTP); SENATE",ZACHERY MOORE; SHEILAH BORNE; AMANDA WINTERSTEEN; MALCOLM WARBRICK,TORPEDO,"Defense Appropriations Act - Title IV - In support of increased funding for Defense Science and Technology, and Basic and Applied Research in all services. In support of funding for MK-48 ADCAP, Submarine Acoustic Warfare Development, Lightweight Torpedo Development, Large Unmanned Undersea Vehicles, and Ship Concept Advanced Design. In support of funding for Congressionally Directed Medical Research Programs. Education Appropriations - In support of funding for the Federal Pell Grant Program, Federal Supplemental Educational Opportunity Grant, and Federal Work-Study program. In support of funding for the Institute of Education Sciences. Agricultural, Rural Development, Food and Drug Administration and Related Agencies Appropriation - Title I - National Institute of Food and Agriculture - In support of increased funding for Agriculture and Food Research Initiative, Hatch Act, Smith-Lever, and McIntire-Stennis Cooperative Forestry Research program, and Research Facilities Act. In support of Community Project Funding request for Mobile Community Medical Unit. Commerce, Justice, Science Appropriations - In support of funding for National Science Foundation. In support of funding for NASA Space Grant and Science Mission Directorate. In support of funding for Sea Grant program. In support of funding for NASA Dragonfly Mission. In support of funding to implement the CHIPS and Science Act. Transportation, Housing and Urban Development Appropriations - In support of funding for Bus Testing Facility program and Federal Contract Tower program. State and Foreign Operations Appropriations - In support of funding for Feed the Future Food Security Innovation Labs. Interior Appropriations - In support of funding for Water Resources Research Act program. In support of funding for the National Endowment for the Humanities and National Endowment for the Arts. In support of funding for EPA's Research: National Priorities program. Energy and Water Development Appropriations - In support of funding for Department of Energy Office of Science, Critical Minerals Initiative, Fossil Energy Research and Development, and Advanced Research Projects Agency-Energy. In support of Community Project Funding request for critical minerals pilot-scale research and development unit. Labor - HHS - Education and Related Appropriations - In support of funding for the Corporation for Public Broadcasting. Health and Human Services Appropriations - In support of funding for the National Institutes of Health, Area Health Education Centers Program, and the Health Resources and Services Administration Title VII programs. In support of funding for Regional Response Health Collaboration program. In support of Community Project Funding request for Health Resources and Services Administration's Maternal and Child Health Services. Re: FY23 Omnibus: In opposition to cuts to health programs; in support of temporary per diem due to inability to discharge patients to post-acute facilities due to staffing shortages; In support of funding graduate medical education positions; In support of permanent expansion of telehealth services and hospital-at-home program. Financial Services Appropriations - In support of funding for Veterans Outreach programs.",https://lda.gov/filings/public/filing/d52889ca-1396-4b92-a467-42ef8c1913c8/print/
d52889ca-1396-4b92-a467-42ef8c1913c8,4A,2022,fourth_quarter,2023-01-27T08:57:23-05:00,THE PENNSYLVANIA STATE UNIVERSITY,PENNSYLVANIA STATE UNIVERSITY,,140000.00,DEF,"Defense, Dept of (DOD); HOUSE OF REPRESENTATIVES; SENATE",ZACHERY MOORE; SHEILAH BORNE; AMANDA WINTERSTEEN; MALCOLM WARBRICK,TORPEDO,"Defense Appropriations Act - Title IV - In support of increased funding for Defense Science and Technology, and Basic and Applied Research in all services. In support of funding for MK-48 ADCAP, Submarine Acoustic Warfare Development, Lightweight Torpedo Development, Large Unmanned Undersea Vehicles, and Ship Concept Advanced Design. In support of funding for Congressionally Directed Medical Research Programs. In support of legislative provision directing the National Academies to study the feasibility of establishing an independent research security organization.",https://lda.gov/filings/public/filing/d52889ca-1396-4b92-a467-42ef8c1913c8/print/
450625e1-3da0-4a1c-8318-0b82f769755a,1A,2022,first_quarter,2025-03-21T16:51:50-04:00,ULTRA MARITIME LLC (FORMERLY REPORTED AS ULTRA ELECTRONICS DEFENSE INC),ULTRA MARITIME LLC (FORMERLY REPORTED AS ULTRA ELECTRONICS DEFENSE INC),,150000.00,DEF,HOUSE OF REPRESENTATIVES; SENATE,GREGORY THOM,TORPEDO,"National Defense Authorization Act for Fiscal Year 2023, no bill number (issues related to sonobuoys, ship power, torpedoes, torpedo defense, transducers, receivers, cryptographic systems, precision long range strike, radio communications, command and control technology); Department of Defense Appropriations Act for Fiscal Year 2023, no bill numbers(issues related to funding for sonobuoys, ship power, torpedoes, torpedo defense, transducers, receivers, cryptographic systems, precision long range strike, radio communications, command and control technology, monitoring systems).",https://lda.gov/filings/public/filing/450625e1-3da0-4a1c-8318-0b82f769755a/print/
075bbdfd-c269-4fa6-a1c1-ebb2d973c98c,2A,2022,second_quarter,2025-03-21T16:53:00-04:00,ULTRA MARITIME LLC (FORMERLY REPORTED AS ULTRA ELECTRONICS DEFENSE INC),ULTRA MARITIME LLC (FORMERLY REPORTED AS ULTRA ELECTRONICS DEFENSE INC),,150000.00,DEF,HOUSE OF REPRESENTATIVES; SENATE,GREGORY THOM,TORPEDO,"James M. Inhofe National Defense Authorization Act for Fiscal Year 2023, H.R. 7776 / no Senate bill number (issues related to sonobuoys, ship power, cryptographic systems; funding for torpedoes, torpedo defense, transducers, receivers, cryptographic systems, precision long range strike; radio communications; command and control technology); Department of Defense Appropriations Act for Fiscal Year 2023, no bill numbers (issues related to funding for sonobuoys, ship power, torpedoes, torpedo defense, transducers, receivers, cryptographic systems, precision long range strike, radio communications, command and control technology, monitoring systems).",https://lda.gov/filings/public/filing/075bbdfd-c269-4fa6-a1c1-ebb2d973c98c/print/
71296e3c-ba85-4e4f-abf0-7be3b13557d6,3A,2022,third_quarter,2025-03-21T16:53:56-04:00,ULTRA MARITIME LLC (FORMERLY REPORTED AS ULTRA ELECTRONICS DEFENSE INC),ULTRA MARITIME LLC (FORMERLY REPORTED AS ULTRA ELECTRONICS DEFENSE INC),,150000.00,DEF,HOUSE OF REPRESENTATIVES; SENATE,GREGORY THOM,TORPEDO,"James M. Inhofe National Defense Authorization Act for Fiscal Year 2023, H.R. 7776 / S. 4543 (issues related to sonobuoys, ship power, torpedoes, torpedo defense, transducers, receivers, cryptographic systems, precision long range strike, radio communications, command and control technology); Department of Defense Appropriations Act for Fiscal Year 2023, H.R. 8236/S. 4663(issues related to funding for sonobuoys, ship power, torpedoes, torpedo defense, transducers, receivers, cryptographic systems, precision long range strike, radio communications, command and control technology, monitoring systems).",https://lda.gov/filings/public/filing/71296e3c-ba85-4e4f-abf0-7be3b13557d6/print/
20d20c1d-0ba6-40e9-95e6-bdee2a1c1c8b,4A,2022,fourth_quarter,2025-03-21T16:54:50-04:00,ULTRA MARITIME LLC (FORMERLY REPORTED AS ULTRA ELECTRONICS DEFENSE INC),ULTRA MARITIME LLC (FORMERLY REPORTED AS ULTRA ELECTRONICS DEFENSE INC),,150000.00,DEF,HOUSE OF REPRESENTATIVES; SENATE,GREGORY THOM,TORPEDO,"James M. Inhofe National Defense Authorization Act for Fiscal Year 2023, H.R. 7776 / S. 4543 (issues related to sonobuoys, ship power, torpedoes, torpedo defense, transducers, receivers, cryptographic systems, precision long range strike, radio communications, command and control technology); Consolidated Appropriations Act, 2023, H.R. 2617 / no Senate bill number (issues related to funding for sonobuoys, ship power, torpedoes, torpedo defense, transducers, receivers, cryptographic systems, precision long range strike, radio communications, command and control technology, monitoring systems).",https://lda.gov/filings/public/filing/20d20c1d-0ba6-40e9-95e6-bdee2a1c1c8b/print/
bcc89bcf-4729-42ef-892d-a575e51bfb41,Q1,2023,first_quarter,2023-04-17T09:42:01-04:00,ULTRA MARITIME LLC (FORMERLY REPORTED AS ULTRA ELECTRONICS DEFENSE INC),ULTRA MARITIME LLC (FORMERLY REPORTED AS ULTRA ELECTRONICS DEFENSE INC),120000.00,,DEF,HOUSE OF REPRESENTATIVES; SENATE,GREGORY THOM,TORPEDO,"FY2024 HASC maritime issues to include; underwater acoustics; submarine countermeasures; submarine degaussing; next generation surface search radar; mk-48 & mk-54 torpedoes, craw, surface ship torpedo defense FY2024 SASC on maritime issues to include: underwater acoustics; submarine countermeasures; submarine degaussing; next generation surface search radar; mk-48 & mk-54 torpedoes, craw, surface ship torpedo defense FY2024 HAC-D maritime issues to include; underwater acoustics; submarine countermeasures; submarine degaussing; next generation surface search radar; mk-48 & mk-54 torpedoes, craw, surface ship torpedo defense FY2024 SAC-D maritime issues to include; underwater acoustics; submarine countermeasures; submarine degaussing; next generation surface search radar; mk-48 & mk-54 torpedoes, craw, surface ship torpedo defense",https://lda.gov/filings/public/filing/bcc89bcf-4729-42ef-892d-a575e51bfb41/print/
d42f300e-3c98-4b79-8921-968e6bc12f35,Q1,2023,first_quarter,2023-04-20T15:00:32-04:00,THE PENNSYLVANIA STATE UNIVERSITY,PENNSYLVANIA STATE UNIVERSITY,,190000.00,BUD,HOUSE OF REPRESENTATIVES; SENATE,ZACHERY MOORE; SHEILAH BORNE; AMANDA WINTERSTEEN; MALCOLM WARBRICK,TORPEDO,"Defense Appropriations Act - Title IV - In support of increased funding for Defense Science and Technology, and Basic and Applied Research in all services. In support of funding for MK-48 ADCAP, Submarine Acoustic Warfare Development, Lightweight Torpedo Development, New Design SSN, and Ship Concept Advanced Design. Education Appropriations - In support of funding for the Federal Pell Grant Program, Federal Supplemental Educational Opportunity Grant, and Federal Work-Study program. In support of funding for the Institute of Education Sciences. Agricultural, Rural Development, Food and Drug Administration and Related Agencies Appropriation - Title I - National Institute of Food and Agriculture - In support of increased funding for Agriculture and Food Research Initiative, Hatch Act, Smith-Lever, and McIntire-Stennis Cooperative Forestry Research program, and Research Facilities Act. Commerce, Justice, Science Appropriations - In support of funding for National Science Foundation. In support of funding for NASA Space Grant and Science Mission Directorate. In support of funding for Sea Grant program. In support of funding to implement the CHIPS and Science Act. In support of NIST Construction of Research Facilities Community Project Funding request. Transportation, Housing and Urban Development Appropriations - In support of funding for Bus Testing Facility program and Federal Contract Tower program. In support of Community Project Funding requests: FAA Grant-in-Aid for situational awareness display system; Allen Street pedestrian safety and universal accessibility; CATA systemwide assessment of transit stop ADA accessibility; Beaver Falls Children's Museum. State and Foreign Operations Appropriations - In support of funding for Feed the Future Food Security Innovation Labs. Interior Appropriations - In support of funding for Water Resources Research Act program. In support of funding for the National Endowment for the Humanities and National Endowment for the Arts. In support of funding for EPA's Research: National Priorities program. Energy and Water Development Appropriations - In support of funding for Department of Energy Office of Science, Critical Minerals Initiative, Fossil Energy Research and Development, and Advanced Research Projects Agency-Energy. Labor - HHS - Education and Related Appropriations - In support of funding for the Corporation for Public Broadcasting. Health and Human Services Appropriations - In support of funding for the National Institutes of Health, Area Health Education Centers Program, and the Health Resources and Services Administration Title VII programs. In support of funding for Regional Response Health Collaboration program. Financial Services Appropriations - In support of funding for Veterans Outreach programs.",https://lda.gov/filings/public/filing/d42f300e-3c98-4b79-8921-968e6bc12f35/print/
d42f300e-3c98-4b79-8921-968e6bc12f35,Q1,2023,first_quarter,2023-04-20T15:00:32-04:00,THE PENNSYLVANIA STATE UNIVERSITY,PENNSYLVANIA STATE UNIVERSITY,,190000.00,DEF,HOUSE OF REPRESENTATIVES; SENATE,ZACHERY MOORE; SHEILAH BORNE; AMANDA WINTERSTEEN; MALCOLM WARBRICK,TORPEDO,"Defense Appropriations Act - Title IV - In support of increased funding for Defense Science and Technology, and Basic and Applied Research in all services. In support of funding for MK-48 ADCAP, Submarine Acoustic Warfare Development, Lightweight Torpedo Development, New Design SSN, and Ship Concept Advanced Design. In support of Army Rare Earth Elements Initiatives Prototype project proposal.",https://lda.gov/filings/public/filing/d42f300e-3c98-4b79-8921-968e6bc12f35/print/
9fc2610c-0a8a-4056-bbfe-bfab15275271,Q2,2023,second_quarter,2023-07-13T10:10:37-04:00,ULTRA MARITIME LLC (FORMERLY REPORTED AS ULTRA ELECTRONICS DEFENSE INC),ULTRA MARITIME LLC (FORMERLY REPORTED AS ULTRA ELECTRONICS DEFENSE INC),120000.00,,DEF,HOUSE OF REPRESENTATIVES; SENATE,GREGORY THOM,TORPEDO,"FY2024 HASC maritime issues to include; underwater acoustics; submarine countermeasures; submarine degaussing; next generation surface search radar; mk-48 & mk-54 torpedoes, craw, surface ship torpedo defense FY2024 SASC on maritime issues to include: underwater acoustics; submarine countermeasures; submarine degaussing; next generation surface search radar; mk-48 & mk-54 torpedoes, craw, surface ship torpedo defense FY2024 HAC-D maritime issues to include; underwater acoustics; submarine countermeasures; submarine degaussing; next generation surface search radar; mk-48 & mk-54 torpedoes, craw, surface ship torpedo defense FY2024 SAC-D maritime issues to include; underwater acoustics; submarine countermeasures; submarine degaussing; next generation surface search radar; mk-48 & mk-54 torpedoes, craw, surface ship torpedo defense",https://lda.gov/filings/public/filing/9fc2610c-0a8a-4056-bbfe-bfab15275271/print/
e24be185-1d55-47d6-b9a2-3cbb12cc73fa,Q2,2023,second_quarter,2023-07-19T14:41:15-04:00,THE PENNSYLVANIA STATE UNIVERSITY,PENNSYLVANIA STATE UNIVERSITY,,130000.00,BUD,HOUSE OF REPRESENTATIVES; SENATE,ZACHERY MOORE; SHEILAH BORNE; AMANDA WINTERSTEEN; MALCOLM WARBRICK,TORPEDO,"Defense Appropriations Act - Title IV - In support of increased funding for Defense Science and Technology, and Basic and Applied Research in all services. In support of funding for MK-48 ADCAP, Submarine Acoustic Warfare Development, Lightweight Torpedo Development, New Design SSN, and Ship Concept Advanced Design. In support of funding for Congressionally Directed Medical Research Program. Education Appropriations - In support of funding for the Federal Pell Grant Program, Federal Supplemental Educational Opportunity Grant, and Federal Work-Study program. In support of funding for the Institute of Education Sciences. Agricultural, Rural Development, Food and Drug Administration and Related Agencies Appropriation - Title I - National Institute of Food and Agriculture - In support of increased funding for Agriculture and Food Research Initiative, Hatch Act, Smith-Lever, and McIntire-Stennis Cooperative Forestry Research program, and Research Facilities Act. In support for Agricultural Genome to Phenome Initiative. Commerce, Justice, Science Appropriations - In support of funding for National Science Foundation. In support of funding for NASA Space Grant and Science Mission Directorate. In support of funding for Sea Grant program. In support of funding to implement the CHIPS and Science Act. In support of NIST Construction of Research Facilities Community Project Funding request. Transportation, Housing and Urban Development Appropriations - In support of funding for Bus Testing Facility program and Federal Contract Tower program. In support of Community Project Funding requests: FAA Grant-in-Aid for situational awareness display system; Allen Street pedestrian safety and universal accessibility. State and Foreign Operations Appropriations - In support of funding for Feed the Future Food Security Innovation Labs. Interior Appropriations - In support of funding for Water Resources Research Act program. In support of funding for the National Endowment for the Humanities and National Endowment for the Arts. In support of funding for EPA's Research: National Priorities program. Energy and Water Development Appropriations - In support of funding for Department of Energy Office of Science, Critical Minerals Initiative, Fossil Energy Research and Development, and Advanced Research Projects Agency-Energy. Labor - HHS - Education and Related Appropriations - In support of funding for the Corporation for Public Broadcasting. Health and Human Services Appropriations - In support of funding for the National Institutes of Health, Area Health Education Centers Program, and the Health Resources and Services Administration Title VII programs. In support of funding for Regional Response Health Collaboration program. In support of funding to implement the National Alzheimer's Plan research, development, programs, and services. Financial Services Appropriations - In support of funding for Veterans Outreach programs.",https://lda.gov/filings/public/filing/e24be185-1d55-47d6-b9a2-3cbb12cc73fa/print/
e24be185-1d55-47d6-b9a2-3cbb12cc73fa,Q2,2023,second_quarter,2023-07-19T14:41:15-04:00,THE PENNSYLVANIA STATE UNIVERSITY,PENNSYLVANIA STATE UNIVERSITY,,130000.00,DEF,HOUSE OF REPRESENTATIVES; SENATE,ZACHERY MOORE; SHEILAH BORNE; AMANDA WINTERSTEEN; MALCOLM WARBRICK,TORPEDO,"Defense Appropriations Act - Title IV - In support of increased funding for Defense Science and Technology, and Basic and Applied Research in all services. In support of funding for MK-48 ADCAP, Submarine Acoustic Warfare Development, Lightweight Torpedo Development, New Design SSN, and Ship Concept Advanced Design. In support of funding for Congressionally Directed Medical Research Program. In support of Microelectronics Commons project proposal. In support of Defense University Research Instrumentation Program grant proposal.",https://lda.gov/filings/public/filing/e24be185-1d55-47d6-b9a2-3cbb12cc73fa/print/
2c5f6c5e-6670-41c3-ab89-ebecc2e18d1f,Q3,2023,third_quarter,2023-10-18T17:42:06-04:00,ULTRA MARITIME LLC (FORMERLY REPORTED AS ULTRA ELECTRONICS DEFENSE INC),ULTRA MARITIME LLC (FORMERLY REPORTED AS ULTRA ELECTRONICS DEFENSE INC),120000.00,,DEF,HOUSE OF REPRESENTATIVES; SENATE,GREGORY THOM,TORPEDO,"FY2024 HASC maritime issues to include; underwater acoustics; submarine countermeasures; submarine degaussing; next generation surface search radar; mk-48 & mk-54 torpedoes, craw, surface ship torpedo defense FY2024 SASC on maritime issues to include: underwater acoustics; submarine countermeasures; submarine degaussing; next generation surface search radar; mk-48 & mk-54 torpedoes, craw, surface ship torpedo defense FY2024 HAC-D maritime issues to include; underwater acoustics; submarine countermeasures; submarine degaussing; next generation surface search radar; mk-48 & mk-54 torpedoes, craw, surface ship torpedo defense FY2024 SAC-D maritime issues to include; underwater acoustics; submarine countermeasures; submarine degaussing; next generation surface search radar; mk-48 & mk-54 torpedoes, craw, surface ship torpedo defense",https://lda.gov/filings/public/filing/2c5f6c5e-6670-41c3-ab89-ebecc2e18d1f/print/
559b4210-75b6-4567-9f2b-82e680d8c5cc,Q3,2023,third_quarter,2023-10-20T14:35:37-04:00,THE PENNSYLVANIA STATE UNIVERSITY,PENNSYLVANIA STATE UNIVERSITY,,130000.00,BUD,HOUSE OF REPRESENTATIVES; SENATE,ZACHERY MOORE; SHEILAH BORNE; AMANDA WINTERSTEEN; MALCOLM WARBRICK,TORPEDO,"Defense Appropriations Act - Title IV - In support of increased funding for Defense Science and Technology, and Basic and Applied Research in all services. In support of funding for MK-48 ADCAP, Submarine Acoustic Warfare Development, Lightweight Torpedo Development, New Design SSN, and Ship Concept Advanced Design. Education Appropriations - In support of funding for the Federal Pell Grant Program, Federal Supplemental Educational Opportunity Grant, and Federal Work-Study program. Agricultural, Rural Development, Food and Drug Administration and Related Agencies Appropriation - Title I - National Institute of Food and Agriculture - In support of increased funding for Agriculture and Food Research Initiative, Hatch Act, Smith-Lever, and McIntire-Stennis Cooperative Forestry Research program, and Research Facilities Act. Commerce, Justice, Science Appropriations - In support of funding for National Science Foundation. In support of funding for NASA Space Grant and Science Mission Directorate. In support of funding for Sea Grant program. In support of funding to implement the CHIPS and Science Act. In support of NIST Construction of Research Facilities Community Project Funding request. Transportation, Housing and Urban Development Appropriations - In support of funding for Bus Testing Facility program and Federal Contract Tower program. State and Foreign Operations Appropriations - In support of funding for Feed the Future Food Security Innovation Labs. Interior Appropriations - In support of funding for Water Resources Research Act program. In support of funding for the National Endowment for the Humanities and National Endowment for the Arts. In support of funding for EPA's Research: National Priorities program. Energy and Water Development Appropriations - In support of funding for Department of Energy Office of Science, Critical Minerals Initiative, Fossil Energy Research and Development, and Advanced Research Projects Agency-Energy. Labor - HHS - Education and Related Appropriations - In support of funding for the Corporation for Public Broadcasting. Health and Human Services Appropriations - In support of funding for the National Institutes of Health, Area Health Education Centers Program, and the Health Resources and Services Administration Title VII programs. In support of funding for Regional Response Health Collaboration program. In support of funding to implement the National Alzheimer's Plan research, development, programs, and services. Financial Services Appropriations - In support of funding for Veterans Outreach programs.",https://lda.gov/filings/public/filing/559b4210-75b6-4567-9f2b-82e680d8c5cc/print/
559b4210-75b6-4567-9f2b-82e680d8c5cc,Q3,2023,third_quarter,2023-10-20T14:35:37-04:00,THE PENNSYLVANIA STATE UNIVERSITY,PENNSYLVANIA STATE UNIVERSITY,,130000.00,DEF,HOUSE OF REPRESENTATIVES; SENATE,ZACHERY MOORE; SHEILAH BORNE; AMANDA WINTERSTEEN; MALCOLM WARBRICK,TORPEDO,"Defense Appropriations Act - Title IV - In support of increased funding for Defense Science and Technology, and Basic and Applied Research in all services. In support of funding for MK-48 ADCAP, Submarine Acoustic Warfare Development, Lightweight Torpedo Development, New Design SSN, and Ship Concept Advanced Design. In support of funding and policy priorities in the final FY24 National Defense Authorization Act that enable research and development at universities.",https://lda.gov/filings/public/filing/559b4210-75b6-4567-9f2b-82e680d8c5cc/print/
83a0d4ac-1130-43e0-80bd-394f7a6c1210,Q4,2023,fourth_quarter,2024-01-09T13:00:42-05:00,ULTRA MARITIME LLC (FORMERLY REPORTED AS ULTRA ELECTRONICS DEFENSE INC),ULTRA MARITIME LLC (FORMERLY REPORTED AS ULTRA ELECTRONICS DEFENSE INC),50000.00,,DEF,HOUSE OF REPRESENTATIVES; SENATE,GREGORY THOM,TORPEDO,"FY2024 HASC maritime issues to include; underwater acoustics; submarine countermeasures; submarine degaussing; next generation surface search radar; mk-48 & mk-54 torpedoes, craw, surface ship torpedo defense FY2024 SASC on maritime issues to include: underwater acoustics; submarine countermeasures; submarine degaussing; next generation surface search radar; mk-48 & mk-54 torpedoes, craw, surface ship torpedo defense FY2024 HAC-D maritime issues to include; underwater acoustics; submarine countermeasures; submarine degaussing; next generation surface search radar; mk-48 & mk-54 torpedoes, craw, surface ship torpedo defense FY2024 SAC-D maritime issues to include; underwater acoustics; submarine countermeasures; submarine degaussing; next generation surface search radar; mk-48 & mk-54 torpedoes, craw, surface ship torpedo defense",https://lda.gov/filings/public/filing/83a0d4ac-1130-43e0-80bd-394f7a6c1210/print/
d902223e-b420-4450-a4de-544b04ff59c4,Q4,2023,fourth_quarter,2024-01-22T13:50:46-05:00,THE PENNSYLVANIA STATE UNIVERSITY,PENNSYLVANIA STATE UNIVERSITY,,170000.00,BUD,HOUSE OF REPRESENTATIVES; Office of Management & Budget (OMB); SENATE,ZACHERY MOORE; SHEILAH BORNE; AMANDA WINTERSTEEN; MALCOLM WARBRICK,TORPEDO,"Defense Appropriations Act - Title IV - In support of increased funding for Defense Science and Technology, and Basic and Applied Research in all services. In support of funding for MK-48 ADCAP, Submarine Acoustic Warfare Development, Lightweight Torpedo Development, New Design SSN, and Ship Concept Advanced Design. In support of funding to improve new secure facility construction. In support of funding for Congressionally Directed Medical Research Programs. Education Appropriations - In support of funding for the Federal Pell Grant Program, Federal Supplemental Educational Opportunity Grant, and Federal Work-Study program. In support of funding for the Institute of Education Sciences. Agricultural, Rural Development, Food and Drug Administration and Related Agencies Appropriation - Title I - National Institute of Food and Agriculture - In support of increased funding for Agriculture and Food Research Initiative, and Research Facilities Act. Commerce, Justice, Science Appropriations - In support of funding for National Science Foundation. In support of funding for NASA Space Grant, Science Mission Directorate, and Geospace Dynamics Constellation Mission. In support of funding to implement the CHIPS and Science Act. In support of NIST Construction of Research Facilities Community Project Funding request. Transportation, Housing and Urban Development Appropriations - In support of funding for Bus Testing Facility program and Federal Contract Tower program. State and Foreign Operations Appropriations - In support of funding for Feed the Future Food Security Innovation Labs. Interior Appropriations - In support of funding for the National Endowment for the Humanities and National Endowment for the Arts. Energy and Water Development Appropriations - In support of funding for Department of Energy Office of Science, Critical Minerals Initiative, Fossil Energy Research and Development, Advanced Research Projects Agency-Energy, and Energy Efficiency and Renewable Energy. Labor - HHS - Education and Related Appropriations - In support of funding for the Corporation for Public Broadcasting. Health and Human Services Appropriations - In support of funding for the National Institutes of Health, Area Health Education Centers Program, and the Health Resources and Services Administration Title VII programs. In support of funding for Regional Response Health Collaboration program. In support of funding to implement the National Alzheimer's Plan research, development, programs, and services. Financial Services Appropriations - In support of funding for Veterans Outreach programs.",https://lda.gov/filings/public/filing/d902223e-b420-4450-a4de-544b04ff59c4/print/
d902223e-b420-4450-a4de-544b04ff59c4,Q4,2023,fourth_quarter,2024-01-22T13:50:46-05:00,THE PENNSYLVANIA STATE UNIVERSITY,PENNSYLVANIA STATE UNIVERSITY,,170000.00,DEF,HOUSE OF REPRESENTATIVES; SENATE,ZACHERY MOORE; SHEILAH BORNE; AMANDA WINTERSTEEN; MALCOLM WARBRICK,TORPEDO,"Defense Appropriations Act - Title IV - In support of increased funding for Defense Science and Technology, and Basic and Applied Research in all services. In support of funding for MK-48 ADCAP, Submarine Acoustic Warfare Development, Lightweight Torpedo Development, New Design SSN, and Ship Concept Advanced Design. In support of funding to improve new secure facility construction. In support of funding for Congressionally Directed Medical Research Programs.",https://lda.gov/filings/public/filing/d902223e-b420-4450-a4de-544b04ff59c4/print/
a5ca5b35-98d1-45a5-ab0d-cdf12dda5255,1A,2023,first_quarter,2025-03-21T16:55:34-04:00,ULTRA MARITIME LLC (FORMERLY REPORTED AS ULTRA ELECTRONICS DEFENSE INC),ULTRA MARITIME LLC (FORMERLY REPORTED AS ULTRA ELECTRONICS DEFENSE INC),,150000.00,DEF,HOUSE OF REPRESENTATIVES; SENATE,GREGORY THOM,TORPEDO,"National Defense Authorization Act for Fiscal Year 2024, no bill numbers (issues related to sonobuoys, ship power, torpedoes, torpedo defense, transducers, receivers, cryptographic systems, precision long range strike, radio communications, command and control technology) and, Department of Defense Appropriations Act for Fiscal Year 2024 (no bill numbers) (issues related to funding for underwater acoustics transducers, submarine countermeasures, submarine degaussing, next generation surface search radar, Mk-48 & Mk-54 torpedoes, craw, surface ship torpedo defense).",https://lda.gov/filings/public/filing/a5ca5b35-98d1-45a5-ab0d-cdf12dda5255/print/
415df8ff-2632-40f3-9548-6f950382d77d,2A,2023,second_quarter,2025-03-21T16:56:18-04:00,ULTRA MARITIME LLC (FORMERLY REPORTED AS ULTRA ELECTRONICS DEFENSE INC),ULTRA MARITIME LLC (FORMERLY REPORTED AS ULTRA ELECTRONICS DEFENSE INC),,180000.00,DEF,HOUSE OF REPRESENTATIVES; SENATE,GREGORY THOM,TORPEDO,"Department of Defense Appropriations Act for Fiscal Year 2024, H.R. 4365/ no Senate bill number(issues related to funding for sonobuoys, ship power, torpedoes, torpedo defense, transducers, receivers, cryptographic systems, precision long range strike, radio communications, command and control technology); National Defense Authorization Act for Fiscal Year 2024, H.R. 2670 / no Senate bill number (issues related to underwater acoustics transducers, submarine countermeasures, submarine degaussing, next generation surface search radar, Mk-48 & Mk-54 torpedoes, craw, surface ship torpedo defense).",https://lda.gov/filings/public/filing/415df8ff-2632-40f3-9548-6f950382d77d/print/
4cdb41a2-5433-43cb-88c8-48fab2dc5914,3A,2023,third_quarter,2025-03-21T16:57:34-04:00,ULTRA MARITIME LLC (FORMERLY REPORTED AS ULTRA ELECTRONICS DEFENSE INC),ULTRA MARITIME LLC (FORMERLY REPORTED AS ULTRA ELECTRONICS DEFENSE INC),,150000.00,DEF,HOUSE OF REPRESENTATIVES; SENATE,GREGORY THOM,TORPEDO,"Department of Defense Appropriations Act for Fiscal Year 2024, H.R. 4365/S. 2587 (issues related to funding for sonobuoys, ship power, torpedoes, torpedo defense, transducers, receivers, cryptographic systems, precision long range strike, radio communications, command and control technology); National Defense Authorization Act for Fiscal Year 2024, H.R. 2670 / S. 2226 (issues related to underwater acoustics transducers, submarine countermeasures, submarine degaussing, next generation surface search radar, Mk-48 & Mk-54 torpedoes, craw, surface ship torpedo defense).",https://lda.gov/filings/public/filing/4cdb41a2-5433-43cb-88c8-48fab2dc5914/print/
0db7a578-6918-4f09-8872-0dc11426c2e6,4A,2023,fourth_quarter,2025-03-21T16:58:26-04:00,ULTRA MARITIME LLC (FORMERLY REPORTED AS ULTRA ELECTRONICS DEFENSE INC),ULTRA MARITIME LLC (FORMERLY REPORTED AS ULTRA ELECTRONICS DEFENSE INC),,160000.00,DEF,HOUSE OF REPRESENTATIVES; SENATE,GREGORY THOM,TORPEDO,"National Defense Authorization Act for Fiscal Year 2024, H.R. 2670 / S. 2226 (issues related to sonobuoys, ship power, torpedoes, torpedo defense, transducers, receivers, cryptographic systems, precision long range strike, radio communications, command and control technology); Department of Defense Appropriations Act for Fiscal Year 2024, H.R. 4365/S. 2587 (issues related to funding for underwater acoustics transducers, submarine countermeasures, submarine degaussing, next generation surface search radar, Mk-48 & Mk-54 torpedoes, craw, surface ship torpedo defense).",https://lda.gov/filings/public/filing/0db7a578-6918-4f09-8872-0dc11426c2e6/print/
88b85d01-06b7-450b-852e-747d400862f4,Q1,2024,first_quarter,2024-03-15T15:58:42-04:00,ULTRA MARITIME LLC (FORMERLY REPORTED AS ULTRA ELECTRONICS DEFENSE INC),ULTRA MARITIME LLC (FORMERLY REPORTED AS ULTRA ELECTRONICS DEFENSE INC),,,DEF,HOUSE OF REPRESENTATIVES; SENATE,GREGORY THOM,TORPEDO,"FY2024 HASC maritime issues to include; underwater acoustics; submarine countermeasures; submarine degaussing; next generation surface search radar; mk-48 & mk-54 torpedoes, craw, surface ship torpedo defense FY2024 SASC on maritime issues to include: underwater acoustics; submarine countermeasures; submarine degaussing; next generation surface search radar; mk-48 & mk-54 torpedoes, craw, surface ship torpedo defense FY2024 HAC-D maritime issues to include; underwater acoustics; submarine countermeasures; submarine degaussing; next generation surface search radar; mk-48 & mk-54 torpedoes, craw, surface ship torpedo defense FY2024 SAC-D maritime issues to include; underwater acoustics; submarine countermeasures; submarine degaussing; next generation surface search radar; mk-48 & mk-54 torpedoes, craw, surface ship torpedo defense",https://lda.gov/filings/public/filing/88b85d01-06b7-450b-852e-747d400862f4/print/
2ca13b74-bf53-4b1b-8d39-bd94fe1ac761,RA,2024,first_quarter,2024-03-15T16:07:36-04:00,ULTRA MARITIME LLC (FORMERLY REPORTED AS ULTRA ELECTRONICS DEFENSE INC),ULTRA MARITIME LLC (FORMERLY REPORTED AS ULTRA ELECTRONICS DEFENSE INC),,,DEF,,GREGORY THOM,TORPEDO,"FY2025 Sonobuoys, Submarine Countermeasures, Surface Ship Torpedo Defense",https://lda.gov/filings/public/filing/2ca13b74-bf53-4b1b-8d39-bd94fe1ac761/print/
49fee57d-fa1b-4852-901c-5df401f9c589,Q1,2024,first_quarter,2024-04-22T21:18:38-04:00,THE PENNSYLVANIA STATE UNIVERSITY,PENNSYLVANIA STATE UNIVERSITY,,160000.00,BUD,HOUSE OF REPRESENTATIVES; SENATE,ZACHERY MOORE; SHEILAH BORNE; AMANDA WINTERSTEEN; MALCOLM WARBRICK,TORPEDO,"Defense Appropriations Act - In support of funding for MK-48 ADCAP, Submarine Acoustic Warfare Development, Lightweight Torpedo Development, New Design SSN, and Undersea Warfare Applied Research. In support of funding to improve new secure facility construction. Education Appropriations - In support of funding for the Federal Pell Grant Program, Federal Supplemental Educational Opportunity Grant, and Federal Work-Study program. In support of funding for the Institute of Education Sciences. In support of Fund for the improvement of Education Community Project Funding request. Agricultural, Rural Development, Food and Drug Administration and Related Agencies Appropriation - In support of increased funding for Agriculture and Food Research Initiative, Research Facilities Act, Smith-Lever Cooperative Extension, Hatch Act, McIntire-Stennis Cooperative Forestry Research. Commerce, Justice, Science Appropriations - In support of funding for National Science Foundation. In support of funding for NOAA Sea Grant. In support of funding for NASA Space Grant and Science Mission Directorate. In support of funding to implement the CHIPS and Science Act. In support of NIST Construction of Research Facilities Community Project Funding request. In support of NASA Safety, Security, and Mission Services Community Project Funding request. Transportation, Housing and Urban Development Appropriations - In support of funding for Bus Testing Facility program, Federal Contract Tower program, and Railroad Research and Development program. State and Foreign Operations Appropriations - In support of funding for Feed the Future Food Security Innovation Labs. Interior Appropriations - In support of funding for the National Endowment for the Humanities, National Endowment for the Arts, Water Resources Research Act program, and EPA Research: National Priorities. In support of EPA State and Tribal Assistance Grant Community Project funding requests. Energy and Water Development Appropriations - In support of funding for Department of Energy Office of Science, Critical Minerals Initiative, Fossil Energy Research and Development, Advanced Research Projects Agency-Energy, and Advanced Nuclear Research Infrastructure Enhancement. Labor - HHS - Education and Related Appropriations - In support of funding for the Corporation for Public Broadcasting. Health and Human Services Appropriations - In support of funding for the National Institutes of Health, Area Health Education Centers Program, and the Health Resources and Services Administration Title VII programs. In support of funding for Regional Response Health Collaboration program. In support of funding to implement the National Alzheimer's Plan research, development, programs, and services. In support of funding for CDC Office of Rural Health. In support of funding for Rural Maternity and Obstetrics Management Strategies programs. In opposition to cuts to Medicare by preventing or postponing statutory PAYGO sequester. In support of Substance Abuse and Mental Health Services Administration Community Project Funding request. In support of Health Resources Service Administration Community Project Funding requests. Financial Services Appropriations - In support of funding for Veterans Outreach programs.",https://lda.gov/filings/public/filing/49fee57d-fa1b-4852-901c-5df401f9c589/print/
49fee57d-fa1b-4852-901c-5df401f9c589,Q1,2024,first_quarter,2024-04-22T21:18:38-04:00,THE PENNSYLVANIA STATE UNIVERSITY,PENNSYLVANIA STATE UNIVERSITY,,160000.00,DEF,HOUSE OF REPRESENTATIVES; SENATE,ZACHERY MOORE; SHEILAH BORNE; AMANDA WINTERSTEEN; MALCOLM WARBRICK,TORPEDO,"Defense Appropriations Act - In support of funding for MK-48 ADCAP, Submarine Acoustic Warfare Development, Lightweight Torpedo Development, New Design SSN, and Undersea Warfare Applied Research. In support of funding to improve new secure facility construction.",https://lda.gov/filings/public/filing/49fee57d-fa1b-4852-901c-5df401f9c589/print/
d9a1d8e9-4329-45f3-b970-192a1adf6380,Q2,2024,second_quarter,2024-07-19T14:56:09-04:00,THE PENNSYLVANIA STATE UNIVERSITY,PENNSYLVANIA STATE UNIVERSITY,,160000.00,BUD,HOUSE OF REPRESENTATIVES; SENATE,SHEILAH BORNE; AMANDA WINTERSTEEN; MALCOLM WARBRICK; MICHAEL STEFAN,TORPEDO,"Defense Appropriations Act - In support of funding for MK-48 ADCAP, Submarine Acoustic Warfare Development, Lightweight Torpedo Development, New Design SSN, and Undersea Warfare Applied Research. In support of funding to improve new secure facility construction. In support of funding for LC-130J airplanes to safeguard access to research operations in the Arctic and Antarctic. Education Appropriations - In support of funding for the Federal Pell Grant Program, Federal Supplemental Educational Opportunity Grant, and Federal Work-Study program. In support of funding for the Institute of Education Sciences. In support of Fund for the Improvement of Education Community Project Funding request. Agricultural, Rural Development, Food and Drug Administration and Related Agencies Appropriation - In support of increased funding for Agriculture and Food Research Initiative, Research Facilities Act, Smith-Lever Cooperative Extension, Hatch Act, McIntire-Stennis Cooperative Forestry Research, and Regional Rural Development Centers. Commerce, Justice, Science Appropriations - In support of funding for National Science Foundation. In support of funding for NOAA Sea Grant. In support of funding for NASA Space Grant and Science Mission Directorate. In support of funding to implement the CHIPS and Science Act. In support of NIST Construction of Research Facilities Community Project Funding request. In Support of NASA Safety, Security, and Mission Services Community Project Funding request. Transportation, Housing and Urban Development Appropriations - In support of funding for Bus Testing Facility program, Federal Contract Tower program, and Railroad Research and Development program. State and Foreign Operations Appropriations - In support of funding for Feed the Future Food Security Innovation Labs. Interior Appropriations - In support of funding for the National Endowment for the Humanities, National Endowment for the Arts, Water Resources Research Act program, and EPA Research: National Priorities. Energy and Water Development Appropriations - In support of funding for Department of Energy Office of Science, Critical Minerals Initiative, Fossil Energy Research and Development, Advanced Research Projects Agency-Energy, and Advanced Nuclear Research Infrastructure Enhancement. Labor - HHS - Education and Related Appropriations - In support of funding for the Corporation for Public Broadcasting. Health and Human Services Appropriations - In support of funding for the National Institutes of Health, Area Health Education Centers Program, Health Resources and Services Administration Title VII programs, Regional Response Health Collaboration program, CDC Office of Rural Health, Rural Maternity and Obstetrics Management Strategies programs, Advanced Research Projects Agency-Health, and Congressionally Directed Medical Research Program. In support of funding to implement the National Alzheimer's Plan research, development, programs, and services. In opposition to cuts to Medicare by preventing or postponing statutory PAYGO sequester. In support of Substance Abuse and Mental Health Services Administration Community Project Funding request. In support of Health Resources Service Administration Community Project Funding requests. Financial Services Appropriations - In support of funding for Veterans Outreach programs.",https://lda.gov/filings/public/filing/d9a1d8e9-4329-45f3-b970-192a1adf6380/print/
d9a1d8e9-4329-45f3-b970-192a1adf6380,Q2,2024,second_quarter,2024-07-19T14:56:09-04:00,THE PENNSYLVANIA STATE UNIVERSITY,PENNSYLVANIA STATE UNIVERSITY,,160000.00,DEF,HOUSE OF REPRESENTATIVES; SENATE,SHEILAH BORNE; AMANDA WINTERSTEEN; MALCOLM WARBRICK; MICHAEL STEFAN,TORPEDO,"Defense Appropriations Act - In support of funding for MK-48 ADCAP, Submarine Acoustic Warfare Development, Lightweight Torpedo Development, New Design SSN, and Undersea Warfare Applied Research. In support of funding to improve new secure facility construction. In support of funding for LC-130J airplanes to safeguard access to research operations in the Arctic and Antarctic.",https://lda.gov/filings/public/filing/d9a1d8e9-4329-45f3-b970-192a1adf6380/print/
7d62c681-86c2-4e4d-a7d3-fb3fffd510cd,Q3,2024,third_quarter,2024-10-21T11:22:24-04:00,THE PENNSYLVANIA STATE UNIVERSITY,PENNSYLVANIA STATE UNIVERSITY,,140000.00,BUD,HOUSE OF REPRESENTATIVES; SENATE,SHEILAH BORNE; AMANDA WINTERSTEEN; MALCOLM WARBRICK; MICHAEL STEFAN,TORPEDO,"Defense Appropriations Act - In support of funding for MK-48 ADCAP, Submarine Acoustic Warfare Development, Lightweight Torpedo Development, New Design SSN, and Undersea Warfare Applied Research. In support of funding to improve new secure facility construction. Education Appropriations - In support of funding for the Federal Pell Grant Program, Federal Supplemental Educational Opportunity Grant, and Federal Work-Study program. In support of funding for the Institute of Education Sciences. Agricultural, Rural Development, Food and Drug Administration and Related Agencies Appropriation - In support of increased funding for Agriculture and Food Research Initiative, Research Facilities Act, Smith-Lever Cooperative Extension, Hatch Act, McIntire-Stennis Cooperative Forestry Research, and Regional Rural Development Centers. Commerce, Justice, Science Appropriations - In support of funding for National Science Foundation. In support of funding for NOAA Sea Grant. In support of funding for NASA Space Grant and Science Mission Directorate. In support of funding to implement the CHIPS and Science Act. Transportation, Housing and Urban Development Appropriations - In support of funding for Bus Testing Facility program, Federal Contract Tower program, and Railroad Research and Development program. State and Foreign Operations Appropriations - In support of funding for Feed the Future Food Security Innovation Labs. Interior Appropriations - In support of funding for the National Endowment for the Humanities, National Endowment for the Arts, Water Resources Research Act program, and EPA Research: National Priorities. Energy and Water Development Appropriations - In support of funding for Department of Energy Office of Science, Critical Minerals Initiative, Fossil Energy Research and Development, Advanced Research Projects Agency-Energy, and Advanced Nuclear Research Infrastructure Enhancement. Labor - HHS - Education and Related Appropriations - In support of funding for the Corporation for Public Broadcasting. Health and Human Services Appropriations - In support of funding for the National Institutes of Health, Area Health Education Centers Program, Health Resources and Services Administration Title VII programs, Regional Response Health Collaboration program, CDC Office of Rural Health, Rural Maternity and Obstetrics Management Strategies programs, Advanced Research Projects Agency-Health, and Congressionally Directed Medical Research Program. In support of funding to implement the National Alzheimer's Plan research, development, programs, and services. In opposition to cuts to Medicare by preventing or postponing statutory PAYGO sequester. In support of Substance Abuse and Mental Health Services Administration Community Project Funding request. In support of Health Resources Service Administration Community Project Funding requests. Financial Services Appropriations - In support of funding for Veterans Outreach programs.",https://lda.gov/filings/public/filing/7d62c681-86c2-4e4d-a7d3-fb3fffd510cd/print/
7d62c681-86c2-4e4d-a7d3-fb3fffd510cd,Q3,2024,third_quarter,2024-10-21T11:22:24-04:00,THE PENNSYLVANIA STATE UNIVERSITY,PENNSYLVANIA STATE UNIVERSITY,,140000.00,DEF,HOUSE OF REPRESENTATIVES; SENATE,SHEILAH BORNE; AMANDA WINTERSTEEN; MALCOLM WARBRICK; MICHAEL STEFAN,TORPEDO,"Defense Appropriations Act - In support of funding for MK-48 ADCAP, Submarine Acoustic Warfare Development, Lightweight Torpedo Development, New Design SSN, and Undersea Warfare Applied Research. In support of funding to improve new secure facility construction.",https://lda.gov/filings/public/filing/7d62c681-86c2-4e4d-a7d3-fb3fffd510cd/print/
da0d797a-8aef-4f2f-9d5f-89a0f4b63b66,Q4,2024,fourth_quarter,2025-01-15T15:43:01-05:00,SCIENCE APPLICATIONS INTERNATIONAL CORPORATION,SCIENCE APPLICATIONS INTERNATIONAL CORPORATION,,340000.00,DEF,HOUSE OF REPRESENTATIVES; SENATE,AMY BENSON; ANTHONY PANKUCH; DANIEL JENSEN; TYLER WILKINSON; PUTNAM BROWNE,TORPEDO,"H.R.8070 / S.4638 - National Defense Authorization Act JADC2 Cybersecurity. Cloud Acquisition policy/funding; DoD cloud strategy; AF Cloud One Weapons Tester Commonality for Air Force systems Pilot Training Next Enterprise IT as a Service Military munition programs. Supply chain. Counter Unmanned Aerial Systems Acquisition Policy. NASA Independent Verification and Validation (IV&V) for Katherine Johnson Space Center in Fairmont, WV Digital Engineering Intellectual Property Multilevel Security Assault Breaker II / Long Range Fires Ground Moving Target Indication (GMTI) Mission Integration for USSF Space Battle Management Integration MK48 torpedo",https://lda.gov/filings/public/filing/da0d797a-8aef-4f2f-9d5f-89a0f4b63b66/print/
b92e6cfc-fcaf-4481-97b2-73783303739f,Q4,2024,fourth_quarter,2025-01-21T09:09:35-05:00,THE PENNSYLVANIA STATE UNIVERSITY,PENNSYLVANIA STATE UNIVERSITY,,150000.00,BUD,HOUSE OF REPRESENTATIVES; SENATE,SHEILAH BORNE; AMANDA WINTERSTEEN; MALCOLM WARBRICK; MICHAEL STEFAN,TORPEDO,"Defense Appropriations Act - In support of funding for MK-48 ADCAP, Submarine Acoustic Warfare Development, Lightweight Torpedo Development, New Design SSN, and Undersea Warfare Applied Research. In support of funding to improve new secure facility construction. Education Appropriations - In support of funding for the Federal Pell Grant Program, Federal Supplemental Educational Opportunity Grant, and Federal Work-Study program. In support of funding for the Institute of Education Sciences. Agricultural, Rural Development, Food and Drug Administration and Related Agencies Appropriation - In support of increased funding for Agriculture and Food Research Initiative, Research Facilities Act, Smith-Lever Cooperative Extension, Hatch Act, McIntire-Stennis Cooperative Forestry Research, and Regional Rural Development Centers. Commerce, Justice, Science Appropriations - In support of funding for National Science Foundation. In support of funding for NOAA Sea Grant. In support of funding for NASA Space Grant and Science Mission Directorate. In support of funding to implement the CHIPS and Science Act. Transportation, Housing and Urban Development Appropriations - In support of funding for Bus Testing Facility program, Federal Contract Tower program, and Railroad Research and Development program. State and Foreign Operations Appropriations - In support of funding for Feed the Future Food Security Innovation Labs. Energy and Water Development Appropriations - In support of funding for Department of Energy Office of Science, Critical Minerals Initiative, Fossil Energy Research and Development, Advanced Research Projects Agency-Energy, and Advanced Nuclear Research Infrastructure Enhancement. Health and Human Services Appropriations - In support of funding for the National Institutes of Health, Advanced Research Projects Agency-Health, and Congressionally Directed Medical Research Program. In support of Substance Abuse and Mental Health Services Administration Community Project Funding request. In support of Health Resources Service Administration Community Project Funding requests. In opposition to funding bans on gain-of-function research. Financial Services Appropriations - In support of funding for Veterans Outreach programs.",https://lda.gov/filings/public/filing/b92e6cfc-fcaf-4481-97b2-73783303739f/print/
b92e6cfc-fcaf-4481-97b2-73783303739f,Q4,2024,fourth_quarter,2025-01-21T09:09:35-05:00,THE PENNSYLVANIA STATE UNIVERSITY,PENNSYLVANIA STATE UNIVERSITY,,150000.00,DEF,HOUSE OF REPRESENTATIVES; SENATE,SHEILAH BORNE; AMANDA WINTERSTEEN; MALCOLM WARBRICK; MICHAEL STEFAN,TORPEDO,"Defense Appropriations Act - In support of funding for MK-48 ADCAP, Submarine Acoustic Warfare Development, Lightweight Torpedo Development, New Design SSN, and Undersea Warfare Applied Research. In support of funding to improve new secure facility construction. In support of research and development provisions that enable defense innovation in S.4638/H.R.8070, the FY25 National Defense Authorization Act.",https://lda.gov/filings/public/filing/b92e6cfc-fcaf-4481-97b2-73783303739f/print/
