id,regno,registrant,principal,date,contacted,purpose_verbatim,aukus_related,file,page,verified,method,target_match,note
F001,7012,"Wissler, John Eric","Jason G. Schoolmeester (Northern Territory Government, Australia)",2023-06-21,"Office of David Rouzer (listed as ""AmCham Summit 2023 meetings with Congressional Members and Staff (Offices of ...)"")","Engage with US Congressional staff, business and policy leaders to provide insights into Northern Territory capabilities and support to U.S. interests in Australia and the greater Indo-Pacific region.",no,sources/2026-10-03_fara_7012-Supplemental-Statement-20231003-4.pdf,12,yes (text layer),AmCham Summit 2023 meetings,David Rouzer (NC),"Contact column reads ""Jason Schoolmeester""; offices are listed in Method column. One filing row split per office."
F002,7012,"Wissler, John Eric","Jason G. Schoolmeester (Northern Territory Government, Australia)",2023-06-21,"Office of Lisa McClain (listed as ""AmCham Summit 2023 meetings with Congressional Members and Staff (Offices of ...)"")","Engage with US Congressional staff, business and policy leaders to provide insights into Northern Territory capabilities and support to U.S. interests in Australia and the greater Indo-Pacific region.",no,sources/2026-10-03_fara_7012-Supplemental-Statement-20231003-4.pdf,12,yes (text layer),AmCham Summit 2023 meetings,,"Contact column reads ""Jason Schoolmeester""; offices are listed in Method column. One filing row split per office."
F003,7012,"Wissler, John Eric","Jason G. Schoolmeester (Northern Territory Government, Australia)",2023-06-21,"Office of Shelly Moore Capito (listed as ""AmCham Summit 2023 meetings with Congressional Members and Staff (Offices of ...)"")","Engage with US Congressional staff, business and policy leaders to provide insights into Northern Territory capabilities and support to U.S. interests in Australia and the greater Indo-Pacific region.",no,sources/2026-10-03_fara_7012-Supplemental-Statement-20231003-4.pdf,12,yes (text layer),AmCham Summit 2023 meetings,,"Contact column reads ""Jason Schoolmeester""; offices are listed in Method column. One filing row split per office."
F004,7012,"Wissler, John Eric","Jason G. Schoolmeester (Northern Territory Government, Australia)",2023-06-21,"Office of Blake Moore (listed as ""AmCham Summit 2023 meetings with Congressional Members and Staff (Offices of ...)"")","Engage with US Congressional staff, business and policy leaders to provide insights into Northern Territory capabilities and support to U.S. interests in Australia and the greater Indo-Pacific region.",no,sources/2026-10-03_fara_7012-Supplemental-Statement-20231003-4.pdf,12,yes (text layer),AmCham Summit 2023 meetings,Blake Moore (UT),"Contact column reads ""Jason Schoolmeester""; offices are listed in Method column. One filing row split per office."
F005,7012,"Wissler, John Eric","Jason G. Schoolmeester (Northern Territory Government, Australia)",2023-06-21,"Office of Lindsey Graham (listed as ""AmCham Summit 2023 meetings with Congressional Members and Staff (Offices of ...)"")","Engage with US Congressional staff, business and policy leaders to provide insights into Northern Territory capabilities and support to U.S. interests in Australia and the greater Indo-Pacific region.",no,sources/2026-10-03_fara_7012-Supplemental-Statement-20231003-4.pdf,12,yes (text layer),AmCham Summit 2023 meetings,,"Contact column reads ""Jason Schoolmeester""; offices are listed in Method column. One filing row split per office."
F006,7012,"Wissler, John Eric","Jason G. Schoolmeester (Northern Territory Government, Australia)",2023-06-21,"Office of Allison Schwartz (listed as ""AmCham Summit 2023 meetings with Congressional Members and Staff (Offices of ...)"")","Engage with US Congressional staff, business and policy leaders to provide insights into Northern Territory capabilities and support to U.S. interests in Australia and the greater Indo-Pacific region.",no,sources/2026-10-03_fara_7012-Supplemental-Statement-20231003-4.pdf,12,yes (text layer),AmCham Summit 2023 meetings,,"Contact column reads ""Jason Schoolmeester""; offices are listed in Method column. One filing row split per office. ""Allison Schwartz"" is not a sitting Member in 2023; identity unclear (추정: former Rep. Allyson Schwartz or a staffer) — 미확인"
F007,7012,"Wissler, John Eric","Jason G. Schoolmeester (Northern Territory Government, Australia)",2023-06-21,"Office of David Trone (listed as ""AmCham Summit 2023 meetings with Congressional Members and Staff (Offices of ...)"")","Engage with US Congressional staff, business and policy leaders to provide insights into Northern Territory capabilities and support to U.S. interests in Australia and the greater Indo-Pacific region.",no,sources/2026-10-03_fara_7012-Supplemental-Statement-20231003-4.pdf,12,yes (text layer),AmCham Summit 2023 meetings,,"Contact column reads ""Jason Schoolmeester""; offices are listed in Method column. One filing row split per office."
F008,7012,"Wissler, John Eric","Jason G. Schoolmeester (Northern Territory Government, Australia)",2023-06-21,"Office of Guy Reschenthaler (listed as ""AmCham Summit 2023 meetings with Congressional Members and Staff (Offices of ...)"")","Engage with US Congressional staff, business and policy leaders to provide insights into Northern Territory capabilities and support to U.S. interests in Australia and the greater Indo-Pacific region.",no,sources/2026-10-03_fara_7012-Supplemental-Statement-20231003-4.pdf,12,yes (text layer),AmCham Summit 2023 meetings,Guy Reschenthaler (PA),"Contact column reads ""Jason Schoolmeester""; offices are listed in Method column. One filing row split per office."
F009,7012,"Wissler, John Eric","Jason G. Schoolmeester (Northern Territory Government, Australia)",2023-06-21,"Office of Buddy Carter (listed as ""AmCham Summit 2023 meetings with Congressional Members and Staff (Offices of ...)"")","Engage with US Congressional staff, business and policy leaders to provide insights into Northern Territory capabilities and support to U.S. interests in Australia and the greater Indo-Pacific region.",no,sources/2026-10-03_fara_7012-Supplemental-Statement-20231003-4.pdf,12,yes (text layer),AmCham Summit 2023 meetings,,"Contact column reads ""Jason Schoolmeester""; offices are listed in Method column. One filing row split per office."
F010,7012,"Wissler, John Eric","Jason G. Schoolmeester (Northern Territory Government, Australia)",2023-06-21,"Office of Tom Carper (listed as ""AmCham Summit 2023 meetings with Congressional Members and Staff (Offices of ...)"")","Engage with US Congressional staff, business and policy leaders to provide insights into Northern Territory capabilities and support to U.S. interests in Australia and the greater Indo-Pacific region.",no,sources/2026-10-03_fara_7012-Supplemental-Statement-20231003-4.pdf,12,yes (text layer),AmCham Summit 2023 meetings,,"Contact column reads ""Jason Schoolmeester""; offices are listed in Method column. One filing row split per office."
F011,7012,"Wissler, John Eric","Jason G. Schoolmeester (Northern Territory Government, Australia)",2023-06-21,"Office of Carol Miller (listed as ""AmCham Summit 2023 meetings with Congressional Members and Staff (Offices of ...)"")","Engage with US Congressional staff, business and policy leaders to provide insights into Northern Territory capabilities and support to U.S. interests in Australia and the greater Indo-Pacific region.",no,sources/2026-10-03_fara_7012-Supplemental-Statement-20231003-4.pdf,12,yes (text layer),AmCham Summit 2023 meetings,,"Contact column reads ""Jason Schoolmeester""; offices are listed in Method column. One filing row split per office."
F012,7012,"Wissler, John Eric","Jason G. Schoolmeester (Northern Territory Government, Australia)",2023-06-21,"Office of Kevin Cramer (listed as ""AmCham Summit 2023 meetings with Congressional Members and Staff (Offices of ...)"")","Engage with US Congressional staff, business and policy leaders to provide insights into Northern Territory capabilities and support to U.S. interests in Australia and the greater Indo-Pacific region.",no,sources/2026-10-03_fara_7012-Supplemental-Statement-20231003-4.pdf,12,yes (text layer),AmCham Summit 2023 meetings,,"Contact column reads ""Jason Schoolmeester""; offices are listed in Method column. One filing row split per office."
F013,7012,"Wissler, John Eric","Jason G. Schoolmeester (Northern Territory Government, Australia)",2023-06-21,"Office of Darin LaHood (listed as ""AmCham Summit 2023 meetings with Congressional Members and Staff (Offices of ...)"")","Engage with US Congressional staff, business and policy leaders to provide insights into Northern Territory capabilities and support to U.S. interests in Australia and the greater Indo-Pacific region.",no,sources/2026-10-03_fara_7012-Supplemental-Statement-20231003-4.pdf,12,yes (text layer),AmCham Summit 2023 meetings,,"Contact column reads ""Jason Schoolmeester""; offices are listed in Method column. One filing row split per office."
F014,7012,"Wissler, John Eric","Jason G. Schoolmeester (Northern Territory Government, Australia)",2023-06-21,"Office of Joe Courtney (listed as ""AmCham Summit 2023 meetings with Congressional Members and Staff (Offices of ...)"")","Engage with US Congressional staff, business and policy leaders to provide insights into Northern Territory capabilities and support to U.S. interests in Australia and the greater Indo-Pacific region.",no,sources/2026-10-03_fara_7012-Supplemental-Statement-20231003-4.pdf,12,yes (text layer),AmCham Summit 2023 meetings,Joe Courtney (CT),"Contact column reads ""Jason Schoolmeester""; offices are listed in Method column. One filing row split per office."
F015,6653,Steptoe LLP,Her Majesty's Treasury (UK),2021-01-14,"House Ways & Means Committee, Democratic trade staff",Conversation on DST,no,sources/2026-10-03_fara_6653-Supplemental-Statement-20210430-5.pdf,13,yes (text layer),Phone call,,"General description (verbatim): ""We have assisted the client in preparation of a brief with strategic advice and recommendations on how to engage with respect to section 301 investigations into digital services taxes announced by the US Trade Representative on June 2, 2020."""
F016,6653,Steptoe LLP,Her Majesty's Treasury (UK),2021-01-14,"Senate Finance Committee, Democratic trade and tax staff",Conversation on DST,no,sources/2026-10-03_fara_6653-Supplemental-Statement-20210430-5.pdf,13,yes (text layer),Phone call,,"General description (verbatim): ""We have assisted the client in preparation of a brief with strategic advice and recommendations on how to engage with respect to section 301 investigations into digital services taxes announced by the US Trade Representative on June 2, 2020."""
F017,6653,Steptoe LLP,Her Majesty's Treasury (UK),2021-01-15,"Office of Congresswoman Suzan DelBene (OCR: ""DelRene"")",Conversation on DST,no,sources/2026-10-03_fara_6653-Supplemental-Statement-20210430-5.pdf,14,yes (text layer),Phone call,,"General description (verbatim): ""We have assisted the client in preparation of a brief with strategic advice and recommendations on how to engage with respect to section 301 investigations into digital services taxes announced by the US Trade Representative on June 2, 2020."""
F018,6653,Steptoe LLP,Her Majesty's Treasury (UK),2021-01-26,"House Ways & Means Committee, Democratic tax staff",Conversation on OECD discussions re DST and related matters,no,sources/2026-10-03_fara_6653-Supplemental-Statement-20210430-5.pdf,14,yes (text layer),Phone call,,"General description (verbatim): ""We have assisted the client in preparation of a brief with strategic advice and recommendations on how to engage with respect to section 301 investigations into digital services taxes announced by the US Trade Representative on June 2, 2020."""
F019,6653,Steptoe LLP,Her Majesty's Treasury (UK),2021-02-01,"House Ways & Means Committee, Republican tax and trade staff",Conversation on OECD tax negotiations,no,sources/2026-10-03_fara_6653-Supplemental-Statement-20210430-5.pdf,14,yes (text layer),Phone call,,"General description (verbatim): ""We have assisted the client in preparation of a brief with strategic advice and recommendations on how to engage with respect to section 301 investigations into digital services taxes announced by the US Trade Representative on June 2, 2020."""
F020,7322,"Mintovate, LLC","Amulus Security Ltd. (UK; ballistic safe havens, ""applications for defense"")",2023-05-10,Congressman Mike Turner's Staff: Gene Saunders; Steve Jones; James Langford; Dustin Monroe; and Nate Dillard,Promotion,no,sources/2026-10-03_fara_7322-Exhibit-AB-20230913-3.pdf,15,yes (text layer),Email,,Exhibit B Item 11 (pre-registration activity)
F021,7322,"Mintovate, LLC","Amulus Security Ltd. (UK; ballistic safe havens, ""applications for defense"")",2023-05-11,Congressman Mike Turner's Staff: Zach Taylor; Gene Saunders; Alec Porteau,Promotion,no,sources/2026-10-03_fara_7322-Exhibit-AB-20230913-3.pdf,15,yes (text layer),Email,,Exhibit B Item 11 (pre-registration activity)
F022,7322,"Mintovate, LLC","Amulus Security Ltd. (UK; ballistic safe havens, ""applications for defense"")",2023-05-15,Congressman Mike Turner's Staff: Zach Taylor; Gene Saunders; Alec Porteau,Promotion,no,sources/2026-10-03_fara_7322-Exhibit-AB-20230913-3.pdf,15,yes (text layer),Email,,Exhibit B Item 11 (pre-registration activity)
F023,7322,"Mintovate, LLC","Amulus Security Ltd. (UK; ballistic safe havens, ""applications for defense"")",2023-05-19,Congressman Mike Turner's Staff: Zach Taylor,Promotion,no,sources/2026-10-03_fara_7322-Exhibit-AB-20230913-3.pdf,15,yes (text layer),Email,,Exhibit B Item 11 (pre-registration activity)
F024,7322,"Mintovate, LLC","Amulus Security Ltd. (UK; ballistic safe havens, ""applications for defense"")",2023-05-24,Congressman Mike Turner's Staff: Zach Taylor & Alec Pourteau,Promotion,no,sources/2026-10-03_fara_7322-Exhibit-AB-20230913-3.pdf,15,yes (text layer),Virtual Meeting,,Exhibit B Item 11 (pre-registration activity)
F025,7322,"Mintovate, LLC","Amulus Security Ltd. (UK; ballistic safe havens, ""applications for defense"")",2023-06-05,Congressman Mike Turner's Staff: Zach Taylor,Promotion,no,sources/2026-10-03_fara_7322-Exhibit-AB-20230913-3.pdf,16,yes (text layer),Call,,Exhibit B Item 11 (pre-registration activity)
F026,7322,"Mintovate, LLC","Amulus Security Ltd. (UK; ballistic safe havens, ""applications for defense"")",2023-06-09,Congressman Mike Turner's Staff: Zach Taylor & Alec Pourteau,Promotion,no,sources/2026-10-03_fara_7322-Exhibit-AB-20230913-3.pdf,16,yes (text layer),Email,,Exhibit B Item 11 (pre-registration activity)
F027,7322,"Mintovate, LLC","Amulus Security Ltd. (UK; ballistic safe havens, ""applications for defense"")",2023-06-23,Congressman Mike Turner's Staff: Zach Taylor,Promotion,no,sources/2026-10-03_fara_7322-Exhibit-AB-20230913-3.pdf,17,yes (text layer),Email,,Exhibit B Item 11 (pre-registration activity)
F028,7322,"Mintovate, LLC","Amulus Security Ltd. (UK; ballistic safe havens, ""applications for defense"")",2023-06-25,Congressman Mike Turner's Staff: Zach Taylor,Promotion,no,sources/2026-10-03_fara_7322-Exhibit-AB-20230913-3.pdf,17,yes (text layer),Email,,Exhibit B Item 11 (pre-registration activity)
F029,7322,"Mintovate, LLC","Amulus Security Ltd. (UK; ballistic safe havens, ""applications for defense"")",2023-06-27,Congressman Mike Turner's Staff: Zach Taylor,Promotion,no,sources/2026-10-03_fara_7322-Exhibit-AB-20230913-3.pdf,17,yes (text layer),Email,,Exhibit B Item 11 (pre-registration activity)
F030,7322,"Mintovate, LLC","Amulus Security Ltd. (UK; ballistic safe havens, ""applications for defense"")",2023-06-29,Congressman Mike Turner's Staff: Zach Taylor,Promotion,no,sources/2026-10-03_fara_7322-Exhibit-AB-20230913-3.pdf,17,yes (text layer),Email,,Exhibit B Item 11 (pre-registration activity)
F031,7322,"Mintovate, LLC","Amulus Security Ltd. (UK; ballistic safe havens, ""applications for defense"")",2023-07-01,Congressman Greg Landsman Staff: Barbara Bell,Promotion,no,sources/2026-10-03_fara_7322-Exhibit-AB-20230913-3.pdf,17,yes (text layer),Email,,Exhibit B Item 11 (pre-registration activity)
F032,7322,"Mintovate, LLC","Amulus Security Ltd. (UK; ballistic safe havens, ""applications for defense"")",2023-07-05,Congressman Greg Landsman Staff: Michael Spak,Promotion,no,sources/2026-10-03_fara_7322-Exhibit-AB-20230913-3.pdf,17,yes (text layer),Email,,Exhibit B Item 11 (pre-registration activity)
F033,7322,"Mintovate, LLC","Amulus Security Ltd. (UK; ballistic safe havens, ""applications for defense"")",2023-07-06,"Congressman Greg Landsman Staff: Michael Spak,",Promotion,no,sources/2026-10-03_fara_7322-Exhibit-AB-20230913-3.pdf,17,yes (text layer),Email,,Exhibit B Item 11 (pre-registration activity)
F034,7322,"Mintovate, LLC","Amulus Security Ltd. (UK; ballistic safe havens, ""applications for defense"")",2023-07-10,Gabriella Blatt; Legislative Assistant to Senator Jon Tester,Promotion,no,sources/2026-10-03_fara_7322-Exhibit-AB-20230913-3.pdf,17,yes (text layer),Meeting,,Exhibit B Item 11 (pre-registration activity)
F035,7322,"Mintovate, LLC","Amulus Security Ltd. (UK; ballistic safe havens, ""applications for defense"")",2023-07-13,abriella Blatt the Legislative Assistant and Joe Farinash the Military Fellow to Senator Jon Tester,Promotion,no,sources/2026-10-03_fara_7322-Exhibit-AB-20230913-3.pdf,18,yes (text layer),Meeting,,Exhibit B Item 11 (pre-registration activity)
F036,7322,"Mintovate, LLC","Amulus Security Ltd. (UK; ballistic safe havens, ""applications for defense"")",2023-07-26,"Zachary Taylor and Alec Pourteau the Legislative Aides to Representative Michael Turner, Michael Spak the Legislative Aide to Representative Landsmen, and Joe Farinash the Military Fellow to Senator Tester",Promotion,no,sources/2026-10-03_fara_7322-Exhibit-AB-20230913-3.pdf,18,yes (text layer),Email,,Exhibit B Item 11 (pre-registration activity)
F037,7322,"Mintovate, LLC","Amulus Security Ltd. (UK; ballistic safe havens, ""applications for defense"")",2023-09-05,"Zachary Taylor and Alec Pourteau; Legislative Aides to Representative Michael Turner,",Promotion,no,sources/2026-10-03_fara_7322-Exhibit-AB-20230913-3.pdf,18,yes (text layer),Email,,Exhibit B Item 11 (pre-registration activity)
F038,7322,"Mintovate, LLC","Amulus Security Ltd. (UK; ballistic safe havens, ""applications for defense"")",2023-09-07,"Zachary Taylor; Legislative Aides to Representative Michael Turner,",Promotion,no,sources/2026-10-03_fara_7322-Exhibit-AB-20230913-3.pdf,18,yes (text layer),Email,,Exhibit B Item 11 (pre-registration activity)
F039,7322,"Mintovate, LLC","Amulus Security Ltd. (UK; ballistic safe havens, ""applications for defense"")",2023-09-08,"Zachary Taylor; Legislative Aides to Representative Michael Turner,",Promotion,no,sources/2026-10-03_fara_7322-Exhibit-AB-20230913-3.pdf,18,yes (text layer),Email,,Exhibit B Item 11 (pre-registration activity)
F040,7322,"Mintovate, LLC","Amulus Security Ltd. (UK; ballistic safe havens, ""applications for defense"")",2023-10-31,"Zachary Taylor, Alec Pourteau, Office of Congressman Michael Turner",Promotion,no,sources/2026-10-03_fara_7322-Supplemental-Statement-20240430-1.pdf,12,yes (text layer),Email,,Supplemental Statement Item 12
F041,7322,"Mintovate, LLC","Amulus Security Ltd. (UK; ballistic safe havens, ""applications for defense"")",2023-11-14,"Zachary Taylor, Alec Pourteau, Office of Congressman Michael Turner",Promotion,no,sources/2026-10-03_fara_7322-Supplemental-Statement-20240430-1.pdf,13,yes (text layer),Email,,Supplemental Statement Item 12
F042,7322,"Mintovate, LLC","Amulus Security Ltd. (UK; ballistic safe havens, ""applications for defense"")",2023-11-16,"Anthony (Brown) Eliopoulos, Office of Senator Sherrod Brown",Promotion,no,sources/2026-10-03_fara_7322-Supplemental-Statement-20240430-1.pdf,13,yes (text layer),Phone Call,,Supplemental Statement Item 12
F043,7322,"Mintovate, LLC","Amulus Security Ltd. (UK; ballistic safe havens, ""applications for defense"")",2023-11-22,"Anthony (Brown) Eliopoulos, Office of Senator Sherrod Brown",Promotion,no,sources/2026-10-03_fara_7322-Supplemental-Statement-20240430-1.pdf,13,yes (text layer),Email,,Supplemental Statement Item 12
F044,7322,"Mintovate, LLC","Amulus Security Ltd. (UK; ballistic safe havens, ""applications for defense"")",2024-01-26,"Zachary Taylor, Office of Congressman Michael Turner",Promotion,no,sources/2026-10-03_fara_7322-Supplemental-Statement-20240430-1.pdf,14,yes (text layer),Email,,Supplemental Statement Item 12
F045,7344,Imperial Independent Media LLC,Coalition for Global Prosperity (UK),2023-11-14,Sen. Cory Booker,To discuss foreign aid,no,sources/2026-10-03_fara_7344-Exhibit-AB-20240516-4.pdf,2,yes (text layer; page partly garbled OCR but table legible),In Person Meeting,,"Exhibit B Item 11 (pre-registration activity). Registration states delegations ""may attempt to influence Congress on the topics of defense, diplomacy, and foreign development and aid packages."""
F046,7344,Imperial Independent Media LLC,Coalition for Global Prosperity (UK),2023-11-14,Rep; Derek Kilmer,To discuss foreign aid,no,sources/2026-10-03_fara_7344-Exhibit-AB-20240516-4.pdf,2,yes (text layer; page partly garbled OCR but table legible),In Person Meeting,Derek Kilmer (WA),"Exhibit B Item 11 (pre-registration activity). Registration states delegations ""may attempt to influence Congress on the topics of defense, diplomacy, and foreign development and aid packages."""
F047,7344,Imperial Independent Media LLC,Coalition for Global Prosperity (UK),2023-11-14,Rep. Nathaniel Moran,To discuss foreign aid,no,sources/2026-10-03_fara_7344-Exhibit-AB-20240516-4.pdf,2,yes (text layer; page partly garbled OCR but table legible),In Person Meeting,,"Exhibit B Item 11 (pre-registration activity). Registration states delegations ""may attempt to influence Congress on the topics of defense, diplomacy, and foreign development and aid packages."""
F048,7344,Imperial Independent Media LLC,Coalition for Global Prosperity (UK),2023-11-14,Rep. Robert Aderholt,To discuss foreign aid,no,sources/2026-10-03_fara_7344-Exhibit-AB-20240516-4.pdf,2,yes (text layer; page partly garbled OCR but table legible),In Person Meeting,,"Exhibit B Item 11 (pre-registration activity). Registration states delegations ""may attempt to influence Congress on the topics of defense, diplomacy, and foreign development and aid packages."""
F049,7344,Imperial Independent Media LLC,Coalition for Global Prosperity (UK),2023-11-14,Rep. Lloyd Smucker,To discuss foreign aid,no,sources/2026-10-03_fara_7344-Exhibit-AB-20240516-4.pdf,2,yes (text layer; page partly garbled OCR but table legible),In Person Meeting,,"Exhibit B Item 11 (pre-registration activity). Registration states delegations ""may attempt to influence Congress on the topics of defense, diplomacy, and foreign development and aid packages."""
F050,3718,Holland & Knight LLP,Government of Gibraltar (British Overseas Territory),"2021: 3/2, 3/4, 3/5, 3/10, 3/19, 3/23, 3/29, 3/31, 4/6. 4/9, 4/14. 4/27, 6/11, 6/14, 6/22, 6/23, 6/30, 8/2, 8/16, 8/25, 8/26 (as written)","Ben Hutterer, LD, Rep. Kind, correspondence","The issues discussed in all meetings, calls and correspondence reported below relate to the status of Gibraltar as an integral part of the United Kingdom.",no,sources/2026-10-03_fara_3718-Supplemental-Statement-20210930-37.pdf,19,yes (scanned page; transcription checked against page image),correspondence,,"H&K Attachment C, ""Section III, Item 11"" free-text list for period March 1 – August 31, 2021; principal-level purpose statement quoted."
F051,3718,Holland & Knight LLP,Government of Gibraltar (British Overseas Territory),2021: 3/5 & 3/22 (as written),"Phil Bednarczyk, Senior Advisor, House Foreign Relations, call and correspondence","The issues discussed in all meetings, calls and correspondence reported below relate to the status of Gibraltar as an integral part of the United Kingdom.",no,sources/2026-10-03_fara_3718-Supplemental-Statement-20210930-37.pdf,19,yes (scanned page; transcription checked against page image),call and correspondence,,"H&K Attachment C, ""Section III, Item 11"" free-text list for period March 1 – August 31, 2021; principal-level purpose statement quoted."
F052,3718,Holland & Knight LLP,Government of Gibraltar (British Overseas Territory),2021: 3/23 (as written),"Cate Sadler, analyst, Senate Foreign Relations, correspondence","The issues discussed in all meetings, calls and correspondence reported below relate to the status of Gibraltar as an integral part of the United Kingdom.",no,sources/2026-10-03_fara_3718-Supplemental-Statement-20210930-37.pdf,19,yes (scanned page; transcription checked against page image),correspondence,,"H&K Attachment C, ""Section III, Item 11"" free-text list for period March 1 – August 31, 2021; principal-level purpose statement quoted."
F053,3718,Holland & Knight LLP,Government of Gibraltar (British Overseas Territory),"2021: 3/23, 4/13 (as written)","LD Collin Davenport and LA Thu Rajan, Rep. Connolly, correspodence","The issues discussed in all meetings, calls and correspondence reported below relate to the status of Gibraltar as an integral part of the United Kingdom.",no,sources/2026-10-03_fara_3718-Supplemental-Statement-20210930-37.pdf,19,yes (scanned page; transcription checked against page image),correspodence,,"H&K Attachment C, ""Section III, Item 11"" free-text list for period March 1 – August 31, 2021; principal-level purpose statement quoted."
F054,3718,Holland & Knight LLP,Government of Gibraltar (British Overseas Territory),"2021: 3/23, 4/13, 4/28, 6/11, 8/26 (as written)","COS Josh Rogin and senior staff Casey Custin, Rep. Deutch, correspondence","The issues discussed in all meetings, calls and correspondence reported below relate to the status of Gibraltar as an integral part of the United Kingdom.",no,sources/2026-10-03_fara_3718-Supplemental-Statement-20210930-37.pdf,19,yes (scanned page; transcription checked against page image),correspondence,,"H&K Attachment C, ""Section III, Item 11"" free-text list for period March 1 – August 31, 2021; principal-level purpose statement quoted."
F055,3718,Holland & Knight LLP,Government of Gibraltar (British Overseas Territory),"2021: 3/24, 3/27 (as written)","COS Neil McKiernan, Rep. Courtney, correspondence","The issues discussed in all meetings, calls and correspondence reported below relate to the status of Gibraltar as an integral part of the United Kingdom.",no,sources/2026-10-03_fara_3718-Supplemental-Statement-20210930-37.pdf,19,yes (scanned page; transcription checked against page image),correspondence,Joe Courtney (CT),"H&K Attachment C, ""Section III, Item 11"" free-text list for period March 1 – August 31, 2021; principal-level purpose statement quoted."
F056,3718,Holland & Knight LLP,Government of Gibraltar (British Overseas Territory),2021: 3/24 (as written),"COS Lisa Quigley, Rep. Cooper, correspondence","The issues discussed in all meetings, calls and correspondence reported below relate to the status of Gibraltar as an integral part of the United Kingdom.",no,sources/2026-10-03_fara_3718-Supplemental-Statement-20210930-37.pdf,19,yes (scanned page; transcription checked against page image),correspondence,,"H&K Attachment C, ""Section III, Item 11"" free-text list for period March 1 – August 31, 2021; principal-level purpose statement quoted."
F057,3718,Holland & Knight LLP,Government of Gibraltar (British Overseas Territory),"2021: 3/24, 4/13, 4/28, 6/11, 8/26 (as written)","LD Robert Ikoku, Rep. Gallego, correspondence","The issues discussed in all meetings, calls and correspondence reported below relate to the status of Gibraltar as an integral part of the United Kingdom.",no,sources/2026-10-03_fara_3718-Supplemental-Statement-20210930-37.pdf,19,yes (scanned page; transcription checked against page image),correspondence,,"H&K Attachment C, ""Section III, Item 11"" free-text list for period March 1 – August 31, 2021; principal-level purpose statement quoted."
F058,3718,Holland & Knight LLP,Government of Gibraltar (British Overseas Territory),"2021: 3/24, 4/28 (as written)","COS Josh Connolly, Rep. Speier, correspondence","The issues discussed in all meetings, calls and correspondence reported below relate to the status of Gibraltar as an integral part of the United Kingdom.",no,sources/2026-10-03_fara_3718-Supplemental-Statement-20210930-37.pdf,19,yes (scanned page; transcription checked against page image),correspondence,,"H&K Attachment C, ""Section III, Item 11"" free-text list for period March 1 – August 31, 2021; principal-level purpose statement quoted."
F059,3718,Holland & Knight LLP,Government of Gibraltar (British Overseas Territory),"2021: 3/24, 4/13 (as written)","COS Peter Karafotas, Rep. Cicilline, correspondence","The issues discussed in all meetings, calls and correspondence reported below relate to the status of Gibraltar as an integral part of the United Kingdom.",no,sources/2026-10-03_fara_3718-Supplemental-Statement-20210930-37.pdf,19,yes (scanned page; transcription checked against page image),correspondence,,"H&K Attachment C, ""Section III, Item 11"" free-text list for period March 1 – August 31, 2021; principal-level purpose statement quoted."
F060,3718,Holland & Knight LLP,Government of Gibraltar (British Overseas Territory),2021: 3/26 (as written),"COS Jean Roseme and LD Derron Bennett, Rep. Frederica Wilson, correspondence","The issues discussed in all meetings, calls and correspondence reported below relate to the status of Gibraltar as an integral part of the United Kingdom.",no,sources/2026-10-03_fara_3718-Supplemental-Statement-20210930-37.pdf,19,yes (scanned page; transcription checked against page image),correspondence,,"H&K Attachment C, ""Section III, Item 11"" free-text list for period March 1 – August 31, 2021; principal-level purpose statement quoted."
F061,3718,Holland & Knight LLP,Government of Gibraltar (British Overseas Territory),"2021: 3/26, 4/13, 6/11, 6/21 (as written)","COS Josh Cohen, Rep. Frankel, correspondence","The issues discussed in all meetings, calls and correspondence reported below relate to the status of Gibraltar as an integral part of the United Kingdom.",no,sources/2026-10-03_fara_3718-Supplemental-Statement-20210930-37.pdf,19,yes (scanned page; transcription checked against page image),correspondence,,"H&K Attachment C, ""Section III, Item 11"" free-text list for period March 1 – August 31, 2021; principal-level purpose statement quoted."
F062,3718,Holland & Knight LLP,Government of Gibraltar (British Overseas Territory),"2021: 3/26, 4/13, 6/11, 8/26 (as written)","COS Tara Rountree, Rep. McEachin, correspondence","The issues discussed in all meetings, calls and correspondence reported below relate to the status of Gibraltar as an integral part of the United Kingdom.",no,sources/2026-10-03_fara_3718-Supplemental-Statement-20210930-37.pdf,19,yes (scanned page; transcription checked against page image),correspondence,,"H&K Attachment C, ""Section III, Item 11"" free-text list for period March 1 – August 31, 2021; principal-level purpose statement quoted."
F063,3718,Holland & Knight LLP,Government of Gibraltar (British Overseas Territory),2021: 3/26 (as written),"COS Rachel Kelly and LD Katie Allen, Rep. Kilmer, correspondence","The issues discussed in all meetings, calls and correspondence reported below relate to the status of Gibraltar as an integral part of the United Kingdom.",no,sources/2026-10-03_fara_3718-Supplemental-Statement-20210930-37.pdf,19,yes (scanned page; transcription checked against page image),correspondence,Derek Kilmer (WA),"H&K Attachment C, ""Section III, Item 11"" free-text list for period March 1 – August 31, 2021; principal-level purpose statement quoted."
F064,3718,Holland & Knight LLP,Government of Gibraltar (British Overseas Territory),"2021: 3/29, 4/15 (as written)","COS Christina Parisi and Deputy Staff Director, House Committee on Oversight and Reform Ben Harney, Rep. Carolyn Maloney, correspondence","The issues discussed in all meetings, calls and correspondence reported below relate to the status of Gibraltar as an integral part of the United Kingdom.",no,sources/2026-10-03_fara_3718-Supplemental-Statement-20210930-37.pdf,19,yes (scanned page; transcription checked against page image),correspondence,,"H&K Attachment C, ""Section III, Item 11"" free-text list for period March 1 – August 31, 2021; principal-level purpose statement quoted."
F065,3718,Holland & Knight LLP,Government of Gibraltar (British Overseas Territory),"2021: 3/29, 4/13, 4/28, 6/11, 8/26 (as written)","LD Walt Gonzales, Rep. Ruppersberger, correspondence","The issues discussed in all meetings, calls and correspondence reported below relate to the status of Gibraltar as an integral part of the United Kingdom.",no,sources/2026-10-03_fara_3718-Supplemental-Statement-20210930-37.pdf,19,yes (scanned page; transcription checked against page image),correspondence,,"H&K Attachment C, ""Section III, Item 11"" free-text list for period March 1 – August 31, 2021; principal-level purpose statement quoted."
F066,3718,Holland & Knight LLP,Government of Gibraltar (British Overseas Territory),2021: 3/29 (as written),"COS Lale Morrison and LDTom Carnes, Rep. Hastings, correspondence","The issues discussed in all meetings, calls and correspondence reported below relate to the status of Gibraltar as an integral part of the United Kingdom.",no,sources/2026-10-03_fara_3718-Supplemental-Statement-20210930-37.pdf,19,yes (scanned page; transcription checked against page image),correspondence,,"H&K Attachment C, ""Section III, Item 11"" free-text list for period March 1 – August 31, 2021; principal-level purpose statement quoted."
F067,3718,Holland & Knight LLP,Government of Gibraltar (British Overseas Territory),"2021: 3/30, 4/13, 6/11, 8/26 (as written)","COS Diane Shust, Rep. Suozzi, correspondence","The issues discussed in all meetings, calls and correspondence reported below relate to the status of Gibraltar as an integral part of the United Kingdom.",no,sources/2026-10-03_fara_3718-Supplemental-Statement-20210930-37.pdf,19,yes (scanned page; transcription checked against page image),correspondence,,"H&K Attachment C, ""Section III, Item 11"" free-text list for period March 1 – August 31, 2021; principal-level purpose statement quoted."
F068,3718,Holland & Knight LLP,Government of Gibraltar (British Overseas Territory),2021: 3/30 (as written),"Kerry Knott, COS, Rep. Robert Aderholt, correspondence","The issues discussed in all meetings, calls and correspondence reported below relate to the status of Gibraltar as an integral part of the United Kingdom.",no,sources/2026-10-03_fara_3718-Supplemental-Statement-20210930-37.pdf,20,yes (scanned page; transcription checked against page image),correspondence,,"H&K Attachment C, ""Section III, Item 11"" free-text list for period March 1 – August 31, 2021; principal-level purpose statement quoted."
F069,3718,Holland & Knight LLP,Government of Gibraltar (British Overseas Territory),2021: 3/30 (as written),"Elizabeth Hittos, COS, Rep. Gus Bilirakis, correspondence","The issues discussed in all meetings, calls and correspondence reported below relate to the status of Gibraltar as an integral part of the United Kingdom.",no,sources/2026-10-03_fara_3718-Supplemental-Statement-20210930-37.pdf,20,yes (scanned page; transcription checked against page image),correspondence,,"H&K Attachment C, ""Section III, Item 11"" free-text list for period March 1 – August 31, 2021; principal-level purpose statement quoted."
F070,3718,Holland & Knight LLP,Government of Gibraltar (British Overseas Territory),2021: 3/30 (as written),"Rebecca Keightley, COS, Rep. Ken Calvert, correspondence","The issues discussed in all meetings, calls and correspondence reported below relate to the status of Gibraltar as an integral part of the United Kingdom.",no,sources/2026-10-03_fara_3718-Supplemental-Statement-20210930-37.pdf,20,yes (scanned page; transcription checked against page image),correspondence,,"H&K Attachment C, ""Section III, Item 11"" free-text list for period March 1 – August 31, 2021; principal-level purpose statement quoted."
F071,3718,Holland & Knight LLP,Government of Gibraltar (British Overseas Territory),2021: 3/30 (as written),"Micah Thomas Ketchel, COS, Rep. Michael Waltz, correspondence","The issues discussed in all meetings, calls and correspondence reported below relate to the status of Gibraltar as an integral part of the United Kingdom.",no,sources/2026-10-03_fara_3718-Supplemental-Statement-20210930-37.pdf,20,yes (scanned page; transcription checked against page image),correspondence,Michael Waltz (FL),"H&K Attachment C, ""Section III, Item 11"" free-text list for period March 1 – August 31, 2021; principal-level purpose statement quoted."
F072,3718,Holland & Knight LLP,Government of Gibraltar (British Overseas Territory),2021: 3/30 & 4/13 (as written),"Joshua Grogis, COS, Rep. Tom Cole, correspondence","The issues discussed in all meetings, calls and correspondence reported below relate to the status of Gibraltar as an integral part of the United Kingdom.",no,sources/2026-10-03_fara_3718-Supplemental-Statement-20210930-37.pdf,20,yes (scanned page; transcription checked against page image),correspondence,Tom Cole (OK),"H&K Attachment C, ""Section III, Item 11"" free-text list for period March 1 – August 31, 2021; principal-level purpose statement quoted."
F073,3718,Holland & Knight LLP,Government of Gibraltar (British Overseas Territory),2021: 3/30 (as written),"Cesar Gonzalez, COS, Rep. Mario Diaz-Balart, correspondence","The issues discussed in all meetings, calls and correspondence reported below relate to the status of Gibraltar as an integral part of the United Kingdom.",no,sources/2026-10-03_fara_3718-Supplemental-Statement-20210930-37.pdf,20,yes (scanned page; transcription checked against page image),correspondence,,"H&K Attachment C, ""Section III, Item 11"" free-text list for period March 1 – August 31, 2021; principal-level purpose statement quoted."
F074,3718,Holland & Knight LLP,Government of Gibraltar (British Overseas Territory),2021: 3/30 (as written),"Jim Hippe, COS, Rep. Chuck Fleischmann, correspondence","The issues discussed in all meetings, calls and correspondence reported below relate to the status of Gibraltar as an integral part of the United Kingdom.",no,sources/2026-10-03_fara_3718-Supplemental-Statement-20210930-37.pdf,20,yes (scanned page; transcription checked against page image),correspondence,,"H&K Attachment C, ""Section III, Item 11"" free-text list for period March 1 – August 31, 2021; principal-level purpose statement quoted."
F075,3718,Holland & Knight LLP,Government of Gibraltar (British Overseas Territory),2021: 3/30 & 4/13 (as written),"Brooke Bennett, COS, Rep. French Hill, correspondence","The issues discussed in all meetings, calls and correspondence reported below relate to the status of Gibraltar as an integral part of the United Kingdom.",no,sources/2026-10-03_fara_3718-Supplemental-Statement-20210930-37.pdf,20,yes (scanned page; transcription checked against page image),correspondence,,"H&K Attachment C, ""Section III, Item 11"" free-text list for period March 1 – August 31, 2021; principal-level purpose statement quoted."
F076,3718,Holland & Knight LLP,Government of Gibraltar (British Overseas Territory),"2021: 3/30, 4/13 & 6/23 (as written)","Bill Constangy, COS, Rep. Richard Hudson, correspondence","The issues discussed in all meetings, calls and correspondence reported below relate to the status of Gibraltar as an integral part of the United Kingdom.",no,sources/2026-10-03_fara_3718-Supplemental-Statement-20210930-37.pdf,20,yes (scanned page; transcription checked against page image),correspondence,,"H&K Attachment C, ""Section III, Item 11"" free-text list for period March 1 – August 31, 2021; principal-level purpose statement quoted."
F077,3718,Holland & Knight LLP,Government of Gibraltar (British Overseas Territory),2021: 3/30 (as written),"James Langenderfer, COS, Rep. Brian Mast, correspondence","The issues discussed in all meetings, calls and correspondence reported below relate to the status of Gibraltar as an integral part of the United Kingdom.",no,sources/2026-10-03_fara_3718-Supplemental-Statement-20210930-37.pdf,20,yes (scanned page; transcription checked against page image),correspondence,,"H&K Attachment C, ""Section III, Item 11"" free-text list for period March 1 – August 31, 2021; principal-level purpose statement quoted."
F078,3718,Holland & Knight LLP,Government of Gibraltar (British Overseas Territory),2021: 3/30 (as written),"Patrick Hester, COS, Rep. Elise Stefanik, correspondence","The issues discussed in all meetings, calls and correspondence reported below relate to the status of Gibraltar as an integral part of the United Kingdom.",no,sources/2026-10-03_fara_3718-Supplemental-Statement-20210930-37.pdf,20,yes (scanned page; transcription checked against page image),correspondence,,"H&K Attachment C, ""Section III, Item 11"" free-text list for period March 1 – August 31, 2021; principal-level purpose statement quoted."
F079,3718,Holland & Knight LLP,Government of Gibraltar (British Overseas Territory),"2021: 3/30, 4/13 & 6/23 (as written)","Jilian Plank, COS, Rep. Devin Nunes, correspondence","The issues discussed in all meetings, calls and correspondence reported below relate to the status of Gibraltar as an integral part of the United Kingdom.",no,sources/2026-10-03_fara_3718-Supplemental-Statement-20210930-37.pdf,20,yes (scanned page; transcription checked against page image),correspondence,,"H&K Attachment C, ""Section III, Item 11"" free-text list for period March 1 – August 31, 2021; principal-level purpose statement quoted."
F080,3718,Holland & Knight LLP,Government of Gibraltar (British Overseas Territory),2021: 3/30 & 4/13 (as written),"Leafaina Yahn, COS, Richard Stanton, LD, Delegate Aumua Amata Coleman Radewagen, correspondence","The issues discussed in all meetings, calls and correspondence reported below relate to the status of Gibraltar as an integral part of the United Kingdom.",no,sources/2026-10-03_fara_3718-Supplemental-Statement-20210930-37.pdf,20,yes (scanned page; transcription checked against page image),correspondence,Aumua Amata Radewagen (AS),"H&K Attachment C, ""Section III, Item 11"" free-text list for period March 1 – August 31, 2021; principal-level purpose statement quoted."
F081,3718,Holland & Knight LLP,Government of Gibraltar (British Overseas Territory),2021: 3/30 (as written),"Jennifer Watson, COS, Rep. Tom Rice, correspondence","The issues discussed in all meetings, calls and correspondence reported below relate to the status of Gibraltar as an integral part of the United Kingdom.",no,sources/2026-10-03_fara_3718-Supplemental-Statement-20210930-37.pdf,20,yes (scanned page; transcription checked against page image),correspondence,,"H&K Attachment C, ""Section III, Item 11"" free-text list for period March 1 – August 31, 2021; principal-level purpose statement quoted."
F082,3718,Holland & Knight LLP,Government of Gibraltar (British Overseas Territory),2021: 3/30 (as written),"Matt Meyer, COS, Rep. Jason Smith, correspondence","The issues discussed in all meetings, calls and correspondence reported below relate to the status of Gibraltar as an integral part of the United Kingdom.",no,sources/2026-10-03_fara_3718-Supplemental-Statement-20210930-37.pdf,20,yes (scanned page; transcription checked against page image),correspondence,,"H&K Attachment C, ""Section III, Item 11"" free-text list for period March 1 – August 31, 2021; principal-level purpose statement quoted."
F083,3718,Holland & Knight LLP,Government of Gibraltar (British Overseas Territory),2021: 3/30 (as written),"Lindsay Slater, COS, Rep. Mike Simpson, correspondence","The issues discussed in all meetings, calls and correspondence reported below relate to the status of Gibraltar as an integral part of the United Kingdom.",no,sources/2026-10-03_fara_3718-Supplemental-Statement-20210930-37.pdf,20,yes (scanned page; transcription checked against page image),correspondence,,"H&K Attachment C, ""Section III, Item 11"" free-text list for period March 1 – August 31, 2021; principal-level purpose statement quoted."
F084,3718,Holland & Knight LLP,Government of Gibraltar (British Overseas Territory),2021: 3/30 (as written),"Lorissa Bounds, COS, Rep. Jay Obernolte, correspondence","The issues discussed in all meetings, calls and correspondence reported below relate to the status of Gibraltar as an integral part of the United Kingdom.",no,sources/2026-10-03_fara_3718-Supplemental-Statement-20210930-37.pdf,20,yes (scanned page; transcription checked against page image),correspondence,,"H&K Attachment C, ""Section III, Item 11"" free-text list for period March 1 – August 31, 2021; principal-level purpose statement quoted."
F085,3718,Holland & Knight LLP,Government of Gibraltar (British Overseas Territory),2021: 3/30 (as written),"Ryan McCormack, COS, Thomas Blanford, Legislative Assistant, Rep. Scott Fitzgerald, correspondence","The issues discussed in all meetings, calls and correspondence reported below relate to the status of Gibraltar as an integral part of the United Kingdom.",no,sources/2026-10-03_fara_3718-Supplemental-Statement-20210930-37.pdf,20,yes (scanned page; transcription checked against page image),correspondence,,"H&K Attachment C, ""Section III, Item 11"" free-text list for period March 1 – August 31, 2021; principal-level purpose statement quoted."
F086,3718,Holland & Knight LLP,Government of Gibraltar (British Overseas Territory),2021: 3/30 (as written),"Jacob Olson, COS, Rep. Beth Van Duyne, correspondence","The issues discussed in all meetings, calls and correspondence reported below relate to the status of Gibraltar as an integral part of the United Kingdom.",no,sources/2026-10-03_fara_3718-Supplemental-Statement-20210930-37.pdf,20,yes (scanned page; transcription checked against page image),correspondence,,"H&K Attachment C, ""Section III, Item 11"" free-text list for period March 1 – August 31, 2021; principal-level purpose statement quoted."
F087,3718,Holland & Knight LLP,Government of Gibraltar (British Overseas Territory),2021: 3/30 (as written),"Jeff Billman, COS, Rep. Ronny Jackson, correspondence","The issues discussed in all meetings, calls and correspondence reported below relate to the status of Gibraltar as an integral part of the United Kingdom.",no,sources/2026-10-03_fara_3718-Supplemental-Statement-20210930-37.pdf,20,yes (scanned page; transcription checked against page image),correspondence,,"H&K Attachment C, ""Section III, Item 11"" free-text list for period March 1 – August 31, 2021; principal-level purpose statement quoted."
F088,3718,Holland & Knight LLP,Government of Gibraltar (British Overseas Territory),2021: 3/30 (as written),"Jessica Norfleet, DCOS, Rep. Kat Cammack, correspondence","The issues discussed in all meetings, calls and correspondence reported below relate to the status of Gibraltar as an integral part of the United Kingdom.",no,sources/2026-10-03_fara_3718-Supplemental-Statement-20210930-37.pdf,20,yes (scanned page; transcription checked against page image),correspondence,,"H&K Attachment C, ""Section III, Item 11"" free-text list for period March 1 – August 31, 2021; principal-level purpose statement quoted."
F089,3718,Holland & Knight LLP,Government of Gibraltar (British Overseas Territory),2021: 3/31& 4/13 (as written),"Chad Yelinski, COS, Rep. Ted Budd, Correspondence","The issues discussed in all meetings, calls and correspondence reported below relate to the status of Gibraltar as an integral part of the United Kingdom.",no,sources/2026-10-03_fara_3718-Supplemental-Statement-20210930-37.pdf,20,yes (scanned page; transcription checked against page image),Correspondence,,"H&K Attachment C, ""Section III, Item 11"" free-text list for period March 1 – August 31, 2021; principal-level purpose statement quoted."
F090,3718,Holland & Knight LLP,Government of Gibraltar (British Overseas Territory),2021: 4/13 (as written),"James Langenderfer, COS, Steve Koncar, LD, Michael Weglein, Senior Policy Advisor, Rep. Brian Mast, correspondence","The issues discussed in all meetings, calls and correspondence reported below relate to the status of Gibraltar as an integral part of the United Kingdom.",no,sources/2026-10-03_fara_3718-Supplemental-Statement-20210930-37.pdf,20,yes (scanned page; transcription checked against page image),correspondence,,"H&K Attachment C, ""Section III, Item 11"" free-text list for period March 1 – August 31, 2021; principal-level purpose statement quoted."
F091,3718,Holland & Knight LLP,Government of Gibraltar (British Overseas Territory),2021: 4/13 & 6/17 (as written),"Patrick Hester, COS, Joe Bartlett, Military Legislative Assistant, Rep. Elise Stefanik, correspondence","The issues discussed in all meetings, calls and correspondence reported below relate to the status of Gibraltar as an integral part of the United Kingdom.",no,sources/2026-10-03_fara_3718-Supplemental-Statement-20210930-37.pdf,20,yes (scanned page; transcription checked against page image),correspondence,,"H&K Attachment C, ""Section III, Item 11"" free-text list for period March 1 – August 31, 2021; principal-level purpose statement quoted."
F092,3718,Holland & Knight LLP,Government of Gibraltar (British Overseas Territory),2021: 4/13 (as written),"Matt Meyer, COS, Dylan Chandler, Health Policy Advisor, Rep. Jason Smith, correspondence","The issues discussed in all meetings, calls and correspondence reported below relate to the status of Gibraltar as an integral part of the United Kingdom.",no,sources/2026-10-03_fara_3718-Supplemental-Statement-20210930-37.pdf,20,yes (scanned page; transcription checked against page image),correspondence,,"H&K Attachment C, ""Section III, Item 11"" free-text list for period March 1 – August 31, 2021; principal-level purpose statement quoted."
F093,3718,Holland & Knight LLP,Government of Gibraltar (British Overseas Territory),2021: 4/13 (as written),"Lindsay Slater, COS, Katherine ""Katie"" Myers, Senior Legislative Assistant, Rep. Mike Simpson correspondence","The issues discussed in all meetings, calls and correspondence reported below relate to the status of Gibraltar as an integral part of the United Kingdom.",no,sources/2026-10-03_fara_3718-Supplemental-Statement-20210930-37.pdf,20,yes (scanned page; transcription checked against page image),correspondence,,"H&K Attachment C, ""Section III, Item 11"" free-text list for period March 1 – August 31, 2021; principal-level purpose statement quoted."
F094,3718,Holland & Knight LLP,Government of Gibraltar (British Overseas Territory),2021: 4/13 (as written),"Jeff Billman, COS, Megan Porter, Legislative Assistant, Rep. Ronny Jackson, correspondence","The issues discussed in all meetings, calls and correspondence reported below relate to the status of Gibraltar as an integral part of the United Kingdom.",no,sources/2026-10-03_fara_3718-Supplemental-Statement-20210930-37.pdf,20,yes (scanned page; transcription checked against page image),correspondence,,"H&K Attachment C, ""Section III, Item 11"" free-text list for period March 1 – August 31, 2021; principal-level purpose statement quoted."
F095,3718,Holland & Knight LLP,Government of Gibraltar (British Overseas Territory),2021: 4/13 (as written),"Jessica Norfleet, DCOS, William Smith, Senior Legislative Assistant, Rep. Kat Cammack, correspondence","The issues discussed in all meetings, calls and correspondence reported below relate to the status of Gibraltar as an integral part of the United Kingdom.",no,sources/2026-10-03_fara_3718-Supplemental-Statement-20210930-37.pdf,20,yes (scanned page; transcription checked against page image),correspondence,,"H&K Attachment C, ""Section III, Item 11"" free-text list for period March 1 – August 31, 2021; principal-level purpose statement quoted."
F096,3718,Holland & Knight LLP,Government of Gibraltar (British Overseas Territory),2021: 4/15 (as written),"Cate Sadler, analyst Senate Foreign Relations, meeting","The issues discussed in all meetings, calls and correspondence reported below relate to the status of Gibraltar as an integral part of the United Kingdom.",no,sources/2026-10-03_fara_3718-Supplemental-Statement-20210930-37.pdf,19,yes (scanned page; transcription checked against page image),meeting,,"H&K Attachment C, ""Section III, Item 11"" free-text list for period March 1 – August 31, 2021; principal-level purpose statement quoted."
F097,3718,Holland & Knight LLP,Government of Gibraltar (British Overseas Territory),2021: 4/19 (as written),"Thomas Blanford, Legislative Assistant, Rep. Scott Fitzgerald, telephone call","The issues discussed in all meetings, calls and correspondence reported below relate to the status of Gibraltar as an integral part of the United Kingdom.",no,sources/2026-10-03_fara_3718-Supplemental-Statement-20210930-37.pdf,20,yes (scanned page; transcription checked against page image),telephone call,,"H&K Attachment C, ""Section III, Item 11"" free-text list for period March 1 – August 31, 2021; principal-level purpose statement quoted."
F098,3718,Holland & Knight LLP,Government of Gibraltar (British Overseas Territory),2021: 4/19 (as written),"Patrick Flood, Military Legislative Assistant, Rep. Don Bacon, telephone call","The issues discussed in all meetings, calls and correspondence reported below relate to the status of Gibraltar as an integral part of the United Kingdom.",no,sources/2026-10-03_fara_3718-Supplemental-Statement-20210930-37.pdf,20,yes (scanned page; transcription checked against page image),telephone call,,"H&K Attachment C, ""Section III, Item 11"" free-text list for period March 1 – August 31, 2021; principal-level purpose statement quoted."
F099,3718,Holland & Knight LLP,Government of Gibraltar (British Overseas Territory),"2021: 4/21, 5/10 (as written)","LD Ben Hutterer, Rep. Kind, phone call","The issues discussed in all meetings, calls and correspondence reported below relate to the status of Gibraltar as an integral part of the United Kingdom.",no,sources/2026-10-03_fara_3718-Supplemental-Statement-20210930-37.pdf,19,yes (scanned page; transcription checked against page image),phone call,,"H&K Attachment C, ""Section III, Item 11"" free-text list for period March 1 – August 31, 2021; principal-level purpose statement quoted."
F100,3718,Holland & Knight LLP,Government of Gibraltar (British Overseas Territory),2021: 5/26 (as written),"Tom Melia & Tessa Silverman, Sen. Ben Cardin, video call","The issues discussed in all meetings, calls and correspondence reported below relate to the status of Gibraltar as an integral part of the United Kingdom.",no,sources/2026-10-03_fara_3718-Supplemental-Statement-20210930-37.pdf,20,yes (scanned page; transcription checked against page image),video call,,"H&K Attachment C, ""Section III, Item 11"" free-text list for period March 1 – August 31, 2021; principal-level purpose statement quoted."
F101,3718,Holland & Knight LLP,Government of Gibraltar (British Overseas Territory),2021: 6/23 (as written),"Lorissa Bounds, COS, Collin Sabine, Legislative Aide, Rep. Jay Obernolte, correspondence","The issues discussed in all meetings, calls and correspondence reported below relate to the status of Gibraltar as an integral part of the United Kingdom.",no,sources/2026-10-03_fara_3718-Supplemental-Statement-20210930-37.pdf,20,yes (scanned page; transcription checked against page image),correspondence,,"H&K Attachment C, ""Section III, Item 11"" free-text list for period March 1 – August 31, 2021; principal-level purpose statement quoted."
F102,3718,Holland & Knight LLP,Government of Gibraltar (British Overseas Territory),2021: 6/23 (as written),"Jonathan Lowe, COS, Rep. Steve Chabot, correspondence","The issues discussed in all meetings, calls and correspondence reported below relate to the status of Gibraltar as an integral part of the United Kingdom.",no,sources/2026-10-03_fara_3718-Supplemental-Statement-20210930-37.pdf,20,yes (scanned page; transcription checked against page image),correspondence,,"H&K Attachment C, ""Section III, Item 11"" free-text list for period March 1 – August 31, 2021; principal-level purpose statement quoted."
F103,3718,Holland & Knight LLP,Government of Gibraltar (British Overseas Territory),2021: 6/24 (as written),"Rep. Kind, meeting","The issues discussed in all meetings, calls and correspondence reported below relate to the status of Gibraltar as an integral part of the United Kingdom.",no,sources/2026-10-03_fara_3718-Supplemental-Statement-20210930-37.pdf,20,yes (scanned page; transcription checked against page image),meeting,,"H&K Attachment C, ""Section III, Item 11"" free-text list for period March 1 – August 31, 2021; principal-level purpose statement quoted."
F104,3718,Holland & Knight LLP,Government of Gibraltar (British Overseas Territory),2021: 6/25 (as written),"Collin Sabine, Legislative Aide, Rep. Jay Obernolte, telephone call","The issues discussed in all meetings, calls and correspondence reported below relate to the status of Gibraltar as an integral part of the United Kingdom.",no,sources/2026-10-03_fara_3718-Supplemental-Statement-20210930-37.pdf,20,yes (scanned page; transcription checked against page image),telephone call,,"H&K Attachment C, ""Section III, Item 11"" free-text list for period March 1 – August 31, 2021; principal-level purpose statement quoted."
F105,3718,Holland & Knight LLP,Government of Gibraltar (British Overseas Territory),2021: 7/28 (as written),"Rep. Kind and LD Ben Hutterer, phone call","The issues discussed in all meetings, calls and correspondence reported below relate to the status of Gibraltar as an integral part of the United Kingdom.",no,sources/2026-10-03_fara_3718-Supplemental-Statement-20210930-37.pdf,20,yes (scanned page; transcription checked against page image),phone call,,"H&K Attachment C, ""Section III, Item 11"" free-text list for period March 1 – August 31, 2021; principal-level purpose statement quoted."
F106,3718,Holland & Knight LLP,Government of Gibraltar (British Overseas Territory),2021-09-14,Rep. Kind LD Ben Hutterer,To discuss the status of Gibraltar as an integral part of the United Kingdom-,no,sources/2026-10-03_fara_3718-Supplemental-Statement-20220512-38.pdf,25,yes (text layer; parsed by column position),Email,,
F107,3718,Holland & Knight LLP,Government of Gibraltar (British Overseas Territory),2021-09-17,Rep. Ruppersberger COS Tara Ouster and LD Walt Gonzales,To discuss the status of Gibraltar as an integral part of the United Kingdom.,no,sources/2026-10-03_fara_3718-Supplemental-Statement-20220512-38.pdf,25,yes (text layer; parsed by column position),Email,,
F108,3718,Holland & Knight LLP,Government of Gibraltar (British Overseas Territory),2021-09-17,Rep. McEachin COS Tara Rountree,To discuss the status of Gibraltar as an integral part of the United Kingdom-,no,sources/2026-10-03_fara_3718-Supplemental-Statement-20220512-38.pdf,25,yes (text layer; parsed by column position),Email,,
F109,3718,Holland & Knight LLP,Government of Gibraltar (British Overseas Territory),2021-09-17,Rep. Deutch COS Josh Rogin and Senior Staff Casey Kustin,To discuss the status of Gibraltar as an integral part of the United Kingdom-,no,sources/2026-10-03_fara_3718-Supplemental-Statement-20220512-38.pdf,25,yes (text layer; parsed by column position),Email,,
F110,3718,Holland & Knight LLP,Government of Gibraltar (British Overseas Territory),2021-09-17,Rep. Gallego LD Robert Ikoku,To discuss the status of Gibraltar as an integral part of the United Kingdom.,no,sources/2026-10-03_fara_3718-Supplemental-Statement-20220512-38.pdf,25,yes (text layer; parsed by column position),Email,,
F111,3718,Holland & Knight LLP,Government of Gibraltar (British Overseas Territory),2021-09-17,Rep. Kind LD Ben Hutterer,To discuss the status of Gibraltar as an integral part of the United Kingdom-,no,sources/2026-10-03_fara_3718-Supplemental-Statement-20220512-38.pdf,26,yes (text layer; parsed by column position),Email,,
F112,3718,Holland & Knight LLP,Government of Gibraltar (British Overseas Territory),2021-09-17,Rep. Suozzi COS Diane Shust and LA Michael Christesen,To discuss the status of Gibraltar as an integral part of the United Kingdom-,no,sources/2026-10-03_fara_3718-Supplemental-Statement-20220512-38.pdf,26,yes (text layer; parsed by column position),Email,,
F113,3718,Holland & Knight LLP,Government of Gibraltar (British Overseas Territory),2021-09-22,Rep. Kind LD Ben Hutterer,To discuss the status of Gibraltar as an integral part of the United Kingdom-,no,sources/2026-10-03_fara_3718-Supplemental-Statement-20220512-38.pdf,26,yes (text layer; parsed by column position),Email,,
F114,3718,Holland & Knight LLP,Government of Gibraltar (British Overseas Territory),2021-09-24,Rep. Frederica Wilson LD Demon Bennett,To discuss the status of Gibraltar as an integral part of the United Kingdom-,no,sources/2026-10-03_fara_3718-Supplemental-Statement-20220512-38.pdf,26,yes (text layer; parsed by column position),Email,,
F115,3718,Holland & Knight LLP,Government of Gibraltar (British Overseas Territory),2021-09-24,Rep. Kind LD Ben Hutterer,To discuss the status of Gibraltar as an integral part of the United Kingdom-,no,sources/2026-10-03_fara_3718-Supplemental-Statement-20220512-38.pdf,26,yes (text layer; parsed by column position),Email,,
F116,3718,Holland & Knight LLP,Government of Gibraltar (British Overseas Territory),2021-09-24,Rep. Speier COS Josh Connolly,To discuss the status of Gibraltar as an integral part of the United Kingdom-,no,sources/2026-10-03_fara_3718-Supplemental-Statement-20220512-38.pdf,26,yes (text layer; parsed by column position),Email,,
F117,3718,Holland & Knight LLP,Government of Gibraltar (British Overseas Territory),2021-09-27,Rep. Gallego LD Robert Ikoku,To discuss the status of Gibraltar as an integral part of the United Kingdom-,no,sources/2026-10-03_fara_3718-Supplemental-Statement-20220512-38.pdf,26,yes (text layer; parsed by column position),Email,,
F118,3718,Holland & Knight LLP,Government of Gibraltar (British Overseas Territory),2021-09-29,Rep. Kind,To discuss the status of Gibraltar as an integral part of the United Kingdom.,no,sources/2026-10-03_fara_3718-Supplemental-Statement-20220512-38.pdf,26,yes (text layer; parsed by column position),Meeting,,
F119,3718,Holland & Knight LLP,Government of Gibraltar (British Overseas Territory),2021-10-20,"Phil Bednarczyk, Senior Advisor, House Foreign Relations",To discuss the status of Gibraltar as an integral part of the United Kingdom.,no,sources/2026-10-03_fara_3718-Supplemental-Statement-20220512-38.pdf,26,yes (text layer; parsed by column position),Email,,
F120,3718,Holland & Knight LLP,Government of Gibraltar (British Overseas Territory),2021-10-20,Rep. Deutch COS Josh Rogin and Senior Staff Casey Kustin,To discuss the status of Gibraltar as an integral part of the United Kingdom.,no,sources/2026-10-03_fara_3718-Supplemental-Statement-20220512-38.pdf,26,yes (text layer; parsed by column position),Email,,
F121,3718,Holland & Knight LLP,Government of Gibraltar (British Overseas Territory),2021-11-09,Rep. Deutch COS Josh Rogin and Senior Staff Casey Kustin,To discuss the status of Gibraltar as an integral part of the United Kingdom.,no,sources/2026-10-03_fara_3718-Supplemental-Statement-20220512-38.pdf,26,yes (text layer; parsed by column position),Email,,
F122,3718,Holland & Knight LLP,Government of Gibraltar (British Overseas Territory),2021-11-10,Rep. Gallego LD Robert Ikoku,To discuss the status of Gibraltar as an integral part of the United Kingdom.,no,sources/2026-10-03_fara_3718-Supplemental-Statement-20220512-38.pdf,26,yes (text layer; parsed by column position),Email,,
F123,3718,Holland & Knight LLP,Government of Gibraltar (British Overseas Territory),2021-11-10,Rep. Ruppersberger COS Tara Ouster and LD Walt Gonzales,To discuss the status of Gibraltar as an integral part of the United Kingdom-,no,sources/2026-10-03_fara_3718-Supplemental-Statement-20220512-38.pdf,26,yes (text layer; parsed by column position),Email,,
F124,3718,Holland & Knight LLP,Government of Gibraltar (British Overseas Territory),2021-11-12,Rep. Gallego LA Michelle Shevin- Coetzee,To discuss the status of Gibraltar as an integral part of the United Kingdom-,no,sources/2026-10-03_fara_3718-Supplemental-Statement-20220512-38.pdf,26,yes (text layer; parsed by column position),Email,,
F125,3718,Holland & Knight LLP,Government of Gibraltar (British Overseas Territory),2021-11-22,Rep. Kind LD Ben Hutterer,To discuss the status of Gibraltar as an integral part of the United Kingdom.,no,sources/2026-10-03_fara_3718-Supplemental-Statement-20220512-38.pdf,26,yes (text layer; parsed by column position),Call,,
F126,3718,Holland & Knight LLP,Government of Gibraltar (British Overseas Territory),2021-11-22,Rep. Kind LD Ben Hutterer,To discuss the status of Gibraltar as an integral part of the United Kingdom.,no,sources/2026-10-03_fara_3718-Supplemental-Statement-20220512-38.pdf,26,yes (text layer; parsed by column position),Email,,
F127,3718,Holland & Knight LLP,Government of Gibraltar (British Overseas Territory),2021-12-01,Rep. Gallego LA Michelle Shevin- Coetzee,To discuss the status of Gibraltar as an integral part of the United Kingdom-,no,sources/2026-10-03_fara_3718-Supplemental-Statement-20220512-38.pdf,27,yes (text layer; parsed by column position),Call,,
F128,3718,Holland & Knight LLP,Government of Gibraltar (British Overseas Territory),2021-12-02,Rep. Gallego LA Michelle Shevin- Coetzee,To discuss the status of Gibraltar as an integral part of the United Kingdom-,no,sources/2026-10-03_fara_3718-Supplemental-Statement-20220512-38.pdf,27,yes (text layer; parsed by column position),Email,,
F129,3718,Holland & Knight LLP,Government of Gibraltar (British Overseas Territory),2021-12-02,Rep. Deutch COS Josh Rogin and Senior Staff Casey Kustin,To discuss the status of Gibraltar as an integral part of the United Kingdom-,no,sources/2026-10-03_fara_3718-Supplemental-Statement-20220512-38.pdf,27,yes (text layer; parsed by column position),Email,,
F130,3718,Holland & Knight LLP,Government of Gibraltar (British Overseas Territory),2021-12-02,Rep. Ruppersberger COS Tara Ouster and LD Walt Gonzales,To discuss the status of Gibraltar as an integral part of the United Kingdom-,no,sources/2026-10-03_fara_3718-Supplemental-Statement-20220512-38.pdf,27,yes (text layer; parsed by column position),Email,,
F131,3718,Holland & Knight LLP,Government of Gibraltar (British Overseas Territory),2022-01-03,Rep. Gallego LA Michelle Shevin- Coetzee,To discuss the status of Gibraltar as an integral part of the United Kingdom-,no,sources/2026-10-03_fara_3718-Supplemental-Statement-20220512-38.pdf,27,yes (text layer; parsed by column position),Email,,
F132,3718,Holland & Knight LLP,Government of Gibraltar (British Overseas Territory),2022-02-17,Rep. Kind LD Ben Hutterer,To discuss the status of Gibraltar as an integral part of the United Kingdom-,no,sources/2026-10-03_fara_3718-Supplemental-Statement-20220512-38.pdf,27,yes (text layer; parsed by column position),Email,,
F133,3718,Holland & Knight LLP,Government of Gibraltar (British Overseas Territory),2022-03-02,"Anna McCormack, COS, Rep. David Rouzer",To discuss possible visit to Gibraltar by Rep. Rouzer.,no,sources/2026-10-03_fara_3718-Supplemental-Statement-20220930-39.pdf,26,yes (text layer; parsed by column position),Phone Call,David Rouzer (NC),
F134,3718,Holland & Knight LLP,Government of Gibraltar (British Overseas Territory),2022-03-05,"Josh Rogin, COS, Rep. Deutch",To support H.Res. 682.,no,sources/2026-10-03_fara_3718-Supplemental-Statement-20220930-39.pdf,27,yes (text layer; parsed by column position),Email,,
F135,3718,Holland & Knight LLP,Government of Gibraltar (British Overseas Territory),2022-03-07,"Josh Rogin, COS, Rep. Deutch",To support H.Res. 682.,no,sources/2026-10-03_fara_3718-Supplemental-Statement-20220930-39.pdf,27,yes (text layer; parsed by column position),Email,,
F136,3718,Holland & Knight LLP,Government of Gibraltar (British Overseas Territory),2022-03-09,"Michelle Shevin- Coetzee, LA, Lucy Perkins, LA Rep. Gallego",To support H.Res. 682.,no,sources/2026-10-03_fara_3718-Supplemental-Statement-20220930-39.pdf,27,yes (text layer; parsed by column position),Mail,,
F137,3718,Holland & Knight LLP,Government of Gibraltar (British Overseas Territory),2022-03-09,"Walter Gonzalez, LD, Tara Oursler COS, Rep. Ruppersberger",To support H.Res. 682.,no,sources/2026-10-03_fara_3718-Supplemental-Statement-20220930-39.pdf,27,yes (text layer; parsed by column position),Mail,,
F138,3718,Holland & Knight LLP,Government of Gibraltar (British Overseas Territory),2022-03-09,"Casey Kustin, senior staff, Rep. Deutch",To support H.Res. 682.,no,sources/2026-10-03_fara_3718-Supplemental-Statement-20220930-39.pdf,27,yes (text layer; parsed by column position),Mail,,
F139,3718,Holland & Knight LLP,Government of Gibraltar (British Overseas Territory),2022-03-15,"Walter Gonzalez, LD, Rep. Ruppersberger",To support H.Res. 682.,no,sources/2026-10-03_fara_3718-Supplemental-Statement-20220930-39.pdf,27,yes (text layer; parsed by column position),Meeting,,
F140,3718,Holland & Knight LLP,Government of Gibraltar (British Overseas Territory),2022-03-16,Res. Commissioner Jenniffer Gonzalez- Colon (Puerto Rico),"To discuss co-sponsorship of H.Res. 682, Recognizing the self-determination of Gibraltar to determine its status as a British Overseas Territory.",no,sources/2026-10-03_fara_3718-Supplemental-Statement-20220930-39.pdf,27,yes (text layer; parsed by column position),In-Person Meeting,,
F141,3718,Holland & Knight LLP,Government of Gibraltar (British Overseas Territory),2022-03-18,"Todd Sloves, deputy COS, Rep. Norcross",To support H.Res. 682.,no,sources/2026-10-03_fara_3718-Supplemental-Statement-20220930-39.pdf,27,yes (text layer; parsed by column position),Mail,Donald Norcross (NJ),Column re-aligned (method word found inside contact cell by layout parse).
F142,3718,Holland & Knight LLP,Government of Gibraltar (British Overseas Territory),2022-03-18,"Walter Gonzalez, LD, Tara Oursler COS, Rep. Ruppersberger",To support H.Res. 682.,no,sources/2026-10-03_fara_3718-Supplemental-Statement-20220930-39.pdf,27,yes (text layer; parsed by column position),Mail,,
F143,3718,Holland & Knight LLP,Government of Gibraltar (British Overseas Territory),2022-03-21,"Walter Gonzalez, LD, Tara Oursler COS, Rep. Ruppersberger",To support H.Res. 682.,no,sources/2026-10-03_fara_3718-Supplemental-Statement-20220930-39.pdf,27,yes (text layer; parsed by column position),Mail,,
F144,3718,Holland & Knight LLP,Government of Gibraltar (British Overseas Territory),2022-03-31,"Ben Hutterer, LA Sen. Baldwin",To support H.Res. 682.,no,sources/2026-10-03_fara_3718-Supplemental-Statement-20220930-39.pdf,27,yes (text layer; parsed by column position),Call,,
F145,3718,Holland & Knight LLP,Government of Gibraltar (British Overseas Territory),2022-05-02,"Michelle Shevin- Coetzee, LA, Lucy Perkins, LA Rep. Gallego",To support H.Res. 682.,no,sources/2026-10-03_fara_3718-Supplemental-Statement-20220930-39.pdf,27,yes (text layer; parsed by column position),Mail,,
F146,3718,Holland & Knight LLP,Government of Gibraltar (British Overseas Territory),2022-05-02,"Casey Kustin, senior staff, Rep. Deutch",To support H.Res. 682.,no,sources/2026-10-03_fara_3718-Supplemental-Statement-20220930-39.pdf,27,yes (text layer; parsed by column position),Mail,,
F147,3718,Holland & Knight LLP,Government of Gibraltar (British Overseas Territory),2022-05-02,"John Laufer, COS, Rep. Stephanie Murphy",To support H.Res. 682.,no,sources/2026-10-03_fara_3718-Supplemental-Statement-20220930-39.pdf,27,yes (text layer; parsed by column position),Mail,,
F148,3718,Holland & Knight LLP,Government of Gibraltar (British Overseas Territory),2022-05-02,"Walter Gonzalez, LD, Tara Oursler COS, Rep. Ruppersberger",To support H.Res. 682.,no,sources/2026-10-03_fara_3718-Supplemental-Statement-20220930-39.pdf,27,yes (text layer; parsed by column position),Mail,,
F149,3718,Holland & Knight LLP,Government of Gibraltar (British Overseas Territory),2022-05-23,"Jimmy Loomis, LA, Rep. Stephanie Murphy",To support H.Res. 682.,no,sources/2026-10-03_fara_3718-Supplemental-Statement-20220930-39.pdf,27,yes (text layer; parsed by column position),Mail,,
F150,3718,Holland & Knight LLP,Government of Gibraltar (British Overseas Territory),2022-05-23,"Michelle Shevin- Coetzee, LA, Lucy Perkins, LA Rep. Gallego",To support H.Res. 682.,no,sources/2026-10-03_fara_3718-Supplemental-Statement-20220930-39.pdf,27,yes (text layer; parsed by column position),Mail,,
F151,3718,Holland & Knight LLP,Government of Gibraltar (British Overseas Territory),2022-05-23,"John Laufer, COS, Rep. Stephanie Murphy",To support H.Res. 682.,no,sources/2026-10-03_fara_3718-Supplemental-Statement-20220930-39.pdf,28,yes (text layer; parsed by column position),Mail,,
F152,3718,Holland & Knight LLP,Government of Gibraltar (British Overseas Territory),2022-05-24,"Jimmy Loomis, LA, Rep. Stephanie Murphy",To support H.Res. 682.,no,sources/2026-10-03_fara_3718-Supplemental-Statement-20220930-39.pdf,28,yes (text layer; parsed by column position),Call,,
F153,3718,Holland & Knight LLP,Government of Gibraltar (British Overseas Territory),2022-11-30,Rep. Don Bacon,Discuss Possible visit to Gibraltar,no,sources/2026-10-03_fara_3718-Supplemental-Statement-20230330-40.pdf,22,yes (text layer; parsed by column position),In-person Meeting,,
F154,3718,Holland & Knight LLP,Government of Gibraltar (British Overseas Territory),2023-01-03,"Chris Del Beccaro, COS to Rep. Michael McCaul",Discuss Possible visit to Gibraltar,no,sources/2026-10-03_fara_3718-Supplemental-Statement-20230330-40.pdf,22,yes (text layer; parsed by column position),In-person Meeting,Michael McCaul (TX),
F155,3718,Holland & Knight LLP,Government of Gibraltar (British Overseas Territory),2023-01-19,Rep. Connolly and COS Jamie Smith,To discuss Resolution,no,sources/2026-10-03_fara_3718-Supplemental-Statement-20230330-40.pdf,22,yes (text layer; parsed by column position),Email,,
F156,3718,Holland & Knight LLP,Government of Gibraltar (British Overseas Territory),2023-01-26,"Capt. Mark Dreiling, COS and Patrick Flood, Senior Advisor to Rep. Don Bacon",Request to sponsor Gibraltar Resolution in the 118th Congress,no,sources/2026-10-03_fara_3718-Supplemental-Statement-20230330-40.pdf,22,yes (text layer; parsed by column position),Email,,
F157,3718,Holland & Knight LLP,Government of Gibraltar (British Overseas Territory),2023-01-27,"Capt. Mark Dreiling, COS and Patrick Flood, Senior Advisor to Rep. Don Bacon",Request to sponsor Gibraltar Resolution in the 118th Congress,no,sources/2026-10-03_fara_3718-Supplemental-Statement-20230330-40.pdf,22,yes (text layer; parsed by column position),Email,,
F158,3718,Holland & Knight LLP,Government of Gibraltar (British Overseas Territory),2023-01-27,"Matt McLaughlin, LA, Rep. Connolly",To discuss Resolution,no,sources/2026-10-03_fara_3718-Supplemental-Statement-20230330-40.pdf,22,yes (text layer; parsed by column position),Meeting,,
F159,3718,Holland & Knight LLP,Government of Gibraltar (British Overseas Territory),2023-02-01,"Capt. Mark Dreiling, COS and Patrick Flood, Senior Advisor to Rep. Don Bacon",Request to sponsor Gibraltar Resolution in the 118th Congress,no,sources/2026-10-03_fara_3718-Supplemental-Statement-20230330-40.pdf,22,yes (text layer; parsed by column position),Email,,
F160,3718,Holland & Knight LLP,Government of Gibraltar (British Overseas Territory),2023-02-01,"Capt. Mark Dreiling, COS and Patrick Flood, Senior Advisor to Rep. Don Bacon",Request to sponsor Gibraltar Resolution in the 118th Congress,no,sources/2026-10-03_fara_3718-Supplemental-Statement-20230330-40.pdf,22,yes (text layer; parsed by column position),Email,,
F161,3718,Holland & Knight LLP,Government of Gibraltar (British Overseas Territory),2023-02-20,"Matt McLaughlin, LA, Rep. Connolly",To discuss Resolution,no,sources/2026-10-03_fara_3718-Supplemental-Statement-20230330-40.pdf,22,yes (text layer; parsed by column position),Email,,
F162,3718,Holland & Knight LLP,Government of Gibraltar (British Overseas Territory),2023-02-27,"Neil McKierman, COS, Rep. Courtney",To discuss Resolution,no,sources/2026-10-03_fara_3718-Supplemental-Statement-20230330-40.pdf,23,yes (text layer; parsed by column position),Email,Joe Courtney (CT),
F163,3718,Holland & Knight LLP,Government of Gibraltar (British Overseas Territory),2023-02-27,"Peter Karafotas, COS, Rep. Cicilline",To discuss Resolution,no,sources/2026-10-03_fara_3718-Supplemental-Statement-20230330-40.pdf,23,yes (text layer; parsed by column position),Email,,
F164,3718,Holland & Knight LLP,Government of Gibraltar (British Overseas Territory),2023-02-27,"Andrew Wright, COS, and Ben Donovan, LA, Rep. Kilmer",To discuss Resolution,no,sources/2026-10-03_fara_3718-Supplemental-Statement-20230330-40.pdf,23,yes (text layer; parsed by column position),Email,Derek Kilmer (WA),
F165,3718,Holland & Knight LLP,Government of Gibraltar (British Overseas Territory),2023-02-27,"Walter Gonzalez, Deputy COS, Rep. Ruppersberger",To discuss Resolution,no,sources/2026-10-03_fara_3718-Supplemental-Statement-20230330-40.pdf,23,yes (text layer; parsed by column position),Email,,
F166,3718,Holland & Knight LLP,Government of Gibraltar (British Overseas Territory),2023-02-27,"Neil McKierman, COS, Rep. Courtney",To discuss Resolution,no,sources/2026-10-03_fara_3718-Supplemental-Statement-20230330-40.pdf,23,yes (text layer; parsed by column position),Email,Joe Courtney (CT),
F167,3718,Holland & Knight LLP,Government of Gibraltar (British Overseas Territory),2023-02-27,"Brad Solyan, COS, and LA Shir Attias, Rep. Frankel",To discuss Resolution,no,sources/2026-10-03_fara_3718-Supplemental-Statement-20230330-40.pdf,23,yes (text layer; parsed by column position),Email,,
F168,3718,Holland & Knight LLP,Government of Gibraltar (British Overseas Territory),2023-02-28,"Brad Solyan, COS, and LA Shir Attias, Rep. Frankel",To discuss Resolution,no,sources/2026-10-03_fara_3718-Supplemental-Statement-20230330-40.pdf,23,yes (text layer; parsed by column position),Email,,
F169,3718,Holland & Knight LLP,Government of Gibraltar (British Overseas Territory),2023-03-21,"Matt Meyer, COS, Hilary Pinegar, LD, Rep. Jason Smith",Request to cosponsor Gibraltar resolution in the 118th Congress,no,sources/2026-10-03_fara_3718-Supplemental-Statement-20231002-41.pdf,23,yes (text layer; parsed by column position),Email,,
F170,3718,Holland & Knight LLP,Government of Gibraltar (British Overseas Territory),2023-03-21,"Liz Hittos, COS; Rep. Gus Bilirakis",Request to cosponsor Gibraltar resolution in the 118th Congress,no,sources/2026-10-03_fara_3718-Supplemental-Statement-20231002-41.pdf,23,yes (text layer; parsed by column position),Email,,
F171,3718,Holland & Knight LLP,Government of Gibraltar (British Overseas Territory),2023-03-21,"Rebecca Keightley, COS, Michael Mackay, National Security Advisor; Rep. Ken Calvert",Request to cosponsor Gibraltar resolution in the 118th Congress,no,sources/2026-10-03_fara_3718-Supplemental-Statement-20231002-41.pdf,23,yes (text layer; parsed by column position),Email,,
F172,3718,Holland & Knight LLP,Government of Gibraltar (British Overseas Territory),2023-03-21,"Jim Hippe, COS, Daniel Tidwell, LD, Rep. Chuck Fleischmann",Request to cosponsor Gibraltar resolution in the 118th Congress,no,sources/2026-10-03_fara_3718-Supplemental-Statement-20231002-41.pdf,23,yes (text layer; parsed by column position),Email,,
F173,3718,Holland & Knight LLP,Government of Gibraltar (British Overseas Territory),2023-03-21,"Elliott Guffin, COS, Alex Stepahin, LD, Rep. Richard Hudson",Request to cosponsor Gibraltar resolution in the 118th Congress,no,sources/2026-10-03_fara_3718-Supplemental-Statement-20231002-41.pdf,23,yes (text layer; parsed by column position),Email,,
F174,3718,Holland & Knight LLP,Government of Gibraltar (British Overseas Territory),2023-03-21,"Kerry Knott, COS, Dwayne Clarke, LA; Rep. Aderholt",Request to cosponsor Gibraltar resolution in the 118th Congress,no,sources/2026-10-03_fara_3718-Supplemental-Statement-20231002-41.pdf,23,yes (text layer; parsed by column position),Email,,
F175,3718,Holland & Knight LLP,Government of Gibraltar (British Overseas Territory),2023-03-21,"Micah Ketchel, COS, Hector Arguello, LD, Rep. Waltz",Request to cosponsor Gibraltar resolution in the 118th Congress,no,sources/2026-10-03_fara_3718-Supplemental-Statement-20231002-41.pdf,23,yes (text layer; parsed by column position),Email,Michael Waltz (FL),
F176,3718,Holland & Knight LLP,Government of Gibraltar (British Overseas Territory),2023-03-21,"Cesar Gonzalez, COS; Gisselle Reynolds, LD; Rep. Mario Diaz-Balart",Request to cosponsor Gibraltar resolution in the 118th Congress,no,sources/2026-10-03_fara_3718-Supplemental-Statement-20231002-41.pdf,23,yes (text layer; parsed by column position),Email,,
F177,3718,Holland & Knight LLP,Government of Gibraltar (British Overseas Territory),2023-03-21,"Jeff Billman, COS, Stetson Bryson, LA, Rep. Ronny Jackson",Request to cosponsor Gibraltar resolution in the 118th Congress,no,sources/2026-10-03_fara_3718-Supplemental-Statement-20231002-41.pdf,23,yes (text layer; parsed by column position),Email,,
F178,3718,Holland & Knight LLP,Government of Gibraltar (British Overseas Territory),2023-03-21,"Joshua Grogis, COS, Adam Sullivan, Sr. Advisor, Rep. Tom Cole",Request to cosponsor Gibraltar resolution in the 118th Congress,no,sources/2026-10-03_fara_3718-Supplemental-Statement-20231002-41.pdf,23,yes (text layer; parsed by column position),Email,Tom Cole (OK),
F179,3718,Holland & Knight LLP,Government of Gibraltar (British Overseas Territory),2023-03-22,"Patrick Flood, MLA, Rep. Bacon",Co-sponsors for Gibraltar Resolution,no,sources/2026-10-03_fara_3718-Supplemental-Statement-20231002-41.pdf,23,yes (text layer; parsed by column position),Email,,
F180,3718,Holland & Knight LLP,Government of Gibraltar (British Overseas Territory),2023-03-30,"Andrew Wright, COS, Ben Donovan, LA, Rep. Kilmer",Communication regarding Resolution,no,sources/2026-10-03_fara_3718-Supplemental-Statement-20231002-41.pdf,24,yes (text layer; parsed by column position),Email,Derek Kilmer (WA),
F181,3718,Holland & Knight LLP,Government of Gibraltar (British Overseas Territory),2023-03-30,"Walter Gonzalez, Deputy COS, Rep. Ruppersberger",Communication regarding Resolution,no,sources/2026-10-03_fara_3718-Supplemental-Statement-20231002-41.pdf,24,yes (text layer; parsed by column position),Email,,
F182,3718,Holland & Knight LLP,Government of Gibraltar (British Overseas Territory),2023-03-30,"Peter Karafotas, COS, Carrick Heilferty LA, Rep. Cicilline",Communication regarding Resolution,no,sources/2026-10-03_fara_3718-Supplemental-Statement-20231002-41.pdf,24,yes (text layer; parsed by column position),Email,,
F183,3718,Holland & Knight LLP,Government of Gibraltar (British Overseas Territory),2023-03-30,"Neil McKiernan COS, LD Maria Costigan, LA Sean Falvey, Rep. Courtney",Communication regarding Resolution,no,sources/2026-10-03_fara_3718-Supplemental-Statement-20231002-41.pdf,24,yes (text layer; parsed by column position),Email,Joe Courtney (CT),
F184,3718,Holland & Knight LLP,Government of Gibraltar (British Overseas Territory),2023-04-03,"Neil McKiernan COS, LD Maria Costigan, LA Sean Falvey, Rep. Courtney",Communication regarding Resolution,no,sources/2026-10-03_fara_3718-Supplemental-Statement-20231002-41.pdf,24,yes (text layer; parsed by column position),Email,Joe Courtney (CT),
F185,3718,Holland & Knight LLP,Government of Gibraltar (British Overseas Territory),2023-04-03,"Patrick Flood, MLA, Rep. Bacon",Co-sponsors for Gibraltar Resolution,no,sources/2026-10-03_fara_3718-Supplemental-Statement-20231002-41.pdf,24,yes (text layer; parsed by column position),Email,,
F186,3718,Holland & Knight LLP,Government of Gibraltar (British Overseas Territory),2023-04-12,"Patrick Flood, MLA, Rep. Bacon",Co-sponsors for Gibraltar Resolution,no,sources/2026-10-03_fara_3718-Supplemental-Statement-20231002-41.pdf,24,yes (text layer; parsed by column position),Email,,
F187,3718,Holland & Knight LLP,Government of Gibraltar (British Overseas Territory),2023-04-13,"Liz Hittos, COS; Rep. Gus Bilirakis",Request to cosponsor Gibraltar resolution in the 118th Congress,no,sources/2026-10-03_fara_3718-Supplemental-Statement-20231002-41.pdf,24,yes (text layer; parsed by column position),Email,,
F188,3718,Holland & Knight LLP,Government of Gibraltar (British Overseas Territory),2023-04-13,"Sam Cloud, LA; Alex Stepahin, LD; Elliott Guffin, COS; Rep. Richard Hudson",Request to cosponsor Gibraltar resolution in the 118th Congress,no,sources/2026-10-03_fara_3718-Supplemental-Statement-20231002-41.pdf,24,yes (text layer; parsed by column position),Email,,
F189,3718,Holland & Knight LLP,Government of Gibraltar (British Overseas Territory),2023-04-13,"Joshua Grogis, COS; Adam Sullivan, National Security Advisor; Rep. Tom Cole",Request to cosponsor Gibraltar resolution in the 118th Congress,no,sources/2026-10-03_fara_3718-Supplemental-Statement-20231002-41.pdf,24,yes (text layer; parsed by column position),Email,Tom Cole (OK),
F190,3718,Holland & Knight LLP,Government of Gibraltar (British Overseas Territory),2023-04-13,"Jeff Billman, COS; Stetson Bryson, LA; Rep. Ronny Jackson",Request to cosponsor Gibraltar resolution in the 118th Congress,no,sources/2026-10-03_fara_3718-Supplemental-Statement-20231002-41.pdf,24,yes (text layer; parsed by column position),Email,,
F191,3718,Holland & Knight LLP,Government of Gibraltar (British Overseas Territory),2023-04-13,"Matt Meyer, COS; Hilary Pinegar, LD; Rep. Jason Smith",Request to cosponsor Gibraltar resolution in the 118th Congress,no,sources/2026-10-03_fara_3718-Supplemental-Statement-20231002-41.pdf,24,yes (text layer; parsed by column position),Email,,
F192,3718,Holland & Knight LLP,Government of Gibraltar (British Overseas Territory),2023-04-13,"Micah Ketchel, COS; Hector Arguello, LD; Rep. Michael Waltz",Request to cosponsor Gibraltar resolution in the 118th Congress,no,sources/2026-10-03_fara_3718-Supplemental-Statement-20231002-41.pdf,24,yes (text layer; parsed by column position),Email,Michael Waltz (FL),
F193,3718,Holland & Knight LLP,Government of Gibraltar (British Overseas Territory),2023-04-13,"Michael Lowry, COS; Megan Medley, LD; Rep. Robert Aderholt",Request to cosponsor Gibraltar resolution in the 118th Congress,no,sources/2026-10-03_fara_3718-Supplemental-Statement-20231002-41.pdf,24,yes (text layer; parsed by column position),Email,,
F194,3718,Holland & Knight LLP,Government of Gibraltar (British Overseas Territory),2023-04-14,"Lorissa Bounds, COS; Rob Hicks, LD; Rep. Jay Obernolte",Request to cosponsor Gibraltar resolution in the 118th Congress,no,sources/2026-10-03_fara_3718-Supplemental-Statement-20231002-41.pdf,24,yes (text layer; parsed by column position),Email,,
F195,3718,Holland & Knight LLP,Government of Gibraltar (British Overseas Territory),2023-04-14,"Walter Gonzalez, Deputy COS, Rep. Ruppersberger",Communication regarding Resolution,no,sources/2026-10-03_fara_3718-Supplemental-Statement-20231002-41.pdf,24,yes (text layer; parsed by column position),Email,,
F196,3718,Holland & Knight LLP,Government of Gibraltar (British Overseas Territory),2023-04-14,"Carolyn King, COS; Brent Robinson, LD; Rep. Rob Wittman",Request to cosponsor Gibraltar resolution in the 118th Congress,no,sources/2026-10-03_fara_3718-Supplemental-Statement-20231002-41.pdf,25,yes (text layer; parsed by column position),Email,Robert Wittman (VA),
F197,3718,Holland & Knight LLP,Government of Gibraltar (British Overseas Territory),2023-04-14,"Mary Noonan, COS; Rep. Chris Smith",Request to cosponsor Gibraltar resolution in the 118th Congress,no,sources/2026-10-03_fara_3718-Supplemental-Statement-20231002-41.pdf,25,yes (text layer; parsed by column position),Email,,
F198,3718,Holland & Knight LLP,Government of Gibraltar (British Overseas Territory),2023-04-14,"Charlie Keller, COS; Molly Joseph, LD; Rep. Ann Wagner",Request to cosponsor Gibraltar resolution in the 118th Congress,no,sources/2026-10-03_fara_3718-Supplemental-Statement-20231002-41.pdf,25,yes (text layer; parsed by column position),Email,Ann Wagner (MO),
F199,3718,Holland & Knight LLP,Government of Gibraltar (British Overseas Territory),2023-04-14,"Cesar Gonzalez, COS; Gisselle Reynolds, LD; Rep. Mario Diaz-Balart",Request to cosponsor Gibraltar resolution in the 118th Congress,no,sources/2026-10-03_fara_3718-Supplemental-Statement-20231002-41.pdf,25,yes (text layer; parsed by column position),Email,,
F200,3718,Holland & Knight LLP,Government of Gibraltar (British Overseas Territory),2023-04-14,"Rebecca Keightly, COS; Michael Mackay, National Security Advisor; Rep. Ken Calvert",Request to cosponsor Gibraltar resolution in the 118th Congress,no,sources/2026-10-03_fara_3718-Supplemental-Statement-20231002-41.pdf,25,yes (text layer; parsed by column position),Email,,
F201,3718,Holland & Knight LLP,Government of Gibraltar (British Overseas Territory),2023-04-14,"Patrick Hester, COS; James Robertson, LD; Rep. Elise Stefanick",Request to cosponsor Gibraltar resolution in the 118th Congress,no,sources/2026-10-03_fara_3718-Supplemental-Statement-20231002-41.pdf,25,yes (text layer; parsed by column position),Email,,
F202,3718,Holland & Knight LLP,Government of Gibraltar (British Overseas Territory),2023-04-14,"Nicole Wallace, COS; Sarah Cannon, LD; Rep. Mike Simpson",Request to cosponsor Gibraltar resolution in the 118th Congress,no,sources/2026-10-03_fara_3718-Supplemental-Statement-20231002-41.pdf,25,yes (text layer; parsed by column position),Email,,
F203,3718,Holland & Knight LLP,Government of Gibraltar (British Overseas Territory),2023-04-14,"Anna McCormack, COS; Bubba White, LD; Rep. David Rouzer",Request to cosponsor Gibraltar resolution in the 118th Congress,no,sources/2026-10-03_fara_3718-Supplemental-Statement-20231002-41.pdf,25,yes (text layer; parsed by column position),Email,David Rouzer (NC),
F204,3718,Holland & Knight LLP,Government of Gibraltar (British Overseas Territory),2023-04-14,"Leafaina Yahn, COS; Richard Stanton, LD; Del. Aumua Amata Coleman Radewagen",Request to cosponsor Gibraltar resolution in the 118th Congress,no,sources/2026-10-03_fara_3718-Supplemental-Statement-20231002-41.pdf,25,yes (text layer; parsed by column position),Email,Aumua Amata Radewagen (AS),
F205,3718,Holland & Knight LLP,Government of Gibraltar (British Overseas Territory),2023-04-14,"Brooke Bennett; COS; Dylan Frost, LD; Rep. French Hill",Request to cosponsor Gibraltar resolution in the 118th Congress,no,sources/2026-10-03_fara_3718-Supplemental-Statement-20231002-41.pdf,25,yes (text layer; parsed by column position),Email,,
F206,3718,Holland & Knight LLP,Government of Gibraltar (British Overseas Territory),2023-04-14,"James Langenderfer, COS; Libby Tidwell, LD; Rep. Brian Mast",Request to cosponsor Gibraltar resolution in the 118th Congress,no,sources/2026-10-03_fara_3718-Supplemental-Statement-20231002-41.pdf,25,yes (text layer; parsed by column position),Email,,
F207,3718,Holland & Knight LLP,Government of Gibraltar (British Overseas Territory),2023-04-14,"Matt McLaughlin, LA, Rep. Connolly",Communication regarding Resolution,no,sources/2026-10-03_fara_3718-Supplemental-Statement-20231002-41.pdf,25,yes (text layer; parsed by column position),Email,,
F208,3718,Holland & Knight LLP,Government of Gibraltar (British Overseas Territory),2023-04-14,"Neil McKiernan COS, LD Maria Costigan, LA Sean Falvey, Rep. Courtney",Communication regarding Resolution,no,sources/2026-10-03_fara_3718-Supplemental-Statement-20231002-41.pdf,25,yes (text layer; parsed by column position),Email,Joe Courtney (CT),
F209,3718,Holland & Knight LLP,Government of Gibraltar (British Overseas Territory),2023-04-14,"Todd Sloves, COS, Bill Suety, Rep. Norcross",Communication regarding Resolution,no,sources/2026-10-03_fara_3718-Supplemental-Statement-20231002-41.pdf,25,yes (text layer; parsed by column position),Email,Donald Norcross (NJ),
F210,3718,Holland & Knight LLP,Government of Gibraltar (British Overseas Territory),2023-04-14,"Andrew Wright, COS, Ben Donovan, LA, Rep. Kilmer",Communication regarding Resolution,no,sources/2026-10-03_fara_3718-Supplemental-Statement-20231002-41.pdf,25,yes (text layer; parsed by column position),Email,Derek Kilmer (WA),
F211,3718,Holland & Knight LLP,Government of Gibraltar (British Overseas Territory),2023-04-14,"Tim Costa, COS; Will Smethers, LD, Rep. Dan Meuser",Request to cosponsor Gibraltar resolution in the 118th Congress,no,sources/2026-10-03_fara_3718-Supplemental-Statement-20231002-41.pdf,26,yes (text layer; parsed by column position),Email,,
F212,3718,Holland & Knight LLP,Government of Gibraltar (British Overseas Territory),2023-04-17,"Andrea Grace, COS; James McNamee, LD; Rep. Mike Lawler",Request to cosponsor Gibraltar resolution in the 118th Congress,no,sources/2026-10-03_fara_3718-Supplemental-Statement-20231002-41.pdf,26,yes (text layer; parsed by column position),Email,Michael Lawler (NY),
F213,3718,Holland & Knight LLP,Government of Gibraltar (British Overseas Territory),2023-04-17,"Phillip Singleton, COS, Nathan Barker, LD, Rep. Richard McCormack",Request to cosponsor Gibraltar resolution in the 118th Congress,no,sources/2026-10-03_fara_3718-Supplemental-Statement-20231002-41.pdf,26,yes (text layer; parsed by column position),Email,Richard McCormick (GA),
F214,3718,Holland & Knight LLP,Government of Gibraltar (British Overseas Territory),2023-04-17,"Joshua Bradley, COS; Delayne Hyatt, LD, Rep. Nathaniel Moran",Request to cosponsor Gibraltar resolution in the 118th Congress,no,sources/2026-10-03_fara_3718-Supplemental-Statement-20231002-41.pdf,26,yes (text layer; parsed by column position),Email,,
F215,3718,Holland & Knight LLP,Government of Gibraltar (British Overseas Territory),2023-04-17,"Jackson Gross, COS; Arian Beckwith, LD; Luis Reyes, MLA; Rep. John James",Request to cosponsor Gibraltar resolution in the 118th Congress,no,sources/2026-10-03_fara_3718-Supplemental-Statement-20231002-41.pdf,26,yes (text layer; parsed by column position),Email,,
F216,3718,Holland & Knight LLP,Government of Gibraltar (British Overseas Territory),2023-04-17,"Hillary Parkinson, COS: Bradford Decker, LD; Rep. Keith Self",Request to cosponsor Gibraltar resolution in the 118th Congress,no,sources/2026-10-03_fara_3718-Supplemental-Statement-20231002-41.pdf,26,yes (text layer; parsed by column position),Email,Keith Self (TX),
F217,3718,Holland & Knight LLP,Government of Gibraltar (British Overseas Territory),2023-04-17,"Adam Hewitt, COS; Connor White, LD; Adelina Allegretti, Sr. LA; Rep. Warren Davidson",Request to cosponsor Gibraltar resolution in the 118th Congress,no,sources/2026-10-03_fara_3718-Supplemental-Statement-20231002-41.pdf,26,yes (text layer; parsed by column position),Email,,
F218,3718,Holland & Knight LLP,Government of Gibraltar (British Overseas Territory),2023-04-17,"Dale Anderson, COS; Will Sacripanti, LD; Bryn Woollacott, MLA; Rep. Doug Lamborn",Request to cosponsor Gibraltar resolution in the 118th Congress,no,sources/2026-10-03_fara_3718-Supplemental-Statement-20231002-41.pdf,26,yes (text layer; parsed by column position),Email,,
F219,3718,Holland & Knight LLP,Government of Gibraltar (British Overseas Territory),2023-04-17,"Nick Christensen, COS; Rep. Sam Graves",Request to cosponsor Gibraltar resolution in the 118th Congress,no,sources/2026-10-03_fara_3718-Supplemental-Statement-20231002-41.pdf,26,yes (text layer; parsed by column position),Email,,
F220,3718,Holland & Knight LLP,Government of Gibraltar (British Overseas Territory),2023-04-17,"Richard Vaughn, COS; Tony Iorio, MLA; Rep. Scott DesJarlais",Request to cosponsor Gibraltar resolution in the 118th Congress,no,sources/2026-10-03_fara_3718-Supplemental-Statement-20231002-41.pdf,26,yes (text layer; parsed by column position),Email,,
F221,3718,Holland & Knight LLP,Government of Gibraltar (British Overseas Territory),2023-04-17,"Paul Howell, COS; Abbey Herfurth, LD; Rep. Trent Kelly",Request to cosponsor Gibraltar resolution in the 118th Congress,no,sources/2026-10-03_fara_3718-Supplemental-Statement-20231002-41.pdf,26,yes (text layer; parsed by column position),Email,Trent Kelly (MS),
F222,3718,Holland & Knight LLP,Government of Gibraltar (British Overseas Territory),2023-04-17,"Taylor Andreae, COS; Dan Butler, LD; James Mismash, MLA; Rep. Mike Gallagher",Request to cosponsor Gibraltar resolution in the 118th Congress,no,sources/2026-10-03_fara_3718-Supplemental-Statement-20231002-41.pdf,26,yes (text layer; parsed by column position),Email,Mike Gallagher (WI),
F223,3718,Holland & Knight LLP,Government of Gibraltar (British Overseas Territory),2023-04-17,"David Keller, COS; Lindsay Ratliff, DCOS, James Hitchcock, LD, Adam Lemon, MLA; Rep. Jim Banks",Request to cosponsor Gibraltar resolution in the 118th Congress,no,sources/2026-10-03_fara_3718-Supplemental-Statement-20231002-41.pdf,26,yes (text layer; parsed by column position),Email,,
F224,3718,Holland & Knight LLP,Government of Gibraltar (British Overseas Territory),2023-04-17,"Hayden Haines, COS; Garrett Fultz, LD; Rep. Mike Johnson",Request to cosponsor Gibraltar resolution in the 118th Congress,no,sources/2026-10-03_fara_3718-Supplemental-Statement-20231002-41.pdf,26,yes (text layer; parsed by column position),Email,,
F225,3718,Holland & Knight LLP,Government of Gibraltar (British Overseas Territory),2023-04-17,"Michael Martin, COS; Thomas Dolan, LD; Rep. Mark Alford",Request to cosponsor Gibraltar resolution in the 118th Congress,no,sources/2026-10-03_fara_3718-Supplemental-Statement-20231002-41.pdf,27,yes (text layer; parsed by column position),Email,Mark Alford (MO),
F226,3718,Holland & Knight LLP,Government of Gibraltar (British Overseas Territory),2023-04-17,"Bobby Shringi, COS; Chris Lukas, LA, Del. James Moylan",Request to cosponsor Gibraltar resolution in the 118th Congress,no,sources/2026-10-03_fara_3718-Supplemental-Statement-20231002-41.pdf,27,yes (text layer; parsed by column position),Email,,
F227,3718,Holland & Knight LLP,Government of Gibraltar (British Overseas Territory),2023-04-17,"Nicole Rapanos, COS; Samantha Powe r, MLA; Rep. Nick LaLota",Request to cosponsor Gibraltar resolution in the 118th Congress,no,sources/2026-10-03_fara_3718-Supplemental-Statement-20231002-41.pdf,27,yes (text layer; parsed by column position),Email,,
F228,3718,Holland & Knight LLP,Government of Gibraltar (British Overseas Territory),2023-04-17,"Tyler Edmonds, COS; Katherine Sears, DCOS; Collin Sabine; MLA; Rep. Jen Kiggans",Request to cosponsor Gibraltar resolution in the 118th Congress,no,sources/2026-10-03_fara_3718-Supplemental-Statement-20231002-41.pdf,27,yes (text layer; parsed by column position),Email,Jennifer Kiggans (VA),
F229,3718,Holland & Knight LLP,Government of Gibraltar (British Overseas Territory),2023-04-17,"Chrissi Lee, COS; Charles Truxal, LD, Rep. Morgan Luttrell",Request to cosponsor Gibraltar resolution in the 118th Congress,no,sources/2026-10-03_fara_3718-Supplemental-Statement-20231002-41.pdf,27,yes (text layer; parsed by column position),Email,,
F230,3718,Holland & Knight LLP,Government of Gibraltar (British Overseas Territory),2023-04-17,"Daniel Hanlon, COS; Erin Scanlon, MLA; Rep. Nancy Mace",Request to cosponsor Gibraltar resolution in the 118th Congress,no,sources/2026-10-03_fara_3718-Supplemental-Statement-20231002-41.pdf,27,yes (text layer; parsed by column position),Email,Nancy Mace (SC),
F231,3718,Holland & Knight LLP,Government of Gibraltar (British Overseas Territory),2023-04-17,"David Fitzsimmons, COS; Ryan Altman, LD; Rep. Brad Finstad",Request to cosponsor Gibraltar resolution in the 118th Congress,no,sources/2026-10-03_fara_3718-Supplemental-Statement-20231002-41.pdf,27,yes (text layer; parsed by column position),Email,,
F232,3718,Holland & Knight LLP,Government of Gibraltar (British Overseas Territory),2023-04-17,"Nicola Hawatmeh, COS; Erik Kinney, LD; Rep. Lisa McClain",Request to cosponsor Gibraltar resolution in the 118th Congress,no,sources/2026-10-03_fara_3718-Supplemental-Statement-20231002-41.pdf,27,yes (text layer; parsed by column position),Email,,
F233,3718,Holland & Knight LLP,Government of Gibraltar (British Overseas Territory),2023-04-17,"Alex Ferro, COS; Rey Anthony, Foreign Policy Advisor; Rep. Carlos Gimenez",Request to cosponsor Gibraltar resolution in the 118th Congress,no,sources/2026-10-03_fara_3718-Supplemental-Statement-20231002-41.pdf,27,yes (text layer; parsed by column position),Email,Carlos Gimenez (FL),
F234,3718,Holland & Knight LLP,Government of Gibraltar (British Overseas Territory),2023-04-17,"Payne Griffin, COS; Ashley Satterfield, MLA; Rep. Dale Strong",Request to cosponsor Gibraltar resolution in the 118th Congress,no,sources/2026-10-03_fara_3718-Supplemental-Statement-20231002-41.pdf,27,yes (text layer; parsed by column position),Email,,
F235,3718,Holland & Knight LLP,Government of Gibraltar (British Overseas Territory),2023-04-17,Samuel Cloud; Rep. Richard Hudson,Request to cosponsor Gibraltar resolution in the 118th Congress,no,sources/2026-10-03_fara_3718-Supplemental-Statement-20231002-41.pdf,27,yes (text layer; parsed by column position),Email,,
F236,3718,Holland & Knight LLP,Government of Gibraltar (British Overseas Territory),2023-04-17,"Larry Calhoun, COS; Joshua Woodward, LD; Rep. Kat Cammack",Request to cosponsor Gibraltar resolution in the 118th Congress,no,sources/2026-10-03_fara_3718-Supplemental-Statement-20231002-41.pdf,27,yes (text layer; parsed by column position),Email,,
F237,3718,Holland & Knight LLP,Government of Gibraltar (British Overseas Territory),2023-04-17,"Tom Moran, COS; Joshua Duncan, LD; Rep. Maria Elvira Salazar",Request to cosponsor Gibraltar resolution in the 118th Congress,no,sources/2026-10-03_fara_3718-Supplemental-Statement-20231002-41.pdf,27,yes (text layer; parsed by column position),Email,Maria Salazar (FL),
F238,3718,Holland & Knight LLP,Government of Gibraltar (British Overseas Territory),2023-04-17,"Veronica Wong, COS; Amy Surber, Sr. Policy Advisor; Rep. Darrrell Issa",Request to cosponsor Gibraltar resolution in the 118th Congress,no,sources/2026-10-03_fara_3718-Supplemental-Statement-20231002-41.pdf,27,yes (text layer; parsed by column position),Email,,
F239,3718,Holland & Knight LLP,Government of Gibraltar (British Overseas Territory),2023-04-17,"Zachary Mendelovici, COS; Keifer Wynn, LD; Rep. Ken Buck",Request to cosponsor Gibraltar resolution in the 118th Congress,no,sources/2026-10-03_fara_3718-Supplemental-Statement-20231002-41.pdf,27,yes (text layer; parsed by column position),Email,,
F240,3718,Holland & Knight LLP,Government of Gibraltar (British Overseas Territory),2023-04-17,"Michael Grider, COS; Kelsey Wolfgram, LD; Rep. Tim Burchett",Request to cosponsor Gibraltar resolution in the 118th Congress,no,sources/2026-10-03_fara_3718-Supplemental-Statement-20231002-41.pdf,28,yes (text layer; parsed by column position),Email,,
F241,3718,Holland & Knight LLP,Government of Gibraltar (British Overseas Territory),2023-04-17,"Stephen Siao, COS; Jay Kronzer, DCOS, Collin Miller, LD; Rep. Mark Green",Request to cosponsor Gibraltar resolution in the 118th Congress,no,sources/2026-10-03_fara_3718-Supplemental-Statement-20231002-41.pdf,28,yes (text layer; parsed by column position),Email,,
F242,3718,Holland & Knight LLP,Government of Gibraltar (British Overseas Territory),2023-04-17,"Mary Rosado, COS; Hunt VanderToll, LD; Rep. Andy Barr",Request to cosponsor Gibraltar resolution in the 118th Congress,no,sources/2026-10-03_fara_3718-Supplemental-Statement-20231002-41.pdf,28,yes (text layer; parsed by column position),Email,,
F243,3718,Holland & Knight LLP,Government of Gibraltar (British Overseas Territory),2023-04-17,"Patrick Mocete, COS; Sebastian Wigley, LA; Rep. Young Kim",Request to cosponsor Gibraltar resolution in the 118th Congress,no,sources/2026-10-03_fara_3718-Supplemental-Statement-20231002-41.pdf,28,yes (text layer; parsed by column position),Email,Young Kim (CA),
F244,3718,Holland & Knight LLP,Government of Gibraltar (British Overseas Territory),2023-04-17,"Todd Whiteman, COS; Remy Fortin, LD; Rep. Bill Huizenga",Request to cosponsor Gibraltar resolution in the 118th Congress,no,sources/2026-10-03_fara_3718-Supplemental-Statement-20231002-41.pdf,28,yes (text layer; parsed by column position),Email,Bill Huizenga (MI),
F245,3718,Holland & Knight LLP,Government of Gibraltar (British Overseas Territory),2023-04-17,"Kyle Johnson, COS; Tanner Brown, LA, Rep. Jim Baird",Request to cosponsor Gibraltar resolution in the 118th Congress,no,sources/2026-10-03_fara_3718-Supplemental-Statement-20231002-41.pdf,28,yes (text layer; parsed by column position),Email,James Baird (IN),
F246,3718,Holland & Knight LLP,Government of Gibraltar (British Overseas Territory),2023-04-17,"Danielle Stewart, COS; Christopher Hall, LD; Rep. Tom Kean",Request to cosponsor Gibraltar resolution in the 118th Congress,no,sources/2026-10-03_fara_3718-Supplemental-Statement-20231002-41.pdf,28,yes (text layer; parsed by column position),Email,Thomas Kean (NJ),
F247,3718,Holland & Knight LLP,Government of Gibraltar (British Overseas Territory),2023-04-18,"Jed Ober, COS, Rep. Wild",Communication regarding Resolution,no,sources/2026-10-03_fara_3718-Supplemental-Statement-20231002-41.pdf,28,yes (text layer; parsed by column position),Email,,
F248,3718,Holland & Knight LLP,Government of Gibraltar (British Overseas Territory),2023-04-18,"Laie Morrison, COS, Rep. Moskowitz",Communication regarding Resolution,no,sources/2026-10-03_fara_3718-Supplemental-Statement-20231002-41.pdf,28,yes (text layer; parsed by column position),Email,,
F249,3718,Holland & Knight LLP,Government of Gibraltar (British Overseas Territory),2023-04-18,"Naomie Pierre Louis, COS, LeTreshia Hamilton, LA, Rep. Cherfilus McCormick",Communication regarding Resolution,no,sources/2026-10-03_fara_3718-Supplemental-Statement-20231002-41.pdf,28,yes (text layer; parsed by column position),Email,,
F250,3718,Holland & Knight LLP,Government of Gibraltar (British Overseas Territory),2023-04-18,"Matt Fery, COS, Rep. Higgins",Communication regarding Resolution,no,sources/2026-10-03_fara_3718-Supplemental-Statement-20231002-41.pdf,28,yes (text layer; parsed by column position),Email,,
F251,3718,Holland & Knight LLP,Government of Gibraltar (British Overseas Territory),2023-04-18,"Chad Obermiller, COS, Emma Bruce, LA, House Foreign Affairs",Communication regarding Resolution,no,sources/2026-10-03_fara_3718-Supplemental-Statement-20231002-41.pdf,28,yes (text layer; parsed by column position),Email,,
F252,3718,Holland & Knight LLP,Government of Gibraltar (British Overseas Territory),2023-04-18,"Tim Barnes, COS Rep. Boyle",Communication regarding Resolution,no,sources/2026-10-03_fara_3718-Supplemental-Statement-20231002-41.pdf,28,yes (text layer; parsed by column position),Email,,
F253,3718,Holland & Knight LLP,Government of Gibraltar (British Overseas Territory),2023-04-18,"Phil Bednarczyk, Senior Staff, House Foreign Affairs",Communication regarding Resolution,no,sources/2026-10-03_fara_3718-Supplemental-Statement-20231002-41.pdf,28,yes (text layer; parsed by column position),Email,,
F254,3718,Holland & Knight LLP,Government of Gibraltar (British Overseas Territory),2023-04-18,"Alex Ball, COS, Rep. Sherrill",Communication regarding Resolution,no,sources/2026-10-03_fara_3718-Supplemental-Statement-20231002-41.pdf,28,yes (text layer; parsed by column position),Email,Mikie Sherrill (NJ),
F255,3718,Holland & Knight LLP,Government of Gibraltar (British Overseas Territory),2023-04-18,"Carlos Colleen, COS, Rep. Dean",Communication regarding Resolution,no,sources/2026-10-03_fara_3718-Supplemental-Statement-20231002-41.pdf,28,yes (text layer; parsed by column position),Email,,
F256,3718,Holland & Knight LLP,Government of Gibraltar (British Overseas Territory),2023-04-20,"Sarah Curtis, COS, Rep. Manning",Communication regarding Resolution,no,sources/2026-10-03_fara_3718-Supplemental-Statement-20231002-41.pdf,29,yes (text layer; parsed by column position),Email,,
F257,3718,Holland & Knight LLP,Government of Gibraltar (British Overseas Territory),2023-04-20,"Shira Siegel, COS, Rep. Crow",Communication regarding Resolution,no,sources/2026-10-03_fara_3718-Supplemental-Statement-20231002-41.pdf,29,yes (text layer; parsed by column position),Email,Jason Crow (CO),
F258,3718,Holland & Knight LLP,Government of Gibraltar (British Overseas Territory),2023-04-20,"Garrett Donovan, COS, Rep. Keating",Communication regarding Resolution,no,sources/2026-10-03_fara_3718-Supplemental-Statement-20231002-41.pdf,29,yes (text layer; parsed by column position),Email,William Keating (MA),
F259,3718,Holland & Knight LLP,Government of Gibraltar (British Overseas Territory),2023-04-20,"Michelle Dorothy, COS, Kat Cosgrove, LD, Rep. Houlihan",Communication regarding Resolution,no,sources/2026-10-03_fara_3718-Supplemental-Statement-20231002-41.pdf,29,yes (text layer; parsed by column position),Email,,
F260,3718,Holland & Knight LLP,Government of Gibraltar (British Overseas Territory),2023-04-20,"Tim Bertocci, Rep. Phillips",Communication regarding Resolution,no,sources/2026-10-03_fara_3718-Supplemental-Statement-20231002-41.pdf,29,yes (text layer; parsed by column position),Email,,
F261,3718,Holland & Knight LLP,Government of Gibraltar (British Overseas Territory),2023-04-20,"Paige Hutchinson, COS, Whitley O'Neal, LA, Rep. Allred",Communication regarding Resolution,no,sources/2026-10-03_fara_3718-Supplemental-Statement-20231002-41.pdf,29,yes (text layer; parsed by column position),Email,,
F262,3718,Holland & Knight LLP,Government of Gibraltar (British Overseas Territory),2023-04-20,"Jay Gertsema, COS, Colin Driscoll, LA, Rep. Titus",Communication regarding Resolution,no,sources/2026-10-03_fara_3718-Supplemental-Statement-20231002-41.pdf,29,yes (text layer; parsed by column position),Email,,
F263,3718,Holland & Knight LLP,Government of Gibraltar (British Overseas Territory),2023-04-20,"Garrett Donovan, COS, Rep. Keating",Communication regarding Resolution,no,sources/2026-10-03_fara_3718-Supplemental-Statement-20231002-41.pdf,29,yes (text layer; parsed by column position),Email,William Keating (MA),
F264,3718,Holland & Knight LLP,Government of Gibraltar (British Overseas Territory),2023-04-20,"Sarah Curtis, COS, Rep. Manning",Communication regarding Resolution,no,sources/2026-10-03_fara_3718-Supplemental-Statement-20231002-41.pdf,29,yes (text layer; parsed by column position),Email,,
F265,3718,Holland & Knight LLP,Government of Gibraltar (British Overseas Territory),2023-04-20,"Jay Gertsema, COS, Colin Driscoll, LA, Rep. Titus",Communication regarding Resolution,no,sources/2026-10-03_fara_3718-Supplemental-Statement-20231002-41.pdf,29,yes (text layer; parsed by column position),Email,,
F266,3718,Holland & Knight LLP,Government of Gibraltar (British Overseas Territory),2023-04-21,"Patrick Flood, MLA, Rep. Bacon",Cosponsors for Gibraltar Resolution,no,sources/2026-10-03_fara_3718-Supplemental-Statement-20231002-41.pdf,29,yes (text layer; parsed by column position),Email,,
F267,3718,Holland & Knight LLP,Government of Gibraltar (British Overseas Territory),2023-04-25,"Tyler Edmonds, COS; Rep. Jen Kiggans",Meeting request for Gibraltar Deputy Chief Minister with Member of Congress,no,sources/2026-10-03_fara_3718-Supplemental-Statement-20231002-41.pdf,29,yes (text layer; parsed by column position),Meeting,Jennifer Kiggans (VA),
F268,3718,Holland & Knight LLP,Government of Gibraltar (British Overseas Territory),2023-04-26,"Laie Morrison, COS, Rep. Moskowitz",Communication regarding Resolution,no,sources/2026-10-03_fara_3718-Supplemental-Statement-20231002-41.pdf,29,yes (text layer; parsed by column position),Email,,
F269,3718,Holland & Knight LLP,Government of Gibraltar (British Overseas Territory),2023-04-26,"Todd Sloves, COS, Bill Suety, Rep. Norcross",Communication regarding Resolution,no,sources/2026-10-03_fara_3718-Supplemental-Statement-20231002-41.pdf,29,yes (text layer; parsed by column position),Email,Donald Norcross (NJ),
F270,3718,Holland & Knight LLP,Government of Gibraltar (British Overseas Territory),2023-04-26,"Patrick Hester, COS; Jim Robertson, LD; Rep. Elise Stefanik",Request to cosponsor Gibraltar resolution in the 118th Congress,no,sources/2026-10-03_fara_3718-Supplemental-Statement-20231002-41.pdf,29,yes (text layer; parsed by column position),Email,,
F271,3718,Holland & Knight LLP,Government of Gibraltar (British Overseas Territory),2023-04-26,"Del Aumua Amata Coleman Radewagen; Leafaina Yahn, COS; Richard Stanton, LD; Del Aumua Amata Coleman Radewagen",Request to cosponsor Gibraltar resolution in the 118th Congress,no,sources/2026-10-03_fara_3718-Supplemental-Statement-20231002-41.pdf,29,yes (text layer; parsed by column position),Email,Aumua Amata Radewagen (AS),
F272,3718,Holland & Knight LLP,Government of Gibraltar (British Overseas Territory),2023-04-26,"Hector Arguello, LD; Micah Ketchell, COS; Rep. Michael Waltz",Request to cosponsor Gibraltar resolution in the 118th Congress,no,sources/2026-10-03_fara_3718-Supplemental-Statement-20231002-41.pdf,30,yes (text layer; parsed by column position),Email,Michael Waltz (FL),
F273,3718,Holland & Knight LLP,Government of Gibraltar (British Overseas Territory),2023-04-26,"Matt Meyer, COS; Hilary Pinegar, LD; Rep. Jason Smith",Request to cosponsor Gibraltar resolution in the 118th Congress,no,sources/2026-10-03_fara_3718-Supplemental-Statement-20231002-41.pdf,30,yes (text layer; parsed by column position),Email,,
F274,3718,Holland & Knight LLP,Government of Gibraltar (British Overseas Territory),2023-04-26,"James Langenderfer, COS; Libby Tidwell, LD; Rep. Brian Mast",Request to cosponsor Gibraltar resolution in the 118th Congress,no,sources/2026-10-03_fara_3718-Supplemental-Statement-20231002-41.pdf,30,yes (text layer; parsed by column position),Email,,
F275,3718,Holland & Knight LLP,Government of Gibraltar (British Overseas Territory),2023-04-26,"Samuel Cloud, LA; Elliott Guffin, COS; Alex Stepahin, LD; Rep. Richard Hudson",Request to cosponsor Gibraltar resolution in the 118th Congress,no,sources/2026-10-03_fara_3718-Supplemental-Statement-20231002-41.pdf,30,yes (text layer; parsed by column position),Email,,
F276,3718,Holland & Knight LLP,Government of Gibraltar (British Overseas Territory),2023-04-26,"Brooke Bennett, COS; Dylan Frost, LD; Rep. French Hill",Request to cosponsor Gibraltar resolution in the 118th Congress,no,sources/2026-10-03_fara_3718-Supplemental-Statement-20231002-41.pdf,30,yes (text layer; parsed by column position),Email,,
F277,3718,Holland & Knight LLP,Government of Gibraltar (British Overseas Territory),2023-04-26,"Michael Lowry, COS; Megan Medley, LD; Rep. Robert AderhoIt",Request to cosponsor Gibraltar resolution in the 118th Congress,no,sources/2026-10-03_fara_3718-Supplemental-Statement-20231002-41.pdf,30,yes (text layer; parsed by column position),Email,,
F278,3718,Holland & Knight LLP,Government of Gibraltar (British Overseas Territory),2023-04-26,"Cesar Gonzalez, COS; Gisselle Reynolds, LD; Rep. Mario Diaz-Balart",Request to cosponsor Gibraltar resolution in the 118th Congress,no,sources/2026-10-03_fara_3718-Supplemental-Statement-20231002-41.pdf,30,yes (text layer; parsed by column position),Email,,
F279,3718,Holland & Knight LLP,Government of Gibraltar (British Overseas Territory),2023-04-26,"Liz Hittos, COS; Rep. Gus Bilirakis",Request to cosponsor Gibraltar resolution in the 118th Congress,no,sources/2026-10-03_fara_3718-Supplemental-Statement-20231002-41.pdf,30,yes (text layer; parsed by column position),Email,,
F280,3718,Holland & Knight LLP,Government of Gibraltar (British Overseas Territory),2023-04-26,"Rebecca Keightley, COS; Michael MacKay, National Security Advisor; Rep. Ken Calvert",Request to cosponsor Gibraltar resolution in the 118th Congress,no,sources/2026-10-03_fara_3718-Supplemental-Statement-20231002-41.pdf,30,yes (text layer; parsed by column position),Email,,
F281,3718,Holland & Knight LLP,Government of Gibraltar (British Overseas Territory),2023-04-26,"Derron Bennett, Rep. Frederica Wilson",Communication regarding Resolution,no,sources/2026-10-03_fara_3718-Supplemental-Statement-20231002-41.pdf,30,yes (text layer; parsed by column position),Email,,
F282,3718,Holland & Knight LLP,Government of Gibraltar (British Overseas Territory),2023-04-27,"Matt McLaughlin, LA, Rep. Connolly",Communication regarding Resolution,no,sources/2026-10-03_fara_3718-Supplemental-Statement-20231002-41.pdf,30,yes (text layer; parsed by column position),Email,,
F283,3718,Holland & Knight LLP,Government of Gibraltar (British Overseas Territory),2023-04-28,"Chris Del Beccaro, COS; Brianna Garcia, Scheduler; Rep. Michael McCaul. Brendan Shields, Staff Director, House Committee on Foreign Affairs",Meeting request for Gibraltar Deputy Chief Minister with Member of Congress,no,sources/2026-10-03_fara_3718-Supplemental-Statement-20231002-41.pdf,30,yes (text layer; parsed by column position),Email,Michael McCaul (TX),
F284,3718,Holland & Knight LLP,Government of Gibraltar (British Overseas Territory),2023-04-28,"Carolyn King, COS; Nicolle Miranda, Dir. Of Operations; Rep. Rob Wittman",Meeting request for Gibraltar Deputy Chief Minister with Member of Congress,no,sources/2026-10-03_fara_3718-Supplemental-Statement-20231002-41.pdf,30,yes (text layer; parsed by column position),Email,Robert Wittman (VA),
F285,3718,Holland & Knight LLP,Government of Gibraltar (British Overseas Territory),2023-04-28,"Joshua Woodward, LA; Larry Calhoun, COS; Christina Lassiter, LA; Rep. Kat Cammack",Request to cosponsor Gibraltar resolution in the 118th Congress,no,sources/2026-10-03_fara_3718-Supplemental-Statement-20231002-41.pdf,31,yes (text layer; parsed by column position),Email,,
F286,3718,Holland & Knight LLP,Government of Gibraltar (British Overseas Territory),2023-04-28,"Brooke Bennett, COS; Susan Muller, Scheduler; Rep. French Hill",Meeting request for Gibraltar Deputy Chief Minister with Member of Congress,no,sources/2026-10-03_fara_3718-Supplemental-Statement-20231002-41.pdf,31,yes (text layer; parsed by column position),Email,,
F287,3718,Holland & Knight LLP,Government of Gibraltar (British Overseas Territory),2023-04-28,"Charlie Keller, COS; Emily Ann Smith; Scheduler; Rep. Ann Wagner",Meeting request for Gibraltar Deputy Chief Minister with Member of Congress,no,sources/2026-10-03_fara_3718-Supplemental-Statement-20231002-41.pdf,31,yes (text layer; parsed by column position),Email,Ann Wagner (MO),
F288,3718,Holland & Knight LLP,Government of Gibraltar (British Overseas Territory),2023-04-28,"Mary Noonan, COS; Kathryn Latona, Scheduler; Rep. Chris Smith",Meeting request for Gibraltar Deputy Chief Minister with Member of Congress,no,sources/2026-10-03_fara_3718-Supplemental-Statement-20231002-41.pdf,31,yes (text layer; parsed by column position),Email,,
F289,3718,Holland & Knight LLP,Government of Gibraltar (British Overseas Territory),2023-04-28,"Danielle Stewart, COS; Rep. Tom Kean, Jr.",Meeting request for Gibraltar Deputy Chief Minister with Member of Congress,no,sources/2026-10-03_fara_3718-Supplemental-Statement-20231002-41.pdf,31,yes (text layer; parsed by column position),Email,Thomas Kean (NJ),
F290,3718,Holland & Knight LLP,Government of Gibraltar (British Overseas Territory),2023-04-28,"Veronica Wong, COS; Sally Lindsay, Scheduler; Rep. Darrell Issa",Meeting request for Gibraltar Deputy Chief Minister with Member of Congress,no,sources/2026-10-03_fara_3718-Supplemental-Statement-20231002-41.pdf,31,yes (text layer; parsed by column position),Email,,
F291,3718,Holland & Knight LLP,Government of Gibraltar (British Overseas Territory),2023-04-28,"Dale Anderson, COS; Claire Bossong, Scheduler; Rep. Doug Lamborn",Meeting request for Gibraltar Deputy Chief Minister with Member of Congress,no,sources/2026-10-03_fara_3718-Supplemental-Statement-20231002-41.pdf,31,yes (text layer; parsed by column position),Email,,
F292,3718,Holland & Knight LLP,Government of Gibraltar (British Overseas Territory),2023-04-28,"Paul Howell, COS; Stewart Samples, Scheduler; Rep. Trent Kelly",Meeting request for Gibraltar Deputy Chief Minister with Member of Congress,no,sources/2026-10-03_fara_3718-Supplemental-Statement-20231002-41.pdf,31,yes (text layer; parsed by column position),Email,Trent Kelly (MS),
F293,3718,Holland & Knight LLP,Government of Gibraltar (British Overseas Territory),2023-04-28,"Leafaina Yahn, COS; Nancy Dehlinger, Scheduler; Del. Amata Radewagen",Meeting request for Gibraltar Deputy Chief Minister with Member of Congress,no,sources/2026-10-03_fara_3718-Supplemental-Statement-20231002-41.pdf,31,yes (text layer; parsed by column position),Email,Aumua Amata Radewagen (AS),
F294,3718,Holland & Knight LLP,Government of Gibraltar (British Overseas Territory),2023-04-28,"Tayler Andreae, COS; Alexandra Moyer, Scheduler; Rep. Mike Gallagher",Meeting request for Gibraltar Deputy Chief Minister with Member of Congress,no,sources/2026-10-03_fara_3718-Supplemental-Statement-20231002-41.pdf,31,yes (text layer; parsed by column position),Email,Mike Gallagher (WI),
F295,3718,Holland & Knight LLP,Government of Gibraltar (British Overseas Territory),2023-04-28,Meeting request for Gibraltar Deputy Chief Minister with Member of Congress,Meeting request for Gibraltar Deputy Chief Minister with Member of Congress,no,sources/2026-10-03_fara_3718-Supplemental-Statement-20231002-41.pdf,31,yes (text layer; parsed by column position),Email,,
F296,3718,Holland & Knight LLP,Government of Gibraltar (British Overseas Territory),2023-04-28,"Daniel Hanlon, COS; Richard.Chaikey, Scheduler; Rep. Nancy Mace",Meeting request for Gibraltar Deputy Chief Minister with Member of Congress,no,sources/2026-10-03_fara_3718-Supplemental-Statement-20231002-41.pdf,31,yes (text layer; parsed by column position),Email,Nancy Mace (SC),
F297,3718,Holland & Knight LLP,Government of Gibraltar (British Overseas Territory),2023-04-28,"David Fitzsimmons, COS; Ashlyn Kammerlocher, Scheduler; Rep. Brad Finstad",Meeting request for Gibraltar Deputy Chief Minister with Member of Congress,no,sources/2026-10-03_fara_3718-Supplemental-Statement-20231002-41.pdf,31,yes (text layer; parsed by column position),Email,,
F298,3718,Holland & Knight LLP,Government of Gibraltar (British Overseas Territory),2023-04-28,"Nicole Rapanos, COS; Noah Pancure, Scheduler; Rep. Nick LaLota",Meeting request for Gibraltar Deputy Chief Minister with Member of Congress,no,sources/2026-10-03_fara_3718-Supplemental-Statement-20231002-41.pdf,32,yes (text layer; parsed by column position),Email,,
F299,3718,Holland & Knight LLP,Government of Gibraltar (British Overseas Territory),2023-05-01,"Neil McKiernan COS, LD Maria Costigan, LA Sean Falvey, Rep. Courtney",Communication regarding Resolution,no,sources/2026-10-03_fara_3718-Supplemental-Statement-20231002-41.pdf,32,yes (text layer; parsed by column position),Email,Joe Courtney (CT),
F300,3718,Holland & Knight LLP,Government of Gibraltar (British Overseas Territory),2023-05-01,"Alice Johnson, COS; Zach Roberts, LD; James Dolbow, MLA; Rep. Austin Scott",Request to cosponsor Gibraltar resolution in the 118th Congress,no,sources/2026-10-03_fara_3718-Supplemental-Statement-20231002-41.pdf,32,yes (text layer; parsed by column position),Email,,
F301,3718,Holland & Knight LLP,Government of Gibraltar (British Overseas Territory),2023-05-01,"Michael Lowry, COS; Megan Medley, LD; Leah Stephenson, Scheduler; Laura Titus, Sr. LA; Rep. Robert Aderholt",Meeting request for Gibraltar Deputy Chief Minister with Member of Congress,no,sources/2026-10-03_fara_3718-Supplemental-Statement-20231002-41.pdf,32,yes (text layer; parsed by column position),Email,,
F302,3718,Holland & Knight LLP,Government of Gibraltar (British Overseas Territory),2023-05-01,"Adam Hewitt, COS; Genevieve Harding, Scheduler; Rep. Warren Davidson",Meeting request for Gibraltar Deputy Chief Minister with Member of Congress,no,sources/2026-10-03_fara_3718-Supplemental-Statement-20231002-41.pdf,32,yes (text layer; parsed by column position),Email,,
F303,3718,Holland & Knight LLP,Government of Gibraltar (British Overseas Territory),2023-05-01,"Andrea Grace, COS; Ashley Phillips, Dir. Of Operations; Courtney Kaufman, LA; Rep. Michael Lawler",Meeting request for Gibraltar Deputy Chief Minister with Member of Congress,no,sources/2026-10-03_fara_3718-Supplemental-Statement-20231002-41.pdf,32,yes (text layer; parsed by column position),Email,Michael Lawler (NY),
F304,3718,Holland & Knight LLP,Government of Gibraltar (British Overseas Territory),2023-05-01,"Kyle Johnson, COS; Alyssa Jennings, Scheduler; Rep. Jim Baird",Meeting request for Gibraltar Deputy Chief Minister with Member of Congress,no,sources/2026-10-03_fara_3718-Supplemental-Statement-20231002-41.pdf,32,yes (text layer; parsed by column position),Email,James Baird (IN),
F305,3718,Holland & Knight LLP,Government of Gibraltar (British Overseas Territory),2023-05-01,"Stephen Siao, COS; Jay Kronzer; LD, Collin Miller, MLA; Meredith Holland, Scheduler; Rep. Mark Green",Meeting request for Gibraltar Deputy Chief Minister with Member of Congress,no,sources/2026-10-03_fara_3718-Supplemental-Statement-20231002-41.pdf,32,yes (text layer; parsed by column position),Email,,
F306,3718,Holland & Knight LLP,Government of Gibraltar (British Overseas Territory),2023-05-01,"Kevin O'Reilly, COS; Megan Deusenberry, Scheduler; Rep. Laurel Lee",Meeting request for Gibraltar Deputy Chief Minister with Member of Congress,no,sources/2026-10-03_fara_3718-Supplemental-Statement-20231002-41.pdf,32,yes (text layer; parsed by column position),Email,,
F307,3718,Holland & Knight LLP,Government of Gibraltar (British Overseas Territory),2023-05-01,"Deena Tauster, COS; Niko Keddy, Scheduler; Rep. Andrew Garbarino",Meeting request for Gibraltar Deputy Chief Minister with Member of Congress,no,sources/2026-10-03_fara_3718-Supplemental-Statement-20231002-41.pdf,32,yes (text layer; parsed by column position),Email,,
F308,3718,Holland & Knight LLP,Government of Gibraltar (British Overseas Territory),2023-05-01,"Alice Johnson, COS; Alexis Littrell, Scheduler; Rep. Austin Scott",Meeting request for Gibraltar Deputy Chief Minister with Member of Congress,no,sources/2026-10-03_fara_3718-Supplemental-Statement-20231002-41.pdf,32,yes (text layer; parsed by column position),Email,,
F309,3718,Holland & Knight LLP,Government of Gibraltar (British Overseas Territory),2023-05-01,"Bobby Shringi, COS; Maria Bello, Scheduler; Del. James Moylan",Meeting request for Gibraltar Deputy Chief Minister with Member of Congress,no,sources/2026-10-03_fara_3718-Supplemental-Statement-20231002-41.pdf,32,yes (text layer; parsed by column position),Email,,
F310,3718,Holland & Knight LLP,Government of Gibraltar (British Overseas Territory),2023-05-01,"Patrick Flood, MLA, Rep. Bacon",Cosponsors for Gibraltar Resolution,no,sources/2026-10-03_fara_3718-Supplemental-Statement-20231002-41.pdf,33,yes (text layer; parsed by column position),Email,,
F311,3718,Holland & Knight LLP,Government of Gibraltar (British Overseas Territory),2023-05-01,"Brad Solyan, COS, and LA Shir Attias, Rep. Frankel",Communication regarding Resolution,no,sources/2026-10-03_fara_3718-Supplemental-Statement-20231002-41.pdf,33,yes (text layer; parsed by column position),Email,,
F312,3718,Holland & Knight LLP,Government of Gibraltar (British Overseas Territory),2023-05-01,"Walter Gonzalez, Deputy COS, Rep. Ruppersberger",Communication regarding Resolution,no,sources/2026-10-03_fara_3718-Supplemental-Statement-20231002-41.pdf,33,yes (text layer; parsed by column position),Email,,
F313,3718,Holland & Knight LLP,Government of Gibraltar (British Overseas Territory),2023-05-02,"Sarah Curtis, COS, Rep. Manning",Communication regarding Resolution,no,sources/2026-10-03_fara_3718-Supplemental-Statement-20231002-41.pdf,33,yes (text layer; parsed by column position),Email,,
F314,3718,Holland & Knight LLP,Government of Gibraltar (British Overseas Territory),2023-05-02,"Alex Ball, COS, Rep. Sherrill",Communication regarding Resolution,no,sources/2026-10-03_fara_3718-Supplemental-Statement-20231002-41.pdf,33,yes (text layer; parsed by column position),Email,Mikie Sherrill (NJ),
F315,3718,Holland & Knight LLP,Government of Gibraltar (British Overseas Territory),2023-05-02,"Sarah Curtis, COS, Rep. Manning",Communication regarding Resolution,no,sources/2026-10-03_fara_3718-Supplemental-Statement-20231002-41.pdf,33,yes (text layer; parsed by column position),Email,,
F316,3718,Holland & Knight LLP,Government of Gibraltar (British Overseas Territory),2023-05-02,"Derron Bennett, Rep. Frederica Wilson",Communication regarding Resolution,no,sources/2026-10-03_fara_3718-Supplemental-Statement-20231002-41.pdf,33,yes (text layer; parsed by column position),Email,,
F317,3718,Holland & Knight LLP,Government of Gibraltar (British Overseas Territory),2023-05-02,"Jed Ober, COS, Rep. Wild",Communication regarding Resolution,no,sources/2026-10-03_fara_3718-Supplemental-Statement-20231002-41.pdf,33,yes (text layer; parsed by column position),Email,,
F318,3718,Holland & Knight LLP,Government of Gibraltar (British Overseas Territory),2023-05-02,"Walter Gonzalez, Deputy COS, Rep. Ruppersberger",Communication regarding Resolution,no,sources/2026-10-03_fara_3718-Supplemental-Statement-20231002-41.pdf,33,yes (text layer; parsed by column position),Email,,
F319,3718,Holland & Knight LLP,Government of Gibraltar (British Overseas Territory),2023-05-02,"Andrew Wright, COS, Ben Donovan, LA, Rep. Kilmer",Communication regarding Resolution,no,sources/2026-10-03_fara_3718-Supplemental-Statement-20231002-41.pdf,33,yes (text layer; parsed by column position),Email,Derek Kilmer (WA),
F320,3718,Holland & Knight LLP,Government of Gibraltar (British Overseas Territory),2023-05-02,"Phil Bednarczyk, Senior Staff, House Foreign Affairs",Communication regarding Resolution,no,sources/2026-10-03_fara_3718-Supplemental-Statement-20231002-41.pdf,33,yes (text layer; parsed by column position),Email,,
F321,3718,Holland & Knight LLP,Government of Gibraltar (British Overseas Territory),2023-05-05,"Matt McLaughlin, LA, Rep. Connolly",Communication regarding Resolution,no,sources/2026-10-03_fara_3718-Supplemental-Statement-20231002-41.pdf,33,yes (text layer; parsed by column position),Email,,
F322,3718,Holland & Knight LLP,Government of Gibraltar (British Overseas Territory),2023-05-06,"Matt Lee, COS, Rep. Ross",Communication regarding Resolution,no,sources/2026-10-03_fara_3718-Supplemental-Statement-20231002-41.pdf,33,yes (text layer; parsed by column position),Email,,
F323,3718,Holland & Knight LLP,Government of Gibraltar (British Overseas Territory),2023-05-08,"Patrick Flood, MLA, Rep. Bacon",Timing for introduction of Gibraltar resolution and cosponsors,no,sources/2026-10-03_fara_3718-Supplemental-Statement-20231002-41.pdf,33,yes (text layer; parsed by column position),Email,,
F324,3718,Holland & Knight LLP,Government of Gibraltar (British Overseas Territory),2023-05-08,"Matt Lee, COS, Rep. Ross",Communication regarding Resolution,no,sources/2026-10-03_fara_3718-Supplemental-Statement-20231002-41.pdf,33,yes (text layer; parsed by column position),Email,,
F325,3718,Holland & Knight LLP,Government of Gibraltar (British Overseas Territory),2023-05-08,"Brendan Shields, Staff Director, House Foreign Affairs Committee",Meeting request for Gibraltar Deputy Chief Minister,no,sources/2026-10-03_fara_3718-Supplemental-Statement-20231002-41.pdf,33,yes (text layer; parsed by column position),Email,,
F326,3718,Holland & Knight LLP,Government of Gibraltar (British Overseas Territory),2023-05-08,"Andrew Wright, COS, Ben Donovan, LA, Rep. Kilmer",Communication regarding Resolution,no,sources/2026-10-03_fara_3718-Supplemental-Statement-20231002-41.pdf,33,yes (text layer; parsed by column position),Email,Derek Kilmer (WA),
F327,3718,Holland & Knight LLP,Government of Gibraltar (British Overseas Territory),2023-05-12,"Carlos Colleen, COS, Rep. Dean",Communication regarding Resolution,no,sources/2026-10-03_fara_3718-Supplemental-Statement-20231002-41.pdf,33,yes (text layer; parsed by column position),Email,,
F328,3718,Holland & Knight LLP,Government of Gibraltar (British Overseas Territory),2023-05-12,"Anna McCormack, COS, Hilda Harder, Scheduler; Rep. David Rouzer",Meeting request for Gibraltar Deputy Chief Minister with Member of Congress,no,sources/2026-10-03_fara_3718-Supplemental-Statement-20231002-41.pdf,34,yes (text layer; parsed by column position),Email,David Rouzer (NC),
F329,3718,Holland & Knight LLP,Government of Gibraltar (British Overseas Territory),2023-05-12,"Larry Calhoun, COS, Alexander Strizak, Scheduler; Rep. Kat Cammack",Meeting request for Gibraltar Deputy Chief Minister with Member of Congress,no,sources/2026-10-03_fara_3718-Supplemental-Statement-20231002-41.pdf,34,yes (text layer; parsed by column position),Email,,
F330,3718,Holland & Knight LLP,Government of Gibraltar (British Overseas Territory),2023-05-15,"William Crouch, LC; Senator Thom Tillis",Invitation to briefing with Gibraltar Deputy Chief Minister,no,sources/2026-10-03_fara_3718-Supplemental-Statement-20231002-41.pdf,34,yes (text layer; parsed by column position),Email,,
F331,3718,Holland & Knight LLP,Government of Gibraltar (British Overseas Territory),2023-05-15,"Patrick Flood, MLA, Rep. Bacon",Cosponsors for Gibraltar Resolution,no,sources/2026-10-03_fara_3718-Supplemental-Statement-20231002-41.pdf,34,yes (text layer; parsed by column position),Email,,
F332,3718,Holland & Knight LLP,Government of Gibraltar (British Overseas Territory),2023-05-15,"Will Green, Foreign Policy Advisor; Alexander Moree, LA; Senator Marco Rubio",Invitation to briefing with Gibraltar Deputy Chief Minister,no,sources/2026-10-03_fara_3718-Supplemental-Statement-20231002-41.pdf,34,yes (text layer; parsed by column position),Email,,Column re-aligned (method word found inside contact cell by layout parse).
F333,3718,Holland & Knight LLP,Government of Gibraltar (British Overseas Territory),2023-05-15,"Dan Adelstein, National Security Advisor; Jackie Bossman, LA; Senator Mike Rounds",Invitation to briefing with Gibraltar Deputy Chief Minister,no,sources/2026-10-03_fara_3718-Supplemental-Statement-20231002-41.pdf,34,yes (text layer; parsed by column position),Email,,
F334,3718,Holland & Knight LLP,Government of Gibraltar (British Overseas Territory),2023-05-15,"Nolan Mayhew, National Security Advisor; Adam Kozloski, Foreign Policy LA; Lisa Goeas, COS; Senator Joni Ernst",Invitation to briefing with Gibraltar Deputy Chief Minister,no,sources/2026-10-03_fara_3718-Supplemental-Statement-20231002-41.pdf,34,yes (text layer; parsed by column position),Email,,
F335,3718,Holland & Knight LLP,Government of Gibraltar (British Overseas Territory),2023-05-15,"Amber Bland. LD; Tiffany Mortimore, LA, Senator John Barasso",Invitation to briefing with Gibraltar Deputy Chief Minister,no,sources/2026-10-03_fara_3718-Supplemental-Statement-20231002-41.pdf,34,yes (text layer; parsed by column position),Email,,
F336,3718,Holland & Knight LLP,Government of Gibraltar (British Overseas Territory),2023-05-16,"Rep. Brad Finstad. Ryan Altman, LD, Rep. Brad Finstad",Importance of the relationship between Gibraltar and the United States; Explain Gibraltar resolution,no,sources/2026-10-03_fara_3718-Supplemental-Statement-20231002-41.pdf,34,yes (text layer; parsed by column position),Meeting,,
F337,3718,Holland & Knight LLP,Government of Gibraltar (British Overseas Territory),2023-05-16,"Jonathan Day, COS; Megan Amen, Scheduler; Rep. Joe Wilson",Meeting request for Gibraltar Deputy Chief Minister with Member of Congress,no,sources/2026-10-03_fara_3718-Supplemental-Statement-20231002-41.pdf,34,yes (text layer; parsed by column position),Meeting and email,,
F338,3718,Holland & Knight LLP,Government of Gibraltar (British Overseas Territory),2023-05-16,"Hallie Coyne, LA, Rep. Rob Wittman",Importance of the relationship between Gibraltar and the United States; Explain Gibraltar resolution,no,sources/2026-10-03_fara_3718-Supplemental-Statement-20231002-41.pdf,34,yes (text layer; parsed by column position),Meeting,Robert Wittman (VA),
F339,3718,Holland & Knight LLP,Government of Gibraltar (British Overseas Territory),2023-05-16,"Amy English, Foreign Policy Advisor, Senate Foreign Relations; Grace Cason, LA, Sen. Duckworth, Yazeed Abdelhaq, LA, Sen. Schumer",Communication regarding Resolution,no,sources/2026-10-03_fara_3718-Supplemental-Statement-20231002-41.pdf,34,yes (text layer; parsed by column position),Meeting,,
F340,3718,Holland & Knight LLP,Government of Gibraltar (British Overseas Territory),2023-05-16,"Rep. David Rouzer. Bubba White, LD; Rep. David Rouzer",Importance of the relationship between Gibraltar and the United States; Explain Gibraltar resolution,no,sources/2026-10-03_fara_3718-Supplemental-Statement-20231002-41.pdf,35,yes (text layer; parsed by column position),Meeting,David Rouzer (NC),
F341,3718,Holland & Knight LLP,Government of Gibraltar (British Overseas Territory),2023-05-16,Rep. Warren Davidson,Importance of the relationship between Gibraltar and the United States; Explain Gibraltar resolution,no,sources/2026-10-03_fara_3718-Supplemental-Statement-20231002-41.pdf,35,yes (text layer; parsed by column position),Meeting,,
F342,3718,Holland & Knight LLP,Government of Gibraltar (British Overseas Territory),2023-05-17,"Rep. Robert Aderholt. Laura Titus, LA; Hank Wilson, Defense Fellow; Rep. Robert Aderholt",Importance of the relationship between Gibraltar and the United States; Explain Gibraltar resolution,no,sources/2026-10-03_fara_3718-Supplemental-Statement-20231002-41.pdf,35,yes (text layer; parsed by column position),Meeting,,
F343,3718,Holland & Knight LLP,Government of Gibraltar (British Overseas Territory),2023-05-17,"Rep. Robert Aderholt. Laura Titus, LA; Hank Wilson, Defense Fellow; Rep. Robert Aderholt Rep. Laurel Lee; Nick Adams, LD, Rep. Laurel Lee",Importance of the relationship between Gibraltar and the United States; Explain Gibraltar resolution,no,sources/2026-10-03_fara_3718-Supplemental-Statement-20231002-41.pdf,35,yes (text layer; parsed by column position),Meeting,,
F344,3718,Holland & Knight LLP,Government of Gibraltar (British Overseas Territory),2023-05-17,"Del. Aumua Amata Coleman Radewagen. Richard Stanton, LD; Del. Radewagen",Importance of the relationship between Gibraltar and the United States; Post-Brexit developments; Request to cosponsor Gibraltar resolution; United Nations designation of non-self-governing territories.,no,sources/2026-10-03_fara_3718-Supplemental-Statement-20231002-41.pdf,35,yes (text layer; parsed by column position),Meeting,Aumua Amata Radewagen (AS),
F345,3718,Holland & Knight LLP,Government of Gibraltar (British Overseas Territory),2023-05-17,"Rep. Mark Green. Collin Miller, LD; Rep. Mark Green",Importance of the relationship between Gibraltar and the United States; Explain Gibraltar resolution,no,sources/2026-10-03_fara_3718-Supplemental-Statement-20231002-41.pdf,35,yes (text layer; parsed by column position),Meeting,,
F346,3718,Holland & Knight LLP,Government of Gibraltar (British Overseas Territory),2023-05-17,"Rep. Don Bacon; Patrick Flood, MLA; Rep. Don Bacon",Importance of the relationship between Gibraltar and the United States; Explain Gibraltar resolution,no,sources/2026-10-03_fara_3718-Supplemental-Statement-20231002-41.pdf,35,yes (text layer; parsed by column position),Meeting,,
F347,3718,Holland & Knight LLP,Government of Gibraltar (British Overseas Territory),2023-05-17,"Del. James Moylan. Chris Lukas, LA; Del James Moylan",Importance of the relationship between Gibraltar and the United States; Post-Brexit developments; Request to cosponsor Gibraltar resolution; United Nations designation of non-self-governing territories,no,sources/2026-10-03_fara_3718-Supplemental-Statement-20231002-41.pdf,35,yes (text layer; parsed by column position),Meeting,,
F348,3718,Holland & Knight LLP,Government of Gibraltar (British Overseas Territory),2023-05-18,"Sean Falvey, LA, Rep. Courtney, Defense Fellow Christian Woodside",Communication regarding Resolution,no,sources/2026-10-03_fara_3718-Supplemental-Statement-20231002-41.pdf,36,yes (text layer; parsed by column position),Meeting,Joe Courtney (CT),
F349,3718,Holland & Knight LLP,Government of Gibraltar (British Overseas Territory),2023-05-18,"LeTreshia Hamilton, LA, Rep. Cherfilus McCormick",Communication regarding Resolution,no,sources/2026-10-03_fara_3718-Supplemental-Statement-20231002-41.pdf,36,yes (text layer; parsed by column position),Meeting,,
F350,3718,Holland & Knight LLP,Government of Gibraltar (British Overseas Territory),2023-05-18,"Patrick Flood, MLA, Rep. Bacon",Cosponsors for Gibraltar Resolution,no,sources/2026-10-03_fara_3718-Supplemental-Statement-20231002-41.pdf,36,yes (text layer; parsed by column position),Email,,
F351,3718,Holland & Knight LLP,Government of Gibraltar (British Overseas Territory),2023-05-22,"Anna McCormack, COS; Rep. David Rouzer",Request to cosponsor Gibraltar resolution in the 118th Congress,no,sources/2026-10-03_fara_3718-Supplemental-Statement-20231002-41.pdf,36,yes (text layer; parsed by column position),Email,David Rouzer (NC),
F352,3718,Holland & Knight LLP,Government of Gibraltar (British Overseas Territory),2023-05-22,"Adelina Allegretti, Sr. LA, Rep. Warren Davidson",Request to cosponsor Gibraltar resolution in the 118th Congress,no,sources/2026-10-03_fara_3718-Supplemental-Statement-20231002-41.pdf,36,yes (text layer; parsed by column position),Email,,Column re-aligned (method word found inside contact cell by layout parse).
F353,3718,Holland & Knight LLP,Government of Gibraltar (British Overseas Territory),2023-05-22,"Michael Callesen, Professional Staff Member, House Foreign Affairs Committee",Communication regarding geopolitical issues,no,sources/2026-10-03_fara_3718-Supplemental-Statement-20231002-41.pdf,36,yes (text layer; parsed by column position),Email,,
F354,3718,Holland & Knight LLP,Government of Gibraltar (British Overseas Territory),2023-05-22,"Ryan Altman, LD; David Fitzsimmons, COS; Rep. Brad Finstad",Request to cosponsor Gibraltar resolution in the 118th Congress,no,sources/2026-10-03_fara_3718-Supplemental-Statement-20231002-41.pdf,36,yes (text layer; parsed by column position),Email,,
F355,3718,Holland & Knight LLP,Government of Gibraltar (British Overseas Territory),2023-05-22,"Collin Miller, MLA; Rep. Mark Green",Request to cosponsor Gibraltar resolution in the 118th Congress,no,sources/2026-10-03_fara_3718-Supplemental-Statement-20231002-41.pdf,36,yes (text layer; parsed by column position),Email,,
F356,3718,Holland & Knight LLP,Government of Gibraltar (British Overseas Territory),2023-05-22,"Chris Lukas, LA, Del. James Moylan",Request to cosponsor Gibraltar resolution in the 118th Congress,no,sources/2026-10-03_fara_3718-Supplemental-Statement-20231002-41.pdf,36,yes (text layer; parsed by column position),Email,,
F357,3718,Holland & Knight LLP,Government of Gibraltar (British Overseas Territory),2023-05-30,"Laie Morrison, COS, Rep. Moskowitz",Communication regarding Resolution,no,sources/2026-10-03_fara_3718-Supplemental-Statement-20231002-41.pdf,36,yes (text layer; parsed by column position),Email,,
F358,3718,Holland & Knight LLP,Government of Gibraltar (British Overseas Territory),2023-05-30,"Neil McKiernan COS, LD Maria Costigan, LA Sean Falvey, Rep. Courtney",Communication regarding Resolution,no,sources/2026-10-03_fara_3718-Supplemental-Statement-20231002-41.pdf,36,yes (text layer; parsed by column position),Email,Joe Courtney (CT),
F359,3718,Holland & Knight LLP,Government of Gibraltar (British Overseas Territory),2023-05-30,"Matt Lee, COS, Rep. Ross",Communication regarding Resolution,no,sources/2026-10-03_fara_3718-Supplemental-Statement-20231002-41.pdf,36,yes (text layer; parsed by column position),Email,,
F360,3718,Holland & Knight LLP,Government of Gibraltar (British Overseas Territory),2023-05-30,"Naomie Pierre Louis, COS, LeTreshia Hamilton, LA, Rep. Cherfilus McCormick",Communication regarding Resolution,no,sources/2026-10-03_fara_3718-Supplemental-Statement-20231002-41.pdf,36,yes (text layer; parsed by column position),Email,,
F361,3718,Holland & Knight LLP,Government of Gibraltar (British Overseas Territory),2023-06-01,"Nikki Wallace, COS; Sarah Cannon, LD; Rep. Mike Simpson",Request to cosponsor Gibraltar resolution in the 118th Congress,no,sources/2026-10-03_fara_3718-Supplemental-Statement-20231002-41.pdf,36,yes (text layer; parsed by column position),Email,,
F362,3718,Holland & Knight LLP,Government of Gibraltar (British Overseas Territory),2023-06-05,"Matt McLaughlin, LA, Rep. Connolly",Communication regarding Resolution,no,sources/2026-10-03_fara_3718-Supplemental-Statement-20231002-41.pdf,36,yes (text layer; parsed by column position),Email,,
F363,3718,Holland & Knight LLP,Government of Gibraltar (British Overseas Territory),2023-06-15,"Matt McLaughlin, LA, Rep. Connolly",Communication regarding Resolution,no,sources/2026-10-03_fara_3718-Supplemental-Statement-20231002-41.pdf,36,yes (text layer; parsed by column position),Email,,
F364,3718,Holland & Knight LLP,Government of Gibraltar (British Overseas Territory),2023-06-29,"Laie Morrison, COS, Rep. Moskowitz",Communication regarding Resolution,no,sources/2026-10-03_fara_3718-Supplemental-Statement-20231002-41.pdf,37,yes (text layer; parsed by column position),Email,,
F365,3718,Holland & Knight LLP,Government of Gibraltar (British Overseas Territory),2023-06-29,"Paige Hutchinson, COS, Whitley O'Neal, LA, Rep. Allred",Communication regarding Resolution,no,sources/2026-10-03_fara_3718-Supplemental-Statement-20231002-41.pdf,37,yes (text layer; parsed by column position),Email,,
F366,3718,Holland & Knight LLP,Government of Gibraltar (British Overseas Territory),2023-06-29,"Paige Hutchinson, COS, Whitley O'Neal, LA, Rep.",Communication regarding Resolution,no,sources/2026-10-03_fara_3718-Supplemental-Statement-20231002-41.pdf,37,yes (text layer; parsed by column position),Email,,
F367,3718,Holland & Knight LLP,Government of Gibraltar (British Overseas Territory),2023-06-29,Request to cosponsor Gibraltar resolution in the 118th Congress,Request to cosponsor Gibraltar resolution in the 118th Congress,no,sources/2026-10-03_fara_3718-Supplemental-Statement-20231002-41.pdf,37,yes (text layer; parsed by column position),Email,,
F368,3718,Holland & Knight LLP,Government of Gibraltar (British Overseas Territory),2023-06-29,"Billy Constangy, Leadership COS; Rep. Richard Hudson",Request to cosponsor Gibraltar resolution in the 118th Congress,no,sources/2026-10-03_fara_3718-Supplemental-Statement-20231002-41.pdf,37,yes (text layer; parsed by column position),Email,,
F369,3718,Holland & Knight LLP,Government of Gibraltar (British Overseas Territory),2023-06-29,"Jeff Billman, COS; Stetson Bryson, LA; Rep. Ronny Jackson",Request to cosponsor Gibraltar resolution in the 118th Congress,no,sources/2026-10-03_fara_3718-Supplemental-Statement-20231002-41.pdf,37,yes (text layer; parsed by column position),Email,,
F370,3718,Holland & Knight LLP,Government of Gibraltar (British Overseas Territory),2023-06-29,"Matt Meyer, COS; Hilary Pinegar, LD; Rep. Jason Smith. Mark Roman, Staff Director, House Ways and Means Committee",Request to cosponsor Gibraltar resolution in the 118th Congress,no,sources/2026-10-03_fara_3718-Supplemental-Statement-20231002-41.pdf,37,yes (text layer; parsed by column position),Email,,
F371,3718,Holland & Knight LLP,Government of Gibraltar (British Overseas Territory),2023-06-29,"Micah Ketchel, COS; Hector Arguello, LD; Rep. Michael Waltz",Request to cosponsor Gibraltar resolution in the 118th Congress,no,sources/2026-10-03_fara_3718-Supplemental-Statement-20231002-41.pdf,37,yes (text layer; parsed by column position),Email,Michael Waltz (FL),
F372,3718,Holland & Knight LLP,Government of Gibraltar (British Overseas Territory),2023-06-29,"Ryan Altman, LD; David Fitzsimmons, COS; Rep. Brad Finstad",Request to cosponsor Gibraltar resolution in the 118th Congress,no,sources/2026-10-03_fara_3718-Supplemental-Statement-20231002-41.pdf,37,yes (text layer; parsed by column position),Email,,
F373,3718,Holland & Knight LLP,Government of Gibraltar (British Overseas Territory),2023-06-29,"Kevin O'Keefe; Nick Adams, LD; Kevin O'Reilly, COS, Rep. Laurel Lee",Request to cosponsor Gibraltar resolution in the 118th Congress,no,sources/2026-10-03_fara_3718-Supplemental-Statement-20231002-41.pdf,37,yes (text layer; parsed by column position),Email,,
F374,3718,Holland & Knight LLP,Government of Gibraltar (British Overseas Territory),2023-06-29,"Naomie Pierre Louis, COS, LeTreshia Hamilton, LA, Rep. Cherfilus McCormick",Communication regarding Resolution,no,sources/2026-10-03_fara_3718-Supplemental-Statement-20231002-41.pdf,37,yes (text layer; parsed by column position),Email,,
F375,3718,Holland & Knight LLP,Government of Gibraltar (British Overseas Territory),2023-06-29,"Todd Sloves, COS, Bill Suety, Rep. Norcross",Communication regarding Resolution,no,sources/2026-10-03_fara_3718-Supplemental-Statement-20231002-41.pdf,37,yes (text layer; parsed by column position),Email,Donald Norcross (NJ),
F376,3718,Holland & Knight LLP,Government of Gibraltar (British Overseas Territory),2023-06-29,"Walter Gonzalez, Deputy COS, Rep. Ruppersberger",Communication regarding Resolution,no,sources/2026-10-03_fara_3718-Supplemental-Statement-20231002-41.pdf,37,yes (text layer; parsed by column position),Email,,
F377,3718,Holland & Knight LLP,Government of Gibraltar (British Overseas Territory),2023-06-29,"Patrick Flood, MLA, Rep. Bacon",Cosponsors for Gibraltar Resolution; Status of post­ Brexit agreement; possible Dear Colleague for cosponsors,no,sources/2026-10-03_fara_3718-Supplemental-Statement-20231002-41.pdf,37,yes (text layer; parsed by column position),Email,,
F378,3718,Holland & Knight LLP,Government of Gibraltar (British Overseas Territory),2023-07-03,"Neil McKiernan COS, LD Maria Costigan, LA Sean Falvey, Rep. Courtney",Communication regarding Resolution,no,sources/2026-10-03_fara_3718-Supplemental-Statement-20231002-41.pdf,38,yes (text layer; parsed by column position),Email,Joe Courtney (CT),
F379,3718,Holland & Knight LLP,Government of Gibraltar (British Overseas Territory),2023-07-04,"Matt McLaughlin, LA, Rep. Connolly",Communication regarding Resolution,no,sources/2026-10-03_fara_3718-Supplemental-Statement-20231002-41.pdf,38,yes (text layer; parsed by column position),Email,,
F380,3718,Holland & Knight LLP,Government of Gibraltar (British Overseas Territory),2023-07-05,"Brad Solyan, COS, and LA Shir Attias, Rep. Frankel",Communication regarding Resolution,no,sources/2026-10-03_fara_3718-Supplemental-Statement-20231002-41.pdf,38,yes (text layer; parsed by column position),Email,,
F381,3718,Holland & Knight LLP,Government of Gibraltar (British Overseas Territory),2023-07-07,"Matt McLaughlin, LA, Rep. Connolly",Communication regarding Resolution,no,sources/2026-10-03_fara_3718-Supplemental-Statement-20231002-41.pdf,38,yes (text layer; parsed by column position),Email,,
F382,3718,Holland & Knight LLP,Government of Gibraltar (British Overseas Territory),2023-07-13,"Patrick Flood, MLA, Rep. Bacon",Cosponsors for Gibraltar Resolution; Status of post­ Brexit agreement,no,sources/2026-10-03_fara_3718-Supplemental-Statement-20231002-41.pdf,38,yes (text layer; parsed by column position),Email,,
F383,3718,Holland & Knight LLP,Government of Gibraltar (British Overseas Territory),2023-07-17,"Patrick Flood, MLA, Rep. Bacon",Cosponsors for Gibraltar Resolution,no,sources/2026-10-03_fara_3718-Supplemental-Statement-20231002-41.pdf,38,yes (text layer; parsed by column position),Email,,
F384,3718,Holland & Knight LLP,Government of Gibraltar (British Overseas Territory),2023-07-17,"Jeff Billman, COS; Stetson Bryson, LA; Rep. Ronny Jackson",Request to cosponsor Gibraltar resolution in the 118th Congress,no,sources/2026-10-03_fara_3718-Supplemental-Statement-20231002-41.pdf,38,yes (text layer; parsed by column position),Email,,
F385,3718,Holland & Knight LLP,Government of Gibraltar (British Overseas Territory),2023-07-17,"Matt Meyer, COS; Hilary Pinegar, LD; Rep. Jason Smith. Mark Roman, Staff Director, House Ways and Means Committee",Request to cosponsor Gibraltar resolution in the 118th Congress,no,sources/2026-10-03_fara_3718-Supplemental-Statement-20231002-41.pdf,38,yes (text layer; parsed by column position),Email,,
F386,3718,Holland & Knight LLP,Government of Gibraltar (British Overseas Territory),2023-07-17,"Nicholas Vance, Professional Staff Member, House Appropriations Committee",Congressional Delegation visit to Gibraltar,no,sources/2026-10-03_fara_3718-Supplemental-Statement-20231002-41.pdf,38,yes (text layer; parsed by column position),Email and phone call,,
F387,3718,Holland & Knight LLP,Government of Gibraltar (British Overseas Territory),2023-07-17,"Patrick Flood, Senior Advisor, Rep. Bacon",Communication regarding Resolution,no,sources/2026-10-03_fara_3718-Supplemental-Statement-20231002-41.pdf,38,yes (text layer; parsed by column position),Email,,
F388,3718,Holland & Knight LLP,Government of Gibraltar (British Overseas Territory),2023-07-17,"Billy Constangy, Leadership COS; Elliott Guffin, COS; Alex Stepahin, LD, Samuel Cloud, LA; Rep. Richard Hudson",Request to cosponsor Gibraltar resolution in the 118th Congress,no,sources/2026-10-03_fara_3718-Supplemental-Statement-20231002-41.pdf,38,yes (text layer; parsed by column position),Email,,
F389,3718,Holland & Knight LLP,Government of Gibraltar (British Overseas Territory),2023-07-17,"Patrick Flood, MLA, Rep. Bacon",Cosponsors for Gibraltar Resolution,no,sources/2026-10-03_fara_3718-Supplemental-Statement-20231002-41.pdf,38,yes (text layer; parsed by column position),Email,,
F390,3718,Holland & Knight LLP,Government of Gibraltar (British Overseas Territory),2023-07-18,"Naomie Pierre Louis, COS, LeTreshia Hamilton, LA, Rep. Cherfilus McCormick",Communication regarding Resolution,no,sources/2026-10-03_fara_3718-Supplemental-Statement-20231002-41.pdf,38,yes (text layer; parsed by column position),Email,,
F391,3718,Holland & Knight LLP,Government of Gibraltar (British Overseas Territory),2023-07-18,"Laie Morrison, COS, Rep. Moskowitz",Communication regarding Resolution,no,sources/2026-10-03_fara_3718-Supplemental-Statement-20231002-41.pdf,38,yes (text layer; parsed by column position),Email,,
F392,3718,Holland & Knight LLP,Government of Gibraltar (British Overseas Territory),2023-07-18,"Todd Sloves, COS, Bill Suety, Rep. Norcross",Communication regarding Resolution,no,sources/2026-10-03_fara_3718-Supplemental-Statement-20231002-41.pdf,39,yes (text layer; parsed by column position),Email,Donald Norcross (NJ),
F393,3718,Holland & Knight LLP,Government of Gibraltar (British Overseas Territory),2023-07-18,"Brad Solyan, COS, and LA Shir Attias, Rep. Frankel",Communication regarding Resolution,no,sources/2026-10-03_fara_3718-Supplemental-Statement-20231002-41.pdf,39,yes (text layer; parsed by column position),Email,,
F394,3718,Holland & Knight LLP,Government of Gibraltar (British Overseas Territory),2023-07-18,"Walter Gonzalez, Deputy COS, Rep. Ruppersberger",Communication regarding Resolution,no,sources/2026-10-03_fara_3718-Supplemental-Statement-20231002-41.pdf,39,yes (text layer; parsed by column position),Email,,
F395,3718,Holland & Knight LLP,Government of Gibraltar (British Overseas Territory),2023-07-19,"Patrick Flood, MLA, Rep. Bacon",Introduction of Gibraltar Resolution and Cosponsors,no,sources/2026-10-03_fara_3718-Supplemental-Statement-20231002-41.pdf,39,yes (text layer; parsed by column position),Email,,
F396,3718,Holland & Knight LLP,Government of Gibraltar (British Overseas Territory),2023-07-19,"Patrick Flood, Senior Advisor, Rep. Bacon",Communication regarding Resolution,no,sources/2026-10-03_fara_3718-Supplemental-Statement-20231002-41.pdf,39,yes (text layer; parsed by column position),Email,,
F397,3718,Holland & Knight LLP,Government of Gibraltar (British Overseas Territory),2023-07-19,"Anna McCormack, COS; Rep. David Rouzer",Cosponsors of Gibraltar Resolution in prior Congresses,no,sources/2026-10-03_fara_3718-Supplemental-Statement-20231002-41.pdf,39,yes (text layer; parsed by column position),Email,David Rouzer (NC),
F398,3718,Holland & Knight LLP,Government of Gibraltar (British Overseas Territory),2023-07-19,"Michael Lowry, COS; Megan Medley, LD; Leah Stephenson, Scheduler; Laura Titus, LA; Rep. Robert Aderholt",Request to cosponsor Gibraltar resolution in the 118th Congress,no,sources/2026-10-03_fara_3718-Supplemental-Statement-20231002-41.pdf,39,yes (text layer; parsed by column position),Email,,
F399,3718,Holland & Knight LLP,Government of Gibraltar (British Overseas Territory),2023-07-19,"Jeff Billman, COS; Stetson Bryson, LA; Rep. Ronny Jackson",Request to cosponsor Gibraltar resolution in the 118th Congress,no,sources/2026-10-03_fara_3718-Supplemental-Statement-20231002-41.pdf,39,yes (text layer; parsed by column position),Email,,
F400,3718,Holland & Knight LLP,Government of Gibraltar (British Overseas Territory),2023-07-20,"Walter Gonzalez, Deputy COS, Rep. Ruppersberger",Communication regarding Resolution,no,sources/2026-10-03_fara_3718-Supplemental-Statement-20231002-41.pdf,39,yes (text layer; parsed by column position),Email,,
F401,3718,Holland & Knight LLP,Government of Gibraltar (British Overseas Territory),2023-07-20,"Matt McLaughlin, LA, Rep. Connolly",Communication regarding Resolution,no,sources/2026-10-03_fara_3718-Supplemental-Statement-20231002-41.pdf,39,yes (text layer; parsed by column position),Email,,
F402,3718,Holland & Knight LLP,Government of Gibraltar (British Overseas Territory),2023-07-20,"Patrick Hester, COS; Jim Robertson, LD; Rep. Elise Stefanik",Request to cosponsor Gibraltar resolution in the 118th Congress,no,sources/2026-10-03_fara_3718-Supplemental-Statement-20231002-41.pdf,39,yes (text layer; parsed by column position),Email,,
F403,3718,Holland & Knight LLP,Government of Gibraltar (British Overseas Territory),2023-07-20,"Adelina Allegretti, Sr. LA; Rep. Warren Davidson",Request to cosponsor Gibraltar resolution in the 118th Congress,no,sources/2026-10-03_fara_3718-Supplemental-Statement-20231002-41.pdf,39,yes (text layer; parsed by column position),Email,,Column re-aligned (method word found inside contact cell by layout parse).
F404,3718,Holland & Knight LLP,Government of Gibraltar (British Overseas Territory),2023-07-20,"Hallie Coyne, LA, Rep. Rob Wittman",Request to cosponsor Gibraltar resolution in the 118th Congress,no,sources/2026-10-03_fara_3718-Supplemental-Statement-20231002-41.pdf,39,yes (text layer; parsed by column position),Email,Robert Wittman (VA),
F405,3718,Holland & Knight LLP,Government of Gibraltar (British Overseas Territory),2023-07-20,"Ryan Altman, LD; David Fitzsimmons; COS; Rep. Brad Finstad",Request to cosponsor Gibraltar resolution in the 118th Congress; Cosponsors of Gibraltar Resolution in the 118th Congress,no,sources/2026-10-03_fara_3718-Supplemental-Statement-20231002-41.pdf,39,yes (text layer; parsed by column position),Email,,
F406,3718,Holland & Knight LLP,Government of Gibraltar (British Overseas Territory),2023-07-20,"Collin Miller, MLA, Rep. Mark Green",Request to cosponsor Gibraltar resolution in the 118th Congress,no,sources/2026-10-03_fara_3718-Supplemental-Statement-20231002-41.pdf,39,yes (text layer; parsed by column position),Email,,
F407,3718,Holland & Knight LLP,Government of Gibraltar (British Overseas Territory),2023-07-20,"Kevin O'Reilly, COS; Rep.Laurel Lee",Cosponsors of Gibraltar Resolution in the 118th Congress; Request to cosponsor Gibraltar resolution in the 118th Congress,no,sources/2026-10-03_fara_3718-Supplemental-Statement-20231002-41.pdf,40,yes (text layer; parsed by column position),Email,,
F408,3718,Holland & Knight LLP,Government of Gibraltar (British Overseas Territory),2023-07-20,"Michael Callesen, Professional Staff Member, House Foreign Affairs Committee",Update on political landscape in Gibraltar,no,sources/2026-10-03_fara_3718-Supplemental-Statement-20231002-41.pdf,40,yes (text layer; parsed by column position),Email,,
F409,3718,Holland & Knight LLP,Government of Gibraltar (British Overseas Territory),2023-07-20,"Kevin O'Reilly, COS; Nick Adams, LD; Rep. Laurel Lee",Request to cosponsor Gibraltar resolution in the 118th Congress,no,sources/2026-10-03_fara_3718-Supplemental-Statement-20231002-41.pdf,40,yes (text layer; parsed by column position),Email,,
F410,3718,Holland & Knight LLP,Government of Gibraltar (British Overseas Territory),2023-07-20,"Patrick Flood, MLA; Rep. Don Bacon",Request to cosponsor Gibraltar resolution in the 118th Congress,no,sources/2026-10-03_fara_3718-Supplemental-Statement-20231002-41.pdf,40,yes (text layer; parsed by column position),Email,,
F411,3718,Holland & Knight LLP,Government of Gibraltar (British Overseas Territory),2023-07-21,"Kevin O'Reilly, COS; Rep. Laurel Lee",Request to cosponsor Gibraltar resolution in the 118th Congress,no,sources/2026-10-03_fara_3718-Supplemental-Statement-20231002-41.pdf,40,yes (text layer; parsed by column position),Phone call,,
F412,3718,Holland & Knight LLP,Government of Gibraltar (British Overseas Territory),2023-07-21,"Brooke Bennett, COS; Dylan Frost, LD; Rep. French Hill",Request to cosponsor Gibraltar resolution in the 118th Congress,no,sources/2026-10-03_fara_3718-Supplemental-Statement-20231002-41.pdf,40,yes (text layer; parsed by column position),Email,,
F413,3718,Holland & Knight LLP,Government of Gibraltar (British Overseas Territory),2023-07-24,"Todd Sloves, COS, Bill Suety, Rep. Norcross",Communication regarding Resolution,no,sources/2026-10-03_fara_3718-Supplemental-Statement-20231002-41.pdf,40,yes (text layer; parsed by column position),Email,Donald Norcross (NJ),
F414,3718,Holland & Knight LLP,Government of Gibraltar (British Overseas Territory),2023-07-24,"Laie Morrison, COS, Rep. Moskowitz",Communication regarding Resolution,no,sources/2026-10-03_fara_3718-Supplemental-Statement-20231002-41.pdf,40,yes (text layer; parsed by column position),Email,,
F415,3718,Holland & Knight LLP,Government of Gibraltar (British Overseas Territory),2023-07-25,"Patrick Flood, MLA, Rep. Bacon",Target date for introduction of resolution,no,sources/2026-10-03_fara_3718-Supplemental-Statement-20231002-41.pdf,40,yes (text layer; parsed by column position),Email,,
F416,3718,Holland & Knight LLP,Government of Gibraltar (British Overseas Territory),2023-07-26,"Matt McLaughlin, LA, Rep. Connolly",Communication regarding Resolution,no,sources/2026-10-03_fara_3718-Supplemental-Statement-20231002-41.pdf,40,yes (text layer; parsed by column position),Email,,
F417,3718,Holland & Knight LLP,Government of Gibraltar (British Overseas Territory),2023-07-26,"Patrick Flood, Senior Advisor, Rep. Bacon",Communication regarding Resolution,no,sources/2026-10-03_fara_3718-Supplemental-Statement-20231002-41.pdf,40,yes (text layer; parsed by column position),Email,,
F418,3718,Holland & Knight LLP,Government of Gibraltar (British Overseas Territory),2023-07-27,"Patrick Flood, MLA, Rep. Bacon",Request for final list of cosponsors,no,sources/2026-10-03_fara_3718-Supplemental-Statement-20231002-41.pdf,40,yes (text layer; parsed by column position),Email,,
F419,3718,Holland & Knight LLP,Government of Gibraltar (British Overseas Territory),2023-08-04,"Patrick Flood, Senior Advisor, Rep. Bacon",Communication regarding Resolution,no,sources/2026-10-03_fara_3718-Supplemental-Statement-20231002-41.pdf,40,yes (text layer; parsed by column position),Email,,
F420,3718,Holland & Knight LLP,Government of Gibraltar (British Overseas Territory),2023-10-03,"Matt McLaughlin, LA, Rep. Connolly and Patrick Flood, Senior National Security Advisor, Rep. Bacon",Correspondence regarding Resolution,no,sources/2026-10-03_fara_3718-Supplemental-Statement-20240401-43.pdf,19,yes (text layer; parsed by column position),Email,,
F421,3718,Holland & Knight LLP,Government of Gibraltar (British Overseas Territory),2023-10-09,"Matt McLaughlin, LA, Rep. Connolly and Patrick Flood, Senior National Security Advisor, Rep. Bacon",Correspondence regarding Resolution,no,sources/2026-10-03_fara_3718-Supplemental-Statement-20240401-43.pdf,19,yes (text layer; parsed by column position),Email,,
F422,3718,Holland & Knight LLP,Government of Gibraltar (British Overseas Territory),2023-10-09,"Jean Roseme, COS, Derron Bennett, LD",Correspondence regarding Resolution,no,sources/2026-10-03_fara_3718-Supplemental-Statement-20240401-43.pdf,19,yes (text layer; parsed by column position),Email,,Member not named in row; 2021 H&K filing lists Jean Roseme (COS) and Derron Bennett (LD) as staff of Rep. Frederica Wilson (추정 동일 사무실)
F423,3718,Holland & Knight LLP,Government of Gibraltar (British Overseas Territory),2023-10-11,"Matt McLaughlin, LA, Rep. Connolly and Patrick Flood, Senior National Security Advisor, Rep. Bacon",Correspondence regarding Resolution,no,sources/2026-10-03_fara_3718-Supplemental-Statement-20240401-43.pdf,19,yes (text layer; parsed by column position),Email,,
F424,3718,Holland & Knight LLP,Government of Gibraltar (British Overseas Territory),2023-10-11,"Laie Morrison, COS, Rep. Maskowitz",Correspondence regarding Resolution,no,sources/2026-10-03_fara_3718-Supplemental-Statement-20240401-43.pdf,19,yes (text layer; parsed by column position),Email,,
F425,3718,Holland & Knight LLP,Government of Gibraltar (British Overseas Territory),2023-10-18,"Patrick O'Connor, LA, Rep. Cuellar",Correspondence regarding Resolution,no,sources/2026-10-03_fara_3718-Supplemental-Statement-20240401-43.pdf,19,yes (text layer; parsed by column position),Email,,
F426,3718,Holland & Knight LLP,Government of Gibraltar (British Overseas Territory),2023-11-06,"Jean Roseme, COS, Derron Bennett, LD",Correspondence regarding Resolution,no,sources/2026-10-03_fara_3718-Supplemental-Statement-20240401-43.pdf,19,yes (text layer; parsed by column position),Email,,Member not named in row; 2021 H&K filing lists Jean Roseme (COS) and Derron Bennett (LD) as staff of Rep. Frederica Wilson (추정 동일 사무실)
F427,3718,Holland & Knight LLP,Government of Gibraltar (British Overseas Territory),2023-11-07,"Jean Roseme, COS, Derron Bennett, LD",Correspondence regarding Resolution,no,sources/2026-10-03_fara_3718-Supplemental-Statement-20240401-43.pdf,19,yes (text layer; parsed by column position),Email,,Member not named in row; 2021 H&K filing lists Jean Roseme (COS) and Derron Bennett (LD) as staff of Rep. Frederica Wilson (추정 동일 사무실)
F428,3718,Holland & Knight LLP,Government of Gibraltar (British Overseas Territory),2023-11-13,"Patrick O'Connor, LA, Rep. Cuellar",Correspondence regarding Resolution,no,sources/2026-10-03_fara_3718-Supplemental-Statement-20240401-43.pdf,19,yes (text layer; parsed by column position),Email,,
F429,3718,Holland & Knight LLP,Government of Gibraltar (British Overseas Territory),2023-11-14,"Marshele Bryant, LA, Rep. Quigley",Correspondence regarding Resolution,no,sources/2026-10-03_fara_3718-Supplemental-Statement-20240401-43.pdf,19,yes (text layer; parsed by column position),Meeting,,
F430,3718,Holland & Knight LLP,Government of Gibraltar (British Overseas Territory),2023-11-21,"Marshe1e Bryant, LA, Rep. Quigley",Correspondence regarding Resolution,no,sources/2026-10-03_fara_3718-Supplemental-Statement-20240401-43.pdf,19,yes (text layer; parsed by column position),Email,,
F431,3718,Holland & Knight LLP,Government of Gibraltar (British Overseas Territory),2023-11-21,"Walter Gonzalez, Deputy COS, Rep. Ruppersberger",Meeting regarding Resolution,no,sources/2026-10-03_fara_3718-Supplemental-Statement-20240401-43.pdf,19,yes (text layer; parsed by column position),Meeting,,
F432,3718,Holland & Knight LLP,Government of Gibraltar (British Overseas Territory),2023-11-27,"Jean Roseme, COS, Derron Bennett, LD",Correspondence regarding Resolution,no,sources/2026-10-03_fara_3718-Supplemental-Statement-20240401-43.pdf,19,yes (text layer; parsed by column position),Email,,Member not named in row; 2021 H&K filing lists Jean Roseme (COS) and Derron Bennett (LD) as staff of Rep. Frederica Wilson (추정 동일 사무실)
F433,3718,Holland & Knight LLP,Government of Gibraltar (British Overseas Territory),2023-11-30,"Ed Kaczmarski, LD, Rep. Norcross",Correspondence regarding Resolution,no,sources/2026-10-03_fara_3718-Supplemental-Statement-20240401-43.pdf,19,yes (text layer; parsed by column position),Email,Donald Norcross (NJ),
F434,3718,Holland & Knight LLP,Government of Gibraltar (British Overseas Territory),2023-11-30,"Walter Gonzalez, Deputy COS, Rep. Ruppersberger",Correspondence regarding Resolution,no,sources/2026-10-03_fara_3718-Supplemental-Statement-20240401-43.pdf,19,yes (text layer; parsed by column position),Email,,
F435,3718,Holland & Knight LLP,Government of Gibraltar (British Overseas Territory),2023-12-13,"Jean Roseme, COS, Derron Bennett, LD",Correspondence regarding Resolution,no,sources/2026-10-03_fara_3718-Supplemental-Statement-20240401-43.pdf,19,yes (text layer; parsed by column position),Email,,Member not named in row; 2021 H&K filing lists Jean Roseme (COS) and Derron Bennett (LD) as staff of Rep. Frederica Wilson (추정 동일 사무실)
F436,3718,Holland & Knight LLP,Government of Gibraltar (British Overseas Territory),2024-01-23,"Jean Roseme, COS, Derron Bennett, LD",Correspondence regarding Resolution,no,sources/2026-10-03_fara_3718-Supplemental-Statement-20240401-43.pdf,19,yes (text layer; parsed by column position),Email,,Member not named in row; 2021 H&K filing lists Jean Roseme (COS) and Derron Bennett (LD) as staff of Rep. Frederica Wilson (추정 동일 사무실)
F437,3718,Holland & Knight LLP,Government of Gibraltar (British Overseas Territory),2024-01-23,"Patrick Flood, Military LA, Rep. Bacon",Catch up on Gibraltar Co­ sponsor outreach for H.Res. 624 .,no,sources/2026-10-03_fara_3718-Supplemental-Statement-20240401-43.pdf,19,yes (text layer; parsed by column position),Phone Call,,
F438,3718,Holland & Knight LLP,Government of Gibraltar (British Overseas Territory),2024-01-23,"Ed Kaczmarski, LD , Rep. Norcross",Correspondence regarding Resolution,no,sources/2026-10-03_fara_3718-Supplemental-Statement-20240401-43.pdf,20,yes (text layer; parsed by column position),Email,Donald Norcross (NJ),
F439,3718,Holland & Knight LLP,Government of Gibraltar (British Overseas Territory),2024-01-25,"Marshele Bryant, LA, Rep. Quigley",Correspondence regarding Resolution,no,sources/2026-10-03_fara_3718-Supplemental-Statement-20240401-43.pdf,20,yes (text layer; parsed by column position),Email,,
F440,3718,Holland & Knight LLP,Government of Gibraltar (British Overseas Territory),2024-02-06,"Marshele Bryant, LA, Rep. Quigley",Correspondence regarding Resolution,no,sources/2026-10-03_fara_3718-Supplemental-Statement-20240401-43.pdf,20,yes (text layer; parsed by column position),Email,,
F441,3718,Holland & Knight LLP,Government of Gibraltar (British Overseas Territory),2024-02-26,"Jean Roseme, COS, Derron Bennett, LD",Correspondence regarding Resolution,no,sources/2026-10-03_fara_3718-Supplemental-Statement-20240401-43.pdf,20,yes (text layer; parsed by column position),Email,,Member not named in row; 2021 H&K filing lists Jean Roseme (COS) and Derron Bennett (LD) as staff of Rep. Frederica Wilson (추정 동일 사무실)
F442,3718,Holland & Knight LLP,Government of Gibraltar (British Overseas Territory),2024-04-11,Office of Rep. Boyle COS Tim Barnes,Correspondence regarding resolution,no,sources/2026-10-03_fara_3718-Supplemental-Statement-20240930-44.pdf,21,yes (text layer; parsed by column position),Email,,
F443,3718,Holland & Knight LLP,Government of Gibraltar (British Overseas Territory),2024-04-11,"Ed Kaczmarski, Legislative Director and Bill Sutey, Senior Adviser, Office of Rep. Norcross",Correspondence regarding resolution,no,sources/2026-10-03_fara_3718-Supplemental-Statement-20240930-44.pdf,22,yes (text layer; parsed by column position),Email,Donald Norcross (NJ),
F444,3718,Holland & Knight LLP,Government of Gibraltar (British Overseas Territory),2024-04-11,"Office of Rep. Bera COS Chad Obermiller, Deputy COS Jessica Lindsay",Correspondence regarding resolution,no,sources/2026-10-03_fara_3718-Supplemental-Statement-20240930-44.pdf,22,yes (text layer; parsed by column position),Email,Ami Bera (CA),Column re-aligned (method word found inside contact cell by layout parse).
F445,3718,Holland & Knight LLP,Government of Gibraltar (British Overseas Territory),2024-04-11,"COS Jean Roseme, LD Derron Bennett, LA Rico Doss, Office of Rep. Frederica Wilson",Correspondence regarding resolution,no,sources/2026-10-03_fara_3718-Supplemental-Statement-20240930-44.pdf,22,yes (text layer; parsed by column position),Email,,Column re-aligned (method word found inside contact cell by layout parse).
F446,3718,Holland & Knight LLP,Government of Gibraltar (British Overseas Territory),2024-04-18,"Paula Huff, Scheduler, Dan Scharfenberger, COS, Office of Rep. Tom Kean",Background on importance of Gibraltar to U.S. Strategic interests and request for Gibraltar Deputy Chief Minister (DCM) to meet with Member of Congress.,no,sources/2026-10-03_fara_3718-Supplemental-Statement-20240930-44.pdf,22,yes (text layer; parsed by column position),Email,Thomas Kean (NJ),
F447,3718,Holland & Knight LLP,Government of Gibraltar (British Overseas Territory),2024-04-22,"Ed Kaczmarski, Legislative Director and Bill Sutey, Senior Adviser, Office of Rep. Norcross",Correspondence regarding resolution,no,sources/2026-10-03_fara_3718-Supplemental-Statement-20240930-44.pdf,22,yes (text layer; parsed by column position),Email,Donald Norcross (NJ),
F448,3718,Holland & Knight LLP,Government of Gibraltar (British Overseas Territory),2024-04-22,"Office of Rep. Himes COS Cara Camacho, LA Jessie Kaplan",Correspondence regarding resolution,no,sources/2026-10-03_fara_3718-Supplemental-Statement-20240930-44.pdf,22,yes (text layer; parsed by column position),Email,James Himes (CT),
F449,3718,Holland & Knight LLP,Government of Gibraltar (British Overseas Territory),2024-04-22,"Marshele Bryant, LA, Office of Rep. Quigley",Correspondence regarding resolution,no,sources/2026-10-03_fara_3718-Supplemental-Statement-20240930-44.pdf,22,yes (text layer; parsed by column position),Email,,
F450,3718,Holland & Knight LLP,Government of Gibraltar (British Overseas Territory),2024-04-24,"MeKenna Carman, Scheduler; Richard Vaughn, COS; Tony Iorio, MLA Office of Rep. Scott DesJarlais",Background on importance of Gibraltar to U.S. Strategic interests and request for Gibraltar Deputy Chief Minister (DCM) to meet with Member of Congress.,no,sources/2026-10-03_fara_3718-Supplemental-Statement-20240930-44.pdf,22,yes (text layer; parsed by column position),Email,,
F451,3718,Holland & Knight LLP,Government of Gibraltar (British Overseas Territory),2024-04-24,"Shields Armstrong, Scheduler; Paul Howell, COS; Reed Craddock, Deputy COS. Office of Rep. Trent Kelly",Background on importance of Gibraltar to U.S. Strategic interests and request for Gibraltar Deputy Chief Minister (DCM) to meet with Member of Congress.,no,sources/2026-10-03_fara_3718-Supplemental-Statement-20240930-44.pdf,22,yes (text layer; parsed by column position),Email,Trent Kelly (MS),Column re-aligned (method word found inside contact cell by layout parse).
F452,3718,Holland & Knight LLP,Government of Gibraltar (British Overseas Territory),2024-04-24,"Hailee Hampton, Scheduler; David Keller, COS; Buckley Carlson, Deputy COS. Office of Rep. Jim Banks",Background on importance of Gibraltar to U.S. Strategic interests and request for Gibraltar Deputy Chief Minister (DCM) to meet with Member of Congress.,no,sources/2026-10-03_fara_3718-Supplemental-Statement-20240930-44.pdf,22,yes (text layer; parsed by column position),Email,,
F453,3718,Holland & Knight LLP,Government of Gibraltar (British Overseas Territory),2024-04-24,"Tony Lis, COS, Alec Zender, Sr. Leg. Director. Office of Rep. Jack Bergman",Background on importance of Gibraltar to U.S. Strategic interests and request for Gibraltar Deputy Chief Minister (DCM) to meet with Member of Congress.,no,sources/2026-10-03_fara_3718-Supplemental-Statement-20240930-44.pdf,22,yes (text layer; parsed by column position),Email,Jack Bergman (MI),
F454,3718,Holland & Knight LLP,Government of Gibraltar (British Overseas Territory),2024-04-24,"Jake Ronan, Scheduler; Nicola Hawatmeh, COS, Erik Kinney, Leg. Director. Office of Rep. Lisa McClain",Background on importance of Gibraltar to U.S. Strategic interests and request for Gibraltar Deputy Chief Minister (DCM) to meet with Member of Congress.,no,sources/2026-10-03_fara_3718-Supplemental-Statement-20240930-44.pdf,22,yes (text layer; parsed by column position),Email,,
F455,3718,Holland & Knight LLP,Government of Gibraltar (British Overseas Territory),2024-04-24,"Shannon Sorre11, COS. Office of Rep. Pat Fallon",Background on importance of Gibraltar to U.S. Strategic interests and request for Gibraltar Deputy Chief Minister (DCM) to meet with Member of Congress.,no,sources/2026-10-03_fara_3718-Supplemental-Statement-20240930-44.pdf,22,yes (text layer; parsed by column position),Email,,
F456,3718,Holland & Knight LLP,Government of Gibraltar (British Overseas Territory),2024-04-24,"Maritza Pereira, Scheduler; Alex Ferro, COS; Madison Hardimon, Leg. Dir. Office of Rep. Carlos Gimenez",Background on importance of Gibraltar to U.S. Strategic interests and request for Gibraltar Deputy Chief Minister (DCM) to meet with Member of Congress.,no,sources/2026-10-03_fara_3718-Supplemental-Statement-20240930-44.pdf,22,yes (text layer; parsed by column position),Email,Carlos Gimenez (FL),
F457,3718,Holland & Knight LLP,Government of Gibraltar (British Overseas Territory),2024-04-24,"Chandler Shields, Scheduler; G. Payne Griffin, COS; Sophia Warner, Leg. Asst. Office of Rep. Dale Strong",Background on importance of Gibraltar to U.S. Strategic interests and request for Gibraltar Deputy Chief Minister (DCM) to meet with Member of Congress.,no,sources/2026-10-03_fara_3718-Supplemental-Statement-20240930-44.pdf,23,yes (text layer; parsed by column position),Email,,
F458,3718,Holland & Knight LLP,Government of Gibraltar (British Overseas Territory),2024-04-24,"Kristen Sonderegger, Scheduler; Katherine Sears, COS; Maddie Mitchell, Leg. Dir. Office of Rep. Jen Kiggans",Background on importance of Gibraltar to U.S. Strategic interests and request for Gibraltar Deputy Chief Minister (DCM) to meet with Member of Congress.,no,sources/2026-10-03_fara_3718-Supplemental-Statement-20240930-44.pdf,23,yes (text layer; parsed by column position),Email,Jennifer Kiggans (VA),
F459,3718,Holland & Knight LLP,Government of Gibraltar (British Overseas Territory),2024-04-24,"Katherine Hirzel, Scheduler; Nicole Rapanos, COS; Mary Hrinkevich, Leg. Dir. Office of Rep. Nick LaLota",Background on importance of Gibraltar to U.S. Strategic interests and request for Gibraltar Deputy Chief Minister (DCM) to meet with Member of Congress.,no,sources/2026-10-03_fara_3718-Supplemental-Statement-20240930-44.pdf,23,yes (text layer; parsed by column position),Email,,
F460,3718,Holland & Knight LLP,Government of Gibraltar (British Overseas Territory),2024-04-24,"Elie Stevens, Scheduler; Michael Martin, COS; Thomas Dolan, Leg. Director. Office of Rep. Mark Alford",Background on importance of Gibraltar to U.S. Strategic interests and request for Gibraltar Deputy Chief Minister (DCM) to meet with Member of Congress.,no,sources/2026-10-03_fara_3718-Supplemental-Statement-20240930-44.pdf,23,yes (text layer; parsed by column position),Email,Mark Alford (MO),
F461,3718,Holland & Knight LLP,Government of Gibraltar (British Overseas Territory),2024-04-24,"Jackie Vans1ambrook; Scheduler, Alice Johnson, COS; James Dolbow, National Security Advisor, Office of Representative Austin Scott",Background on importance of Gibraltar to U.S. Strategic interests and request for Gibraltar Deputy Chief Minister (DCM) to meet with Member of Congress.,no,sources/2026-10-03_fara_3718-Supplemental-Statement-20240930-44.pdf,23,yes (text layer; parsed by column position),Email,,
F462,3718,Holland & Knight LLP,Government of Gibraltar (British Overseas Territory),2024-04-24,"Angela Ryan, Scheduler; Jason Galanes, COS; Zachary Taylor; Military Legislative Ass't. Office of HASC Chairman Mike Turner",Background on importance of Gibraltar to U.S. Strategic interests and request for Gibraltar Deputy Chief Minister (DCM) to meet with Member of Congress.,no,sources/2026-10-03_fara_3718-Supplemental-Statement-20240930-44.pdf,23,yes (text layer; parsed by column position),Email,,
F463,3718,Holland & Knight LLP,Government of Gibraltar (British Overseas Territory),2024-04-24,"Marshall Richardson, Scheduler; Hillary Parkinson, COS; Brad Decker, Legislative Director. Office of Rep. Keith Self",Background on importance of Gibraltar to U.S. Strategic interests and request for Gibraltar Deputy Chief Minister (DCM) to meet with Member of Congress.,no,sources/2026-10-03_fara_3718-Supplemental-Statement-20240930-44.pdf,23,yes (text layer; parsed by column position),Email,Keith Self (TX),
F464,3718,Holland & Knight LLP,Government of Gibraltar (British Overseas Territory),2024-04-24,"Joshua Bradley, COS; Delayne Hyatt, Legislative Director. Office of Rep. Nathaniel Moran",Background on importance of Gibraltar to U.S. Strategic interests and request for Gibraltar Deputy Chief Minister (DCM) to meet with Member of Congress.,no,sources/2026-10-03_fara_3718-Supplemental-Statement-20240930-44.pdf,23,yes (text layer; parsed by column position),Email,,
F465,3718,Holland & Knight LLP,Government of Gibraltar (British Overseas Territory),2024-04-24,"Ashley Phillips, Scheduler; Andrea Grace, COS; Courtney Kaufman, Sr. Leg. Asst. Office of Rep. Michael Lawler",Background on importance of Gibraltar to U.S. Strategic interests and request for Gibraltar Deputy Chief Minister (DCM) to meet with Member of Congress.,no,sources/2026-10-03_fara_3718-Supplemental-Statement-20240930-44.pdf,23,yes (text layer; parsed by column position),Email,Michael Lawler (NY),
F466,3718,Holland & Knight LLP,Government of Gibraltar (British Overseas Territory),2024-04-24,"Michelle Harold, Scheduler; Todd Whitman, COS; Alec Daman, Leg. Asst. Office of Rep. Bill Huizenga",Background on importance of Gibraltar to U.S. Strategic interests and request for Gibraltar Deputy Chief Minister (DCM) to meet with Member of Congress.,no,sources/2026-10-03_fara_3718-Supplemental-Statement-20240930-44.pdf,23,yes (text layer; parsed by column position),Email,Bill Huizenga (MI),
F467,3718,Holland & Knight LLP,Government of Gibraltar (British Overseas Territory),2024-04-24,"Megan Amen, Scheduler; Jonathan Day, COS, Stephanie Pendarvis, Leg. Dir. Office of Rep. Joe Wilson",Background on importance of Gibraltar to U.S. Strategic interests and request for Gibraltar Deputy Chief Minister (DCM) to meet with Member of Congress.,no,sources/2026-10-03_fara_3718-Supplemental-Statement-20240930-44.pdf,23,yes (text layer; parsed by column position),Email,,
F468,3718,Holland & Knight LLP,Government of Gibraltar (British Overseas Territory),2024-04-24,"Emilyann Smith, Scheduler; Charlie Keller, COS; Molly Joseph, Leg. Asst. Office of Rep. Ann Wagner",Background on importance of Gibraltar to U.S. Strategic interests and request for Gibraltar Deputy Chief Minister (DCM) to meet with Member of Congress.,no,sources/2026-10-03_fara_3718-Supplemental-Statement-20240930-44.pdf,23,yes (text layer; parsed by column position),Email,Ann Wagner (MO),
F469,3718,Holland & Knight LLP,Government of Gibraltar (British Overseas Territory),2024-04-24,"Allie Faircloth, Scheduler; Chrissi Lee, COS; Charles Truxal, Leg. Dir. Office of Rep. Morgan Luttrell",Background on importance of Gibraltar to U.S. Strategic interests and request for Gibraltar Deputy Chief Minister (DCM) to meet with Member of Congress.,no,sources/2026-10-03_fara_3718-Supplemental-Statement-20240930-44.pdf,24,yes (text layer; parsed by column position),Email,,
F470,3718,Holland & Knight LLP,Government of Gibraltar (British Overseas Territory),2024-04-24,"Alana Lomis, Scheduler; Andrew Ross, COS, Cam Madsen, Legislative Director. Office of Chairman Michael McCaul. Michael Callesen, Professional Staff Member, House Foreign Affairs Committee",Background on importance of Gibraltar to U.S. Strategic interests and request for Gibraltar Deputy Chief Minister (DCM) to meet with Member of Congress.,no,sources/2026-10-03_fara_3718-Supplemental-Statement-20240930-44.pdf,24,yes (text layer; parsed by column position),Email,Michael McCaul (TX),
F471,3718,Holland & Knight LLP,Government of Gibraltar (British Overseas Territory),2024-04-24,"Lisette Linares, Scheduler; Jackson Gross, COS; Arian Beckwith, Leg. Director. Office of Rep. John James",Background on importance of Gibraltar to U.S. Strategic interests and request for Gibraltar Deputy Chief Minister (DCM) to meet with Member of Congress.,no,sources/2026-10-03_fara_3718-Supplemental-Statement-20240930-44.pdf,24,yes (text layer; parsed by column position),Email,,
F472,3718,Holland & Knight LLP,Government of Gibraltar (British Overseas Territory),2024-04-24,"Alyssa Jennings, Scheduler; Brandon Cockerham, COS; Tanner Brown, Sr. Leg. Asst. Office of Rep. Jim Baird",Background on importance of Gibraltar to U.S. Strategic interests and request for Gibraltar Deputy Chief Minister (DCM) to meet with Member of Congress.,no,sources/2026-10-03_fara_3718-Supplemental-Statement-20240930-44.pdf,24,yes (text layer; parsed by column position),Email,James Baird (IN),
F473,3718,Holland & Knight LLP,Government of Gibraltar (British Overseas Territory),2024-04-24,"Samantha Stewart, Scheduler; Mary Rosado, COS; Hunt VanderTol1, Leg. Director. Office of Rep. Andy Barr",Background on importance of Gibraltar to U.S. Strategic interests and request for Gibraltar Deputy Chief Minister (DCM) to meet with Member of Congress.,no,sources/2026-10-03_fara_3718-Supplemental-Statement-20240930-44.pdf,24,yes (text layer; parsed by column position),Email,,
F474,3718,Holland & Knight LLP,Government of Gibraltar (British Overseas Territory),2024-04-24,"Genevieve Carter, Scheduler; Matt Hodge, COS; Kenneth Depew, Sr. Leg. Asst. Office of Rep. Dan Crenshaw",Background on importance of Gibraltar to U.S. Strategic interests and request for Gibraltar Deputy Chief Minister (DCM) to meet with Member of Congress.,no,sources/2026-10-03_fara_3718-Supplemental-Statement-20240930-44.pdf,24,yes (text layer; parsed by column position),Email,,
F475,3718,Holland & Knight LLP,Government of Gibraltar (British Overseas Territory),2024-04-24,"Savannah Berryman, Scheduler; Brook Bennett, COS; Dylan Frost, Leg. Director. Office of Rep. French Hill",Background on importance of Gibraltar to U.S. Strategic interests and request for Gibraltar Deputy Chief Minister (DCM) to meet with Member of Congress.,no,sources/2026-10-03_fara_3718-Supplemental-Statement-20240930-44.pdf,24,yes (text layer; parsed by column position),Email,,
F476,3718,Holland & Knight LLP,Government of Gibraltar (British Overseas Territory),2024-04-24,"Jacqueline Tran, Scheduler; Philip Singleton, COS; Nathan Barker, Legislative Director. Office of Rep. Richard McCormick",Background on importance of Gibraltar to U.S. Strategic interests and request for Gibraltar Deputy Chief Minister (DCM) to meet with Member of Congress.,no,sources/2026-10-03_fara_3718-Supplemental-Statement-20240930-44.pdf,24,yes (text layer; parsed by column position),Email,Richard McCormick (GA),
F477,3718,Holland & Knight LLP,Government of Gibraltar (British Overseas Territory),2024-04-24,"Ed McCain, Scheduler; Jordan Wood, COS; Clare Alden, Legislative Director. Office of Rep. Lance Gooden",Background on importance of Gibraltar to U.S. Strategic interests and request for Gibraltar Deputy Chief Minister (DCM) to meet with Member of Congress.,no,sources/2026-10-03_fara_3718-Supplemental-Statement-20240930-44.pdf,24,yes (text layer; parsed by column position),Email,,
F478,3718,Holland & Knight LLP,Government of Gibraltar (British Overseas Territory),2024-04-24,"Jinnie Christensen, Scheduler; Sean Brady, COS. Office of Rep. Vern Buchanan",Background on importance of Gibraltar to U.S. Strategic interests and request for Gibraltar Deputy Chief Minister (DCM) to meet with Member of Congress.,no,sources/2026-10-03_fara_3718-Supplemental-Statement-20240930-44.pdf,24,yes (text layer; parsed by column position),Email,,Column re-aligned (method word found inside contact cell by layout parse).
F479,3718,Holland & Knight LLP,Government of Gibraltar (British Overseas Territory),2024-04-24,"Thoma s Young, Scheduler; Chris Tudor, COS; Beatrice Valenti, Sr. Leg. Asst. Office of Rep. Tom McClintock",Background on importance of Gibraltar to U.S. Strategic interests and request for Gibraltar Deputy Chief Minister (DCM) to meet with Member of Congress.,no,sources/2026-10-03_fara_3718-Supplemental-Statement-20240930-44.pdf,24,yes (text layer; parsed by column position),Email,,
F480,3718,Holland & Knight LLP,Government of Gibraltar (British Overseas Territory),2024-04-24,"Corey Capman, Scheduler; Stuart Burns, COS; Valentina Valenta, Legislative Director. Office of Rep. Bill Posey",Background on importance of Gibraltar to U.S. Strategic interests and request for Gibraltar Deputy Chief Minister (DCM) to meet with Member of Congress.,no,sources/2026-10-03_fara_3718-Supplemental-Statement-20240930-44.pdf,25,yes (text layer; parsed by column position),Email,,
F481,3718,Holland & Knight LLP,Government of Gibraltar (British Overseas Territory),2024-04-24,"Marie Policastro, Scheduler; Greg Brooks, COS; Lee Cotton, Nat'l Security Advisor. Office of Rep. Brad Wenstrup",Background on importance of Gibraltar to U.S. Strategic interests and request for Gibraltar Deputy Chief Minister (DCM) to meet with Member of Congress.,no,sources/2026-10-03_fara_3718-Supplemental-Statement-20240930-44.pdf,25,yes (text layer; parsed by column position),Email,Brad Wenstrup (OH),
F482,3718,Holland & Knight LLP,Government of Gibraltar (British Overseas Territory),2024-04-24,"Courtney Handey, Scheduler; Jonah Shumate, COS; Emelie Englehart, Military Leg. Asst. Office of Rep. Rick Crawford",Background on importance of Gibraltar to U.S. Strategic interests and request for Gibraltar Deputy Chief Minister (DCM) to meet with Member of Congress.,no,sources/2026-10-03_fara_3718-Supplemental-Statement-20240930-44.pdf,25,yes (text layer; parsed by column position),Email,,
F483,3718,Holland & Knight LLP,Government of Gibraltar (British Overseas Territory),2024-04-25,"Office of Rep. Wild, COS Jed Ober, LA Yann Schinazi",Correspondence regarding resolution,no,sources/2026-10-03_fara_3718-Supplemental-Statement-20240930-44.pdf,25,yes (text layer; parsed by column position),Email,,
F484,3718,Holland & Knight LLP,Government of Gibraltar (British Overseas Territory),2024-04-25,"Office of Rep. Manning, COS Sarah Curtis, and LA Daniel Marrow",Correspondence regarding resolution,no,sources/2026-10-03_fara_3718-Supplemental-Statement-20240930-44.pdf,25,yes (text layer; parsed by column position),Email,,
F485,3718,Holland & Knight LLP,Government of Gibraltar (British Overseas Territory),2024-04-25,"Office of Rep. Phillips, COS Tim Bertocci, LD Griffin Wong",Correspondence regarding resolution,no,sources/2026-10-03_fara_3718-Supplemental-Statement-20240930-44.pdf,25,yes (text layer; parsed by column position),Email,,
F486,3718,Holland & Knight LLP,Government of Gibraltar (British Overseas Territory),2024-04-25,"Office of Rep. Himes COS Cara Camacho, LA Jessie Kaplan",Correspondence regarding resolution,no,sources/2026-10-03_fara_3718-Supplemental-Statement-20240930-44.pdf,25,yes (text layer; parsed by column position),Email,James Himes (CT),
F487,3718,Holland & Knight LLP,Government of Gibraltar (British Overseas Territory),2024-04-25,"Matt McLaughlin, LA, Rep. Connolly",Correspondence regarding resolution,no,sources/2026-10-03_fara_3718-Supplemental-Statement-20240930-44.pdf,25,yes (text layer; parsed by column position),Email,,
F488,3718,Holland & Knight LLP,Government of Gibraltar (British Overseas Territory),2024-04-25,"Office of Rep. Stanton, COS Trade Sutton, Counsel Jennifer Arnold",Correspondence regarding resolution,no,sources/2026-10-03_fara_3718-Supplemental-Statement-20240930-44.pdf,25,yes (text layer; parsed by column position),Email,,
F489,3718,Holland & Knight LLP,Government of Gibraltar (British Overseas Territory),2024-04-26,"Sally Lindsay, Scheduler; Veronica Wong, COS, Marke Erste, LD, Rep. Daryl Issa",Background on importance of Gibraltar to U.S. Strategic interests and request for Gibraltar Deputy Chief Minister (DCM) to meet with Member of Congress.,no,sources/2026-10-03_fara_3718-Supplemental-Statement-20240930-44.pdf,25,yes (text layer; parsed by column position),Email,,
F490,3718,Holland & Knight LLP,Government of Gibraltar (British Overseas Territory),2024-05-02,"Ashley Phillips, Scheduler, Courtney Kaufman, Sr. L.A., Rep. Mike Lawler",Background on Gibraltar and joint briefing by British Embassy and Gibraltar on Importance of Gibraltar to the U.S.,no,sources/2026-10-03_fara_3718-Supplemental-Statement-20240930-44.pdf,25,yes (text layer; parsed by column position),Email,Michael Lawler (NY),
F491,3718,Holland & Knight LLP,Government of Gibraltar (British Overseas Territory),2024-05-02,"Patrick Flood, MLA, Rep. Don Bacon",Flyer for joint briefing hosted by British Embassy and Gibraltar on Importance of Gibraltar to the U.S.,no,sources/2026-10-03_fara_3718-Supplemental-Statement-20240930-44.pdf,25,yes (text layer; parsed by column position),Email,,
F492,3718,Holland & Knight LLP,Government of Gibraltar (British Overseas Territory),2024-05-02,"Bubba White, LD, Rep. David Rouzer, Stephanie Pendarvis, LD, Rep. Joe Wilson",Flyer for joint briefing hosted by British Embassy and Gibraltar on Importance of Gibraltar to the U.S. and request to distribute to UK Caucus members.,no,sources/2026-10-03_fara_3718-Supplemental-Statement-20240930-44.pdf,25,yes (text layer; parsed by column position),Email,David Rouzer (NC),
F493,3718,Holland & Knight LLP,Government of Gibraltar (British Overseas Territory),2024-05-02,"Madeline Jackson, Scheduler; Hunt VanderToll, LD; Mary Rosado, COS, Rep. Andy Barr",Invitation to attend joint briefing hosted by British Embassy and Gibraltar on Importance of Gibraltar to the U.S.,no,sources/2026-10-03_fara_3718-Supplemental-Statement-20240930-44.pdf,25,yes (text layer; parsed by column position),Email,,
F494,3718,Holland & Knight LLP,Government of Gibraltar (British Overseas Territory),2024-05-02,"Chelsea Cohen, Scheduler; Josh Bradley, COS; DeLayne Hyatt, LD, Rep. Nathanial Moran",Invitation to attend joint briefing hosted by British Embassy and Gibraltar on Importance of Gibraltar to the U.S.,no,sources/2026-10-03_fara_3718-Supplemental-Statement-20240930-44.pdf,25,yes (text layer; parsed by column position),Email,,
F495,3718,Holland & Knight LLP,Government of Gibraltar (British Overseas Territory),2024-05-02,"Jackie Van Slambrook, Scheduler; Jim Dolbow, Nat'l Security Advisor, Rep. Austin Scott",Invitation to attend joint briefing hosted by British Embassy and Gibraltar on Importance of Gibraltar to the U.S.,no,sources/2026-10-03_fara_3718-Supplemental-Statement-20240930-44.pdf,25,yes (text layer; parsed by column position),Email,,
F496,3718,Holland & Knight LLP,Government of Gibraltar (British Overseas Territory),2024-05-02,"Elie Stevens, Scheduler; Tom Dolan, LD; Rep. Mark Alford",Invitation to attend joint briefing hosted by British Embassy and Gibraltar on Importance of Gibraltar to the U.S.,no,sources/2026-10-03_fara_3718-Supplemental-Statement-20240930-44.pdf,26,yes (text layer; parsed by column position),Email,Mark Alford (MO),
F497,3718,Holland & Knight LLP,Government of Gibraltar (British Overseas Territory),2024-05-02,"Joshua Guest, Scheduler; Matt Hodge, LD; Kenneth Depew, LA; Rep. Dan Crenshaw",Invitation to attend joint briefing hosted by British Embassy and Gibraltar on Importance of Gibraltar to the U.S.,no,sources/2026-10-03_fara_3718-Supplemental-Statement-20240930-44.pdf,26,yes (text layer; parsed by column position),Email,,
F498,3718,Holland & Knight LLP,Government of Gibraltar (British Overseas Territory),2024-05-02,"Sally Lindsay, Scheduler; Mark Erste, LD; Rep. Issa",Invitation to attend joint briefing hosted by British Embassy and Gibraltar on Importance of Gibraltar to the U.S.,no,sources/2026-10-03_fara_3718-Supplemental-Statement-20240930-44.pdf,26,yes (text layer; parsed by column position),Email,,
F499,3718,Holland & Knight LLP,Government of Gibraltar (British Overseas Territory),2024-05-02,"Savannah Berryman, Scheduler; A. Brooke Bennett, COS; Rep. French Hill",Invitation to attend joint briefing hosted by British Embassy and Gibraltar on Importance of Gibraltar to the U.S.,no,sources/2026-10-03_fara_3718-Supplemental-Statement-20240930-44.pdf,26,yes (text layer; parsed by column position),Email,,
F500,3718,Holland & Knight LLP,Government of Gibraltar (British Overseas Territory),2024-05-02,"Chandler Shields, Scheduler; Shields Travel; Payne Griffin, COS; Sophia Warner, LA; Rep. Dale Strong",Invitation to attend joint briefing hosted by British Embassy and Gibraltar on Importance of Gibraltar to the U.S.,no,sources/2026-10-03_fara_3718-Supplemental-Statement-20240930-44.pdf,26,yes (text layer; parsed by column position),Email,,
F501,3718,Holland & Knight LLP,Government of Gibraltar (British Overseas Territory),2024-05-02,"Corey Capman, Scheduler; Stuart Burns, COS: Valentina Valenta, LD; Rep. Bill Posey",Invitation to attend joint briefing hosted by British Embassy and Gibraltar on Importance of Gibraltar to the U.S.,no,sources/2026-10-03_fara_3718-Supplemental-Statement-20240930-44.pdf,26,yes (text layer; parsed by column position),Email,,
F502,3718,Holland & Knight LLP,Government of Gibraltar (British Overseas Territory),2024-05-02,"Jason Galanes, COS; Angela Ryan, Scheduler; Zachary Taylor, MLA; Rep. Michael Turner",Invitation to attend joint briefing hosted by British Embassy and Gibraltar on Importance of Gibraltar to the U.S.,no,sources/2026-10-03_fara_3718-Supplemental-Statement-20240930-44.pdf,26,yes (text layer; parsed by column position),Email,,
F503,3718,Holland & Knight LLP,Government of Gibraltar (British Overseas Territory),2024-05-02,"Jake Ronan, Scheduler; Nick Hawatmeh, COS; Erik Kinney, LD; Rep. Lisa McClain",Invitation to attend joint briefing hosted by British Embassy and Gibraltar on Importance of Gibraltar to the U.S.,no,sources/2026-10-03_fara_3718-Supplemental-Statement-20240930-44.pdf,26,yes (text layer; parsed by column position),Email,,
F504,3718,Holland & Knight LLP,Government of Gibraltar (British Overseas Territory),2024-05-02,"Sally Lindsay, Scheduler; Mark Erste, LD; Rep. Issa",Invitation to attend joint briefing hosted by British Embassy and Gibraltar on Importance of Gibraltar to the U.S.,no,sources/2026-10-03_fara_3718-Supplemental-Statement-20240930-44.pdf,26,yes (text layer; parsed by column position),Email,,
F505,3718,Holland & Knight LLP,Government of Gibraltar (British Overseas Territory),2024-05-06,"Emily Ann Smith, Scheduler; Charlie Keller, COS; Molly Joseph, LD; Rep. Ann Wagner",Invitation to attend joint briefing hosted by British Embassy and Gibraltar on Importance of Gibraltar to the U.S.,no,sources/2026-10-03_fara_3718-Supplemental-Statement-20240930-44.pdf,26,yes (text layer; parsed by column position),Email,Ann Wagner (MO),
F506,3718,Holland & Knight LLP,Government of Gibraltar (British Overseas Territory),2024-05-07,"Chelsea Cohen, Scheduler; Josh Bradley, COS; Delayne Hyatt, LD; Rep. Nathaniel Moran",Invitation to attend joint briefing hosted by British Embassy and Gibraltar on Importance of Gibraltar to the U.S.,no,sources/2026-10-03_fara_3718-Supplemental-Statement-20240930-44.pdf,26,yes (text layer; parsed by column position),Email,,
F507,3718,Holland & Knight LLP,Government of Gibraltar (British Overseas Territory),2024-05-08,"Scheduling Team Baird; Tanner Brown, Sr. LA; Rep. Jim Baird",Invitation to attend joint briefing hosted by British Embassy and Gibraltar on Importance of Gibraltar to the U.S.,no,sources/2026-10-03_fara_3718-Supplemental-Statement-20240930-44.pdf,26,yes (text layer; parsed by column position),Email,James Baird (IN),
F508,3718,Holland & Knight LLP,Government of Gibraltar (British Overseas Territory),2024-05-10,"Savannah Berryman, Scheduler; Ryan Dalbec, Sr. LA; Rep. French Hill",Invitation to attend joint briefing hosted by British Embassy and Gibraltar on Importance of Gibraltar to the U.S.,no,sources/2026-10-03_fara_3718-Supplemental-Statement-20240930-44.pdf,26,yes (text layer; parsed by column position),Email,,
F509,3718,Holland & Knight LLP,Government of Gibraltar (British Overseas Territory),2024-05-13,"Michelle Harold, Scheduler; Rep. Bill Huizenga",Invitation to attend joint briefing hosted by British Embassy and Gibraltar on Importance of Gibraltar to the U.S.,no,sources/2026-10-03_fara_3718-Supplemental-Statement-20240930-44.pdf,26,yes (text layer; parsed by column position),Email,Bill Huizenga (MI),
F510,3718,Holland & Knight LLP,Government of Gibraltar (British Overseas Territory),2024-05-13,"Office of Rep. Kilmer, COS Heather Painter, LA Hayden Davis",Correspondence regarding resolution,no,sources/2026-10-03_fara_3718-Supplemental-Statement-20240930-44.pdf,26,yes (text layer; parsed by column position),Email,Derek Kilmer (WA),
F511,3718,Holland & Knight LLP,Government of Gibraltar (British Overseas Territory),2024-05-14,Senate Intelligence staff Steve Smith and Russell Willig,Meeting regarding resolution,no,sources/2026-10-03_fara_3718-Supplemental-Statement-20240930-44.pdf,27,yes (text layer; parsed by column position),Meeting,,Column re-aligned (method word found inside contact cell by layout parse).
F512,3718,Holland & Knight LLP,Government of Gibraltar (British Overseas Territory),2024-05-14,Office of Rep. Kilmer LA Hayden Davis,Meeting regarding resolution,no,sources/2026-10-03_fara_3718-Supplemental-Statement-20240930-44.pdf,27,yes (text layer; parsed by column position),Meeting,Derek Kilmer (WA),
F513,3718,Holland & Knight LLP,Government of Gibraltar (British Overseas Territory),2024-05-14,Office of Rep. Stanton Counsel Jennifer Arnold,Meeting regarding resolution,no,sources/2026-10-03_fara_3718-Supplemental-Statement-20240930-44.pdf,27,yes (text layer; parsed by column position),Meeting,,
F514,3718,Holland & Knight LLP,Government of Gibraltar (British Overseas Territory),2024-05-14,"Dan Black, Sr. Leg. Briefing Aide, Office of Rep. Radewagen; Lee Cotton, Nat11 Security Adv., Office of Rep. Wenstrup; Alec Daman, Legislative Asst., Office of Rep. Huizenga; Hayden Davis, Legislative Aide, Office of Rep. Kilmer; John Peach, Defense Fellow, Office of Rep. Cole; Charles Sedore, Legislative Asst., Office of Rep. Wenstrup; Pragneya Sharma, Legislative Aide, Office of Rep. Bera; Matthew Trunkey, Intern, Office of Rep. Ross; Jesse von Stein, Legislative Dir., Office of Rep. Mills; Mike Callesen, Prof. Staff Member, House Foreign Affairs Comm.; Justin Rich, Intern, Office of Rep. Keating; Jen Miller, Legislative Asst., Office of Rep. Frankel; Jackson Dampier, Office of Rep. Crow; Matthew McGlaughlin, Sr. Foreign Policy Adv., Office of Rep. Connolly.",Moderation of panel with the Deputy Chief of Mission for the UK Embassy and the Deputy Chief Minister of Gibraltar.,no,sources/2026-10-03_fara_3718-Supplemental-Statement-20240930-44.pdf,27,yes (text layer; parsed by column position),(blank in filing),Derek Kilmer (WA); Tom Cole (OK); Aumua Amata Radewagen (AS); Bill Huizenga (MI); Jason Crow (CO); William Keating (MA); Ami Bera (CA); Brad Wenstrup (OH),Method cell blank in filing; purpose text re-joined.
F515,3718,Holland & Knight LLP,Government of Gibraltar (British Overseas Territory),2024-05-14,"Bill Sutey, Senior Adviser, Office of Rep. Norcross",Meeting regarding resolution,no,sources/2026-10-03_fara_3718-Supplemental-Statement-20240930-44.pdf,27,yes (text layer; parsed by column position),Meeting,Donald Norcross (NJ),
F516,3718,Holland & Knight LLP,Government of Gibraltar (British Overseas Territory),2024-05-14,"Lee Cotton, National Security Advisor, Rep. Brad Wenstrup",Background on importance of Gibraltar to U.S. Strategic interests and request to cosponsor resolution,no,sources/2026-10-03_fara_3718-Supplemental-Statement-20240930-44.pdf,27,yes (text layer; parsed by column position),Meeting,Brad Wenstrup (OH),
F517,3718,Holland & Knight LLP,Government of Gibraltar (British Overseas Territory),2024-05-15,"Office of Rep. Himes COS Cara Camacho, LA Jessie Kaplan",Meeting regarding resolution,no,sources/2026-10-03_fara_3718-Supplemental-Statement-20240930-44.pdf,27,yes (text layer; parsed by column position),Meeting,James Himes (CT),
F518,3718,Holland & Knight LLP,Government of Gibraltar (British Overseas Territory),2024-05-15,Office of Rep. Wild LA Yann Schinazi,Meeting regarding resolution,no,sources/2026-10-03_fara_3718-Supplemental-Statement-20240930-44.pdf,27,yes (text layer; parsed by column position),Meeting,,Column re-aligned (method word found inside contact cell by layout parse).
F519,3718,Holland & Knight LLP,Government of Gibraltar (British Overseas Territory),2024-05-15,Office of Rep. Boyle COS Tim Barnes,Meeting regarding resolution,no,sources/2026-10-03_fara_3718-Supplemental-Statement-20240930-44.pdf,27,yes (text layer; parsed by column position),Meeting,,
F520,3718,Holland & Knight LLP,Government of Gibraltar (British Overseas Territory),2024-06-01,"Ed Kaczmarski, Legislative Director and Bill Sutey, Senior Adviser, Office of Rep. Norcross",Correspondence regarding resolution,no,sources/2026-10-03_fara_3718-Supplemental-Statement-20240930-44.pdf,28,yes (text layer; parsed by column position),Email,Donald Norcross (NJ),
F521,3718,Holland & Knight LLP,Government of Gibraltar (British Overseas Territory),2024-06-17,Office of Rep. Ross LA Asefnia Bardia,Correspondence regarding resolution,no,sources/2026-10-03_fara_3718-Supplemental-Statement-20240930-44.pdf,28,yes (text layer; parsed by column position),Email,,
F522,3718,Holland & Knight LLP,Government of Gibraltar (British Overseas Territory),2024-06-17,Office of Rep. Keating COS Garrett Donovan,Correspondence regarding resolution,no,sources/2026-10-03_fara_3718-Supplemental-Statement-20240930-44.pdf,28,yes (text layer; parsed by column position),Email,William Keating (MA),
F523,3718,Holland & Knight LLP,Government of Gibraltar (British Overseas Territory),2024-06-17,Office of Rep. Crow COS Shira Siegel,Correspondence regarding resolution,no,sources/2026-10-03_fara_3718-Supplemental-Statement-20240930-44.pdf,28,yes (text layer; parsed by column position),Email,Jason Crow (CO),Column re-aligned (method word found inside contact cell by layout parse).
F524,3718,Holland & Knight LLP,Government of Gibraltar (British Overseas Territory),2024-06-17,Senate Intelligence staff Steve Smith and Russell Willig,Correspondence regarding resolution and Gibraltar,no,sources/2026-10-03_fara_3718-Supplemental-Statement-20240930-44.pdf,28,yes (text layer; parsed by column position),Email,,Column re-aligned (method word found inside contact cell by layout parse).
F525,3718,Holland & Knight LLP,Government of Gibraltar (British Overseas Territory),2024-06-17,"Office of Rep. Stanton, COS Trade Sutton, Counsel Jennifer Arnold",Correspondence regarding resolution,no,sources/2026-10-03_fara_3718-Supplemental-Statement-20240930-44.pdf,28,yes (text layer; parsed by column position),Email,,
F526,3718,Holland & Knight LLP,Government of Gibraltar (British Overseas Territory),2024-06-17,"Office of Rep. Wild, COS Jed Ober, LA Yann Schinazi",Correspondence regarding resolution,no,sources/2026-10-03_fara_3718-Supplemental-Statement-20240930-44.pdf,28,yes (text layer; parsed by column position),Email,,
F527,3718,Holland & Knight LLP,Government of Gibraltar (British Overseas Territory),2024-06-17,"Office of Rep. Himes COS Cara Camacho, LA Jessie Kaplan",Correspondence regarding resolution,no,sources/2026-10-03_fara_3718-Supplemental-Statement-20240930-44.pdf,28,yes (text layer; parsed by column position),Email,James Himes (CT),
F528,3718,Holland & Knight LLP,Government of Gibraltar (British Overseas Territory),2024-06-17,Office of Rep. Boyle COS Tim Barnes,Correspondence regarding resolution,no,sources/2026-10-03_fara_3718-Supplemental-Statement-20240930-44.pdf,28,yes (text layer; parsed by column position),Email,,
F529,3718,Holland & Knight LLP,Government of Gibraltar (British Overseas Territory),2024-06-17,"Office of Rep. Kilmer, COS Heather Painter, LA Hayden Davis",Correspondence regarding resolution,no,sources/2026-10-03_fara_3718-Supplemental-Statement-20240930-44.pdf,28,yes (text layer; parsed by column position),Email,Derek Kilmer (WA),
F530,3718,Holland & Knight LLP,Government of Gibraltar (British Overseas Territory),2024-06-18,"Office of Rep. Bera COS Chad Obermiller, Deputy COS Jessica Lindsay",Correspondence regarding resolution,no,sources/2026-10-03_fara_3718-Supplemental-Statement-20240930-44.pdf,28,yes (text layer; parsed by column position),Email,Ami Bera (CA),Column re-aligned (method word found inside contact cell by layout parse).
F531,3718,Holland & Knight LLP,Government of Gibraltar (British Overseas Territory),2024-06-19,"Matt McLaughlin, LA, Rep. Connolly",Correspondence regarding resolution,no,sources/2026-10-03_fara_3718-Supplemental-Statement-20240930-44.pdf,28,yes (text layer; parsed by column position),Email,,
