member,category,filer,registrant,contributor,payee,honoree,date,amount,contribution_type,same_quarter_coupang,first_coupang_year,filing_uuid,item_index,source_url,coupang_source,counted_amount,allocation_note,identical_items_in_report,actual_donor_type
John Moolenaar,external_lobbyist_filer,LAMAR SMITH,AKIN GUMP STRAUSS HAUER & FELD,TEXANS FOR LAMAR SMITH,MOOLENAAR FOR CONGRESS,JOHN MOOLENAAR,2019-05-14,1000.00,feca,False,2025,da4730c9-2efe-4ddc-a06f-16e17d212e34,47,https://lda.gov/filings/public/contribution/da4730c9-2efe-4ddc-a06f-16e17d212e34/print/,https://lda.gov/filings/public/filing/c01ba3a2-146b-4fbc-8a67-3ffa7df88238/print/,1000.00,"Single named member; reported amount, not verified net candidate receipts",1,organization
John Moolenaar,external_lobbyist_filer,LAMAR SMITH,AKIN GUMP STRAUSS HAUER & FELD,TEXANS FOR LAMAR SMITH,MOOLENAAR FOR CONGRESS,Rep. John Robert Moolenaar,2021-07-12,1000.00,feca,False,2025,a70e9cd9-e21c-4735-905c-5ed91e6132c9,36,https://lda.gov/filings/public/contribution/a70e9cd9-e21c-4735-905c-5ed91e6132c9/print/,https://lda.gov/filings/public/filing/c01ba3a2-146b-4fbc-8a67-3ffa7df88238/print/,1000.00,"Single named member; reported amount, not verified net candidate receipts",1,organization
John Moolenaar,external_lobbyist_filer,LAMAR SMITH,AKIN GUMP STRAUSS HAUER & FELD,TEXANS FOR LAMAR SMITH,MOOLENAAR FOR CONGRESS,John Moolenaar,2023-05-18,1000.00,feca,False,2025,0daab805-9c79-4a3c-ad4d-02efdba6efb4,17,https://lda.gov/filings/public/contribution/0daab805-9c79-4a3c-ad4d-02efdba6efb4/print/,https://lda.gov/filings/public/filing/c01ba3a2-146b-4fbc-8a67-3ffa7df88238/print/,1000.00,"Single named member; reported amount, not verified net candidate receipts",1,organization
John Moolenaar,external_lobbyist_filer,SALIM ALAMEDDIN,"CROSSROADS STRATEGIES, LLC",SELF,MOOLENAAR FOR CONGRESS,Rep. John Moolenaar,2024-06-28,250.00,feca,False,2026,5742d175-1c47-43c8-97b3-33ff22ea2f3d,1,https://lda.gov/filings/public/contribution/5742d175-1c47-43c8-97b3-33ff22ea2f3d/print/,https://lda.gov/filings/public/filing/3900e55e-35d6-4489-bf6e-ebff6715ab44/print/,250.00,"Single named member; reported amount, not verified net candidate receipts",1,personal
John Moolenaar,external_lobbyist_filer,SUSAN HIRSCHMANN,"WILLIAMS AND JENSEN, PLLC",SELF,MOOLENAAR FOR CONGRESS,John Moolenaar,2025-05-15,1500.00,feca,False,2026,40ddeab6-393f-4ee9-b1bf-39280141d9bb,8,https://lda.gov/filings/public/contribution/40ddeab6-393f-4ee9-b1bf-39280141d9bb/print/,https://lda.gov/filings/public/filing/ab749e29-7d74-4037-b395-bbd42e5a7fe2/print/,1500.00,"Single named member; reported amount, not verified net candidate receipts",1,personal
John Moolenaar,external_lobbyist_filer,LAMAR SMITH,AKIN GUMP STRAUSS HAUER & FELD,SELF,MOOLENAAR FOR CONGRESS,John Moolenaar,2025-07-09,1500.00,feca,True,2025,a0bd94d2-26a2-41d9-b6b2-b3c25fdee956,1,https://lda.gov/filings/public/contribution/a0bd94d2-26a2-41d9-b6b2-b3c25fdee956/print/,https://lda.gov/filings/public/filing/c01ba3a2-146b-4fbc-8a67-3ffa7df88238/print/,1500.00,"Single named member; reported amount, not verified net candidate receipts",1,personal
John Moolenaar,external_lobbyist_filer,LAMAR SMITH,AKIN GUMP STRAUSS HAUER & FELD,SELF,MOOLENAAR FOR CONGRESS,John Moolenaar,2025-09-17,1000.00,feca,True,2025,a0bd94d2-26a2-41d9-b6b2-b3c25fdee956,6,https://lda.gov/filings/public/contribution/a0bd94d2-26a2-41d9-b6b2-b3c25fdee956/print/,https://lda.gov/filings/public/filing/c01ba3a2-146b-4fbc-8a67-3ffa7df88238/print/,1000.00,"Single named member; reported amount, not verified net candidate receipts",1,personal
Rob Wittman,external_registrant_filer,AKIN GUMP STRAUSS HAUER & FELD,AKIN GUMP STRAUSS HAUER & FELD,AGSH&F CIVIC ACTION COMMITTEE (NON-CONNECTED),ROB WITTMAN FOR CONGRESS,Rep. Rob Wittman,2008-03-11,750.00,feca,False,,8349653d-2703-4665-add1-092815acb7b9,144,https://lda.gov/filings/public/contribution/8349653d-2703-4665-add1-092815acb7b9/print/,,750.00,"Single named member; reported amount, not verified net candidate receipts",1,organization
Rob Wittman,external_lobbyist_filer,JOHN GREEN,"CROSSROADS STRATEGIES, LLC",SAFARI CLUB INTERNATIONAL,ROB WITTMAN FOR CONGRESS,Rob Wittman,2010-06-30,1000.00,feca,False,2026,ace3ae72-2e2b-442a-b48f-fc7a99a56bb8,64,https://lda.gov/filings/public/contribution/ace3ae72-2e2b-442a-b48f-fc7a99a56bb8/print/,https://lda.gov/filings/public/filing/3900e55e-35d6-4489-bf6e-ebff6715ab44/print/,1000.00,"Single named member; reported amount, not verified net candidate receipts",1,organization
Rob Wittman,external_registrant_filer,"WILLIAMS AND JENSEN, PLLC","WILLIAMS AND JENSEN, PLLC",WILLIAMS AND JENSEN PLLC POLITICAL ACTION COMMITTEE,WITTMAN FOR CONGRESS,Robert Wittman,2010-09-22,500.00,feca,False,,0af050a8-f065-40e6-b403-085fd9b6fbce,4,https://lda.gov/filings/public/contribution/0af050a8-f065-40e6-b403-085fd9b6fbce/print/,,500.00,"Single named member; reported amount, not verified net candidate receipts",1,organization
Rob Wittman,external_registrant_filer,"WILLIAMS AND JENSEN, PLLC","WILLIAMS AND JENSEN, PLLC",WILLIAMS AND JENSEN POLITICAL ACTION COMMITTEE,ROB WITTMAN FOR CONGRESS,Rob Wittman,2012-05-31,500.00,feca,False,,3e03ba58-b1d2-4de2-bc3f-c1265fc51d42,10,https://lda.gov/filings/public/contribution/3e03ba58-b1d2-4de2-bc3f-c1265fc51d42/print/,,500.00,"Single named member; reported amount, not verified net candidate receipts",1,organization
Rob Wittman,external_registrant_filer,"WILLIAMS AND JENSEN, PLLC","WILLIAMS AND JENSEN, PLLC",WILLIAMS AND JENSEN POLITICAL ACTION COMMITTEE,ROB WITTMAN FOR CONGRESS,Rob Wittman,2013-03-21,500.00,feca,False,,4718399b-4e6c-4983-ba0c-c323b0725ae3,20,https://lda.gov/filings/public/contribution/4718399b-4e6c-4983-ba0c-c323b0725ae3/print/,,500.00,"Single named member; reported amount, not verified net candidate receipts",1,organization
Rob Wittman,external_registrant_filer,"WILLIAMS AND JENSEN, PLLC","WILLIAMS AND JENSEN, PLLC",WILLIAMS AND JENSEN PAC,ROB WITTMAN FOR CONGRESS,Rob Wittman,2014-04-29,500.00,feca,False,,9e6855f0-3d73-4418-9896-324bd03b938d,20,https://lda.gov/filings/public/contribution/9e6855f0-3d73-4418-9896-324bd03b938d/print/,,500.00,"Single named member; reported amount, not verified net candidate receipts",1,organization
Rob Wittman,external_lobbyist_filer,LAMAR SMITH,AKIN GUMP STRAUSS HAUER & FELD,TEXANS FOR LAMAR SMITH,ROB WITTMAN FOR CONGRESS,Rep. Rob Wittman,2022-02-18,1000.00,feca,False,2025,7fabb633-f795-4a93-bb8a-09b4ad7a902c,11,https://lda.gov/filings/public/contribution/7fabb633-f795-4a93-bb8a-09b4ad7a902c/print/,https://lda.gov/filings/public/filing/c01ba3a2-146b-4fbc-8a67-3ffa7df88238/print/,1000.00,"Single named member; reported amount, not verified net candidate receipts",1,organization
Rob Wittman,external_lobbyist_filer,LAMAR SMITH,AKIN GUMP STRAUSS HAUER & FELD,TEXANS FOR LAMAR SMITH,ROB WITTMAN FOR CONGRESS,Rob Wittman,2022-02-18,1000.00,feca,False,2025,2b4291f4-bd05-42c8-9e25-95f19cea8178,12,https://lda.gov/filings/public/contribution/2b4291f4-bd05-42c8-9e25-95f19cea8178/print/,https://lda.gov/filings/public/filing/c01ba3a2-146b-4fbc-8a67-3ffa7df88238/print/,1000.00,"Single named member; reported amount, not verified net candidate receipts",1,organization
Rob Wittman,external_lobbyist_filer,LAMAR SMITH,AKIN GUMP STRAUSS HAUER & FELD,TEXANS FOR LAMAR SMITH,ROB WITTMAN FOR CONGRESS,Rob Wittman,2022-08-19,1000.00,feca,False,2025,2b4291f4-bd05-42c8-9e25-95f19cea8178,28,https://lda.gov/filings/public/contribution/2b4291f4-bd05-42c8-9e25-95f19cea8178/print/,https://lda.gov/filings/public/filing/c01ba3a2-146b-4fbc-8a67-3ffa7df88238/print/,1000.00,"Single named member; reported amount, not verified net candidate receipts",1,organization
Rob Wittman,external_registrant_filer,AKIN GUMP STRAUSS HAUER & FELD,AKIN GUMP STRAUSS HAUER & FELD,AKIN GUMP STRAUSS HAUER & FELD LLP CIVIC ACTION COMMITTEE (AKA AKIN GUMP PAC),ROB WITTMAN FOR CONGRESS,"Wittman, Rob",2022-09-28,1000.00,feca,False,,73bcc95c-26d3-41c6-949d-c199717e48bb,74,https://lda.gov/filings/public/contribution/73bcc95c-26d3-41c6-949d-c199717e48bb/print/,,1000.00,"Single named member; reported amount, not verified net candidate receipts",1,organization
Rob Wittman,external_lobbyist_filer,HUNTER MOORHEAD,"CROSSROADS STRATEGIES, LLC",NASCOE PAC,ROB WITTMAN FOR CONGRESS,Rob Wittman,2023-02-27,1000.00,feca,False,2026,9de22358-d805-4353-9710-d425b216a530,4,https://lda.gov/filings/public/contribution/9de22358-d805-4353-9710-d425b216a530/print/,https://lda.gov/filings/public/filing/3900e55e-35d6-4489-bf6e-ebff6715ab44/print/,1000.00,"Single named member; reported amount, not verified net candidate receipts",1,organization
Rob Wittman,external_lobbyist_filer,JEFFREY MILLER,"MILLER STRATEGIES, LLC",SELF,ROB WITTMAN FOR CONGRESS,US Rep Rob Wittman,2023-05-12,1000.00,feca,False,2025,513d6e40-bbb7-4a4a-afbd-accf320034ed,39,https://lda.gov/filings/public/contribution/513d6e40-bbb7-4a4a-afbd-accf320034ed/print/,https://lda.gov/filings/public/filing/9ac941da-ab58-432e-8b1b-907d4812c36f/print/,1000.00,"Single named member; reported amount, not verified net candidate receipts",1,personal
Rob Wittman,external_lobbyist_filer,WALLY BURNETT,"CROSSROADS STRATEGIES, LLC",SELF,ROB WITTMAN FOR CONGRESS,Rob Wittman,2023-09-18,500.00,feca,False,2026,67c6ebf0-7669-4244-a0fa-ad391a0c39a8,2,https://lda.gov/filings/public/contribution/67c6ebf0-7669-4244-a0fa-ad391a0c39a8/print/,https://lda.gov/filings/public/filing/09e08f6d-d58c-42a6-82e2-38d905a6b39f/print/,500.00,"Single named member; reported amount, not verified net candidate receipts",1,personal
Rob Wittman,external_lobbyist_filer,JEFFREY MILLER,"MILLER STRATEGIES, LLC",SELF,ROB WITTMAN FOR CONGRESS,Rep. Rob Wittman,2023-10-23,2500.00,feca,False,2025,13a847e8-2ae5-4a95-9bbf-fe619cc5b411,12,https://lda.gov/filings/public/contribution/13a847e8-2ae5-4a95-9bbf-fe619cc5b411/print/,https://lda.gov/filings/public/filing/9ac941da-ab58-432e-8b1b-907d4812c36f/print/,2500.00,"Single named member; reported amount, not verified net candidate receipts",1,personal
Rob Wittman,external_registrant_filer,AKIN GUMP STRAUSS HAUER & FELD,AKIN GUMP STRAUSS HAUER & FELD,AKIN GUMP STRAUSS HAUER & FELD LLP CIVIC ACTION COMMITTEE (AKA AKIN GUMP PAC),ROB WITTMAN FOR CONGRESS,"Wittman, Rob",2024-02-09,750.00,feca,False,,2ce87628-8582-4d3b-bae6-f63fbb40d4c1,12,https://lda.gov/filings/public/contribution/2ce87628-8582-4d3b-bae6-f63fbb40d4c1/print/,,750.00,"Single named member; reported amount, not verified net candidate receipts",1,organization
Rob Wittman,external_registrant_filer,AKIN GUMP STRAUSS HAUER & FELD,AKIN GUMP STRAUSS HAUER & FELD,AKIN GUMP STRAUSS HAUER & FELD LLP CIVIC ACTION COMMITTEE (AKA AKIN GUMP PAC),ROB WITTMAN FOR CONGRESS,"Wittman, Rob",2024-09-26,750.00,feca,False,,8e59f2f6-053b-4c11-999d-ac42bee6b14d,32,https://lda.gov/filings/public/contribution/8e59f2f6-053b-4c11-999d-ac42bee6b14d/print/,,750.00,"Single named member; reported amount, not verified net candidate receipts",1,organization
Rob Wittman,external_registrant_filer,AKIN GUMP STRAUSS HAUER & FELD,AKIN GUMP STRAUSS HAUER & FELD,AKIN GUMP STRAUSS HAUER & FELD LLP CIVIC ACTION COMMITTEE (AKA AKIN GUMP PAC),ROB WITTMAN FOR CONGRESS,"Wittman, Rob",2025-05-29,750.00,feca,False,,5d834037-7427-4755-9870-0daf7a8d5c3a,83,https://lda.gov/filings/public/contribution/5d834037-7427-4755-9870-0daf7a8d5c3a/print/,,750.00,"Single named member; reported amount, not verified net candidate receipts",1,organization
Rob Wittman,company_or_coupac,"COUPANG, INC.","COUPANG, INC.",COUPANG INC. COMPANY PAC (COUPAC),ROB WITTMAN FOR CONGRESS,Rep Rob Wittman,2025-11-21,1000.00,feca,False,,b714a882-e2ea-4a80-8de5-0c117111608d,18,https://lda.gov/filings/public/contribution/b714a882-e2ea-4a80-8de5-0c117111608d/print/,,1000.00,"Single named member; reported amount, not verified net candidate receipts",1,coupac
Andy Barr,external_registrant_filer,AKIN GUMP STRAUSS HAUER & FELD,AKIN GUMP STRAUSS HAUER & FELD,AGSH&F CIVIC ACTION COMMITTEE,ANDY BARR FOR CONGRESS,Andy Barr,2013-07-22,750.00,feca,False,,7e5e1561-e463-42e5-a005-461e09f9cb1c,18,https://lda.gov/filings/public/contribution/7e5e1561-e463-42e5-a005-461e09f9cb1c/print/,,750.00,"Single named member; reported amount, not verified net candidate receipts",1,organization
Andy Barr,external_lobbyist_filer,SUSAN HIRSCHMANN,"WILLIAMS AND JENSEN, PLLC","HIRSCHMANN, SUSAN",ANDY BARR FOR CONGRESS,Andy Barr,2014-03-06,500.00,feca,False,2026,5d91109a-c5a6-4ff6-b8a5-15b547087f56,25,https://lda.gov/filings/public/contribution/5d91109a-c5a6-4ff6-b8a5-15b547087f56/print/,https://lda.gov/filings/public/filing/ab749e29-7d74-4037-b395-bbd42e5a7fe2/print/,500.00,"Single named member; reported amount, not verified net candidate receipts",1,personal
Andy Barr,external_registrant_filer,"WILLIAMS AND JENSEN, PLLC","WILLIAMS AND JENSEN, PLLC",WILLIAMS AND JENSEN PAC,ANDY BARR FOR CONGRESS,Andy Barr,2014-04-29,500.00,feca,False,,9e6855f0-3d73-4418-9896-324bd03b938d,15,https://lda.gov/filings/public/contribution/9e6855f0-3d73-4418-9896-324bd03b938d/print/,,500.00,"Single named member; reported amount, not verified net candidate receipts",1,organization
Andy Barr,external_lobbyist_filer,SUSAN HIRSCHMANN,"WILLIAMS AND JENSEN, PLLC","HIRSCHMANN, SUSAN",ANDY BARR FOR CONGRESS,Andy Barr,2015-11-23,500.00,feca,False,2026,bfa3b32c-f668-4bfc-8e22-35fedab1de2b,9,https://lda.gov/filings/public/contribution/bfa3b32c-f668-4bfc-8e22-35fedab1de2b/print/,https://lda.gov/filings/public/filing/ab749e29-7d74-4037-b395-bbd42e5a7fe2/print/,500.00,"Single named member; reported amount, not verified net candidate receipts",1,personal
Andy Barr,external_lobbyist_filer,MATHEW LAPINSKI,"CROSSROADS STRATEGIES, LLC","LAPINSKI, MATHEW","ANDY BARR FOR CONGRESS, INC.",Rep. Andy Barr,2018-02-21,500.00,feca,False,2026,75e4e0f2-4e0c-4870-a110-c57f4d5765ee,1,https://lda.gov/filings/public/contribution/75e4e0f2-4e0c-4870-a110-c57f4d5765ee/print/,https://lda.gov/filings/public/filing/3900e55e-35d6-4489-bf6e-ebff6715ab44/print/,500.00,"Single named member; reported amount, not verified net candidate receipts",1,personal
Andy Barr,external_registrant_filer,AKIN GUMP STRAUSS HAUER & FELD,AKIN GUMP STRAUSS HAUER & FELD,AGSH&F CIVIC ACTION COMMITTEE,"ANDY BARR FOR CONGRESS, INC.",Andy Barr,2018-03-20,1000.00,feca,False,,0e92a21c-879f-4846-83b2-c21400be22fc,70,https://lda.gov/filings/public/contribution/0e92a21c-879f-4846-83b2-c21400be22fc/print/,,1000.00,"Single named member; reported amount, not verified net candidate receipts",1,organization
Andy Barr,external_registrant_filer,AKIN GUMP STRAUSS HAUER & FELD,AKIN GUMP STRAUSS HAUER & FELD,AGSH&F CIVIC ACTION COMMITTEE,ANDY BARR FOR CONGRESS,Andy Barr,2018-10-04,500.00,feca,False,,a01df0b1-184f-487f-aa8a-5188c8b0f947,36,https://lda.gov/filings/public/contribution/a01df0b1-184f-487f-aa8a-5188c8b0f947/print/,,500.00,"Single named member; reported amount, not verified net candidate receipts",1,organization
Andy Barr,external_registrant_filer,"WILLIAMS AND JENSEN, PLLC","WILLIAMS AND JENSEN, PLLC","WILLIAMS & JENSEN, PLLC POLITICAL ACTION COMMITTEE","ANDY BARR FOR CONGRESS, INC.",Andy Barr,2019-02-06,1000.00,feca,False,,12242585-5159-4673-8efb-93b0ffe9d1b6,3,https://lda.gov/filings/public/contribution/12242585-5159-4673-8efb-93b0ffe9d1b6/print/,,1000.00,"Single named member; reported amount, not verified net candidate receipts",1,organization
Andy Barr,external_lobbyist_filer,MATHEW LAPINSKI,"CROSSROADS STRATEGIES, LLC","LAPINSKI, MATHEW",ANDY BARR FOR CONGRESS INC,Rep. Andy Barr,2019-03-10,500.00,feca,False,2026,256e13ad-5483-417b-860c-0e8b192df3a6,6,https://lda.gov/filings/public/contribution/256e13ad-5483-417b-860c-0e8b192df3a6/print/,https://lda.gov/filings/public/filing/3900e55e-35d6-4489-bf6e-ebff6715ab44/print/,500.00,"Single named member; reported amount, not verified net candidate receipts",1,personal
Andy Barr,external_lobbyist_filer,SUSAN HIRSCHMANN,"WILLIAMS AND JENSEN, PLLC","HIRSCHMANN, SUSAN",ANDY BARR FOR CONGRESS,Andy Barr,2019-03-29,1000.00,feca,False,2026,340bb42e-4cb3-47fa-928f-35c7605ab60f,5,https://lda.gov/filings/public/contribution/340bb42e-4cb3-47fa-928f-35c7605ab60f/print/,https://lda.gov/filings/public/filing/ab749e29-7d74-4037-b395-bbd42e5a7fe2/print/,1000.00,"Single named member; reported amount, not verified net candidate receipts",1,personal
Andy Barr,external_registrant_filer,AKIN GUMP STRAUSS HAUER & FELD,AKIN GUMP STRAUSS HAUER & FELD,AGSH&F CIVIC ACTION COMMITTEE,ANDY BARR FOR CONGRESS,Andy Barr,2019-12-10,1000.00,feca,False,,ff3dd211-b8d8-43e2-a800-fb2997f422a3,46,https://lda.gov/filings/public/contribution/ff3dd211-b8d8-43e2-a800-fb2997f422a3/print/,,1000.00,"Single named member; reported amount, not verified net candidate receipts",1,organization
Andy Barr,external_registrant_filer,AKIN GUMP STRAUSS HAUER & FELD,AKIN GUMP STRAUSS HAUER & FELD,AGSH&F CIVIC ACTION COMMITTEE,"ANDY BARR FOR CONGRESS, INC.","Barr, Andy",2020-09-23,1000.00,feca,False,,23eb6809-243c-4f1c-982e-3a8516abc33d,36,https://lda.gov/filings/public/contribution/23eb6809-243c-4f1c-982e-3a8516abc33d/print/,,1000.00,"Single named member; reported amount, not verified net candidate receipts",1,organization
Andy Barr,external_lobbyist_filer,MATHEW LAPINSKI,"CROSSROADS STRATEGIES, LLC","LAPINSKI, MATHEW","ANDY BARR FOR CONGRESS, INC.",ANDY BARR,2020-10-26,250.00,feca,False,2026,2f2996fe-2c6e-43e8-a1dc-a75c5e23805b,26,https://lda.gov/filings/public/contribution/2f2996fe-2c6e-43e8-a1dc-a75c5e23805b/print/,https://lda.gov/filings/public/filing/3900e55e-35d6-4489-bf6e-ebff6715ab44/print/,250.00,"Single named member; reported amount, not verified net candidate receipts",1,personal
Andy Barr,external_lobbyist_filer,HUNTER MOORHEAD,"CROSSROADS STRATEGIES, LLC","MOORHEAD, HUNTER","ANDY BARR FOR CONGRESS, INC.",ANDY BARR,2020-10-27,500.00,feca,False,2026,3d855ac3-28d8-4b92-964b-247b697a01c9,18,https://lda.gov/filings/public/contribution/3d855ac3-28d8-4b92-964b-247b697a01c9/print/,https://lda.gov/filings/public/filing/3900e55e-35d6-4489-bf6e-ebff6715ab44/print/,500.00,"Single named member; reported amount, not verified net candidate receipts",1,personal
Andy Barr,external_lobbyist_filer,HUNTER MOORHEAD,"CROSSROADS STRATEGIES, LLC",NASCOE PAC,"ANDY BARR FOR CONGRESS, INC.",ANDY BARR,2022-09-29,1000.00,feca,False,2026,452b1ced-ae95-4dcb-80df-bc6d973a1bf6,9,https://lda.gov/filings/public/contribution/452b1ced-ae95-4dcb-80df-bc6d973a1bf6/print/,https://lda.gov/filings/public/filing/3900e55e-35d6-4489-bf6e-ebff6715ab44/print/,1000.00,"Single named member; reported amount, not verified net candidate receipts",1,organization
Andy Barr,external_lobbyist_filer,MATHEW LAPINSKI,"CROSSROADS STRATEGIES, LLC",SELF,BUILDING AMERICA'S REPUBLICAN REPRESENTATIONPAC,Rep. Andy Barr,2022-12-31,1500.00,feca,False,2026,00cbf232-674d-48cc-82f5-4ed9ffaa7ebb,27,https://lda.gov/filings/public/contribution/00cbf232-674d-48cc-82f5-4ed9ffaa7ebb/print/,https://lda.gov/filings/public/filing/3900e55e-35d6-4489-bf6e-ebff6715ab44/print/,1500.00,"Single named member; reported amount, not verified net candidate receipts",1,personal
Andy Barr,external_lobbyist_filer,HUNTER MOORHEAD,"CROSSROADS STRATEGIES, LLC",SELF,ANDY BARR FOR CONGRESS,Andy Barr,2023-01-24,1000.00,feca,False,2026,9de22358-d805-4353-9710-d425b216a530,19,https://lda.gov/filings/public/contribution/9de22358-d805-4353-9710-d425b216a530/print/,https://lda.gov/filings/public/filing/3900e55e-35d6-4489-bf6e-ebff6715ab44/print/,1000.00,"Single named member; reported amount, not verified net candidate receipts",1,personal
Andy Barr,external_registrant_filer,AKIN GUMP STRAUSS HAUER & FELD,AKIN GUMP STRAUSS HAUER & FELD,AKIN GUMP STRAUSS HAUER & FELD LLP CIVIC ACTION COMMITTEE (AKA AKIN GUMP PAC),"ANDY BARR FOR CONGRESS, INC.","Barr, Andy",2023-09-26,750.00,feca,False,,aa4b0bcc-985f-4a02-835b-403354a07003,39,https://lda.gov/filings/public/contribution/aa4b0bcc-985f-4a02-835b-403354a07003/print/,,750.00,"Single named member; reported amount, not verified net candidate receipts",1,organization
Andy Barr,external_registrant_filer,AKIN GUMP STRAUSS HAUER & FELD,AKIN GUMP STRAUSS HAUER & FELD,AKIN GUMP STRAUSS HAUER & FELD LLP CIVIC ACTION COMMITTEE (AKA AKIN GUMP PAC),"ANDY BARR FOR CONGRESS, INC.","Barr, Andy",2024-02-09,2500.00,feca,False,,2ce87628-8582-4d3b-bae6-f63fbb40d4c1,5,https://lda.gov/filings/public/contribution/2ce87628-8582-4d3b-bae6-f63fbb40d4c1/print/,,2500.00,"Single named member; reported amount, not verified net candidate receipts",1,organization
Andy Barr,external_registrant_filer,AKIN GUMP STRAUSS HAUER & FELD,AKIN GUMP STRAUSS HAUER & FELD,AKIN GUMP STRAUSS HAUER & FELD LLP CIVIC ACTION COMMITTEE (AKA AKIN GUMP PAC),"ANDY BARR FOR CONGRESS, INC.","Barr, Andy",2025-03-31,1000.00,feca,False,,5d834037-7427-4755-9870-0daf7a8d5c3a,41,https://lda.gov/filings/public/contribution/5d834037-7427-4755-9870-0daf7a8d5c3a/print/,,1000.00,"Single named member; reported amount, not verified net candidate receipts",1,organization
Andy Barr,external_lobbyist_filer,MATHEW LAPINSKI,"CROSSROADS STRATEGIES, LLC",SELF,ANDY BARR FOR SENATE,Rep. Andy Barr,2025-03-31,3500.00,feca,False,2026,b0027a50-d98b-4560-992d-f0425b410251,10,https://lda.gov/filings/public/contribution/b0027a50-d98b-4560-992d-f0425b410251/print/,https://lda.gov/filings/public/filing/3900e55e-35d6-4489-bf6e-ebff6715ab44/print/,3500.00,"Single named member; reported amount, not verified net candidate receipts",1,personal
Andy Barr,external_lobbyist_filer,HUNTER MOORHEAD,"CROSSROADS STRATEGIES, LLC",SELF,ANDY BARR FOR SENATE,Andy Barr,2025-07-07,1000.00,feca,False,2026,a59db21e-343d-4660-a3bd-607ce205edc9,1,https://lda.gov/filings/public/contribution/a59db21e-343d-4660-a3bd-607ce205edc9/print/,https://lda.gov/filings/public/filing/3900e55e-35d6-4489-bf6e-ebff6715ab44/print/,1000.00,"Single named member; reported amount, not verified net candidate receipts",1,personal
Andy Barr,external_lobbyist_filer,TIMOTHY COSTA,"CONTINENTAL STRATEGY, LLC",SELF,ANDY BARR,N/A,2025-11-25,7000.00,feca,False,2025,8e27d0b0-fa24-46ed-a03e-bdcfdc561a02,6,https://lda.gov/filings/public/contribution/8e27d0b0-fa24-46ed-a03e-bdcfdc561a02/print/,https://lda.gov/filings/public/filing/8f3f0c3d-76df-4cfd-907a-78175ca57d5b/print/,7000.00,"Single named member; reported amount, not verified net candidate receipts",1,personal
Andy Barr,external_lobbyist_filer,DANIEL ZIEGLER,"WILLIAMS AND JENSEN, PLLC",SELF,FRIENDS OF ANDY BARR,Andy Barr,2026-04-21,1000.00,feca,True,2026,faa80d61-ad89-4840-aee3-31d7395c6d85,5,https://lda.gov/filings/public/contribution/faa80d61-ad89-4840-aee3-31d7395c6d85/print/,https://lda.gov/filings/public/filing/e2bd3de5-e587-441f-8772-9b3221e40581/print/,1000.00,"Single named member; reported amount, not verified net candidate receipts",1,personal
Andy Barr,external_lobbyist_filer,SUSAN HIRSCHMANN,"WILLIAMS AND JENSEN, PLLC",SELF,FRIENDS OF ANDY BARR,Andy Barr,2026-04-23,3500.00,feca,True,2026,2b6dfa5c-d27f-4313-930e-ae0620d1a39f,2,https://lda.gov/filings/public/contribution/2b6dfa5c-d27f-4313-930e-ae0620d1a39f/print/,https://lda.gov/filings/public/filing/e2bd3de5-e587-441f-8772-9b3221e40581/print/,3500.00,"Single named member; reported amount, not verified net candidate receipts",1,personal
Andy Barr,external_lobbyist_filer,JAMES MIN,"MILLER STRATEGIES, LLC",SELF,ANDY BARR FOR SENATE,Rep. Andy Barr,2026-04-27,2000.00,feca,True,2025,3993cb7c-481e-488e-9fac-a06500c63b47,11,https://lda.gov/filings/public/contribution/3993cb7c-481e-488e-9fac-a06500c63b47/print/,https://lda.gov/filings/public/filing/bc2802ca-61cd-4c15-aa99-37caa14420c5/print/,2000.00,"Single named member; reported amount, not verified net candidate receipts",1,personal
Dan Newhouse,external_lobbyist_filer,SUSAN HIRSCHMANN,"WILLIAMS AND JENSEN, PLLC","HIRSCHMANN, SUSAN",DAN NEWHOUSE FOR CONGRESS,Dan Newhouse,2016-06-01,500.00,feca,False,2026,487e1582-c20e-438a-9f0c-8207257b4e3d,10,https://lda.gov/filings/public/contribution/487e1582-c20e-438a-9f0c-8207257b4e3d/print/,https://lda.gov/filings/public/filing/ab749e29-7d74-4037-b395-bbd42e5a7fe2/print/,500.00,"Single named member; reported amount, not verified net candidate receipts",1,personal
Dan Newhouse,external_lobbyist_filer,CHRIS J MILLER,"CROSSROADS STRATEGIES, LLC","MILLER, CHRIS J",NEWHOUSE VICTORY FUND,Rep. Dan Newhouse,2019-05-08,1000.00,feca,False,2026,874d3eca-095e-4882-ac6a-089c42e829a6,4,https://lda.gov/filings/public/contribution/874d3eca-095e-4882-ac6a-089c42e829a6/print/,https://lda.gov/filings/public/filing/3900e55e-35d6-4489-bf6e-ebff6715ab44/print/,1000.00,"Single named member; reported amount, not verified net candidate receipts",1,personal
Dan Newhouse,external_lobbyist_filer,BEN LEE MCMAKIN,"CROSSROADS STRATEGIES, LLC","MCMAKIN, BEN LEE",DAN NEWHOUSE FOR CONGRESS,Dan Newhouse,2021-02-02,500.00,feca,False,2026,f1c9a67f-cd79-4b7b-aa88-e2b8c38c4e51,2,https://lda.gov/filings/public/contribution/f1c9a67f-cd79-4b7b-aa88-e2b8c38c4e51/print/,https://lda.gov/filings/public/filing/3900e55e-35d6-4489-bf6e-ebff6715ab44/print/,500.00,"Single named member; reported amount, not verified net candidate receipts",1,personal
Dan Newhouse,external_lobbyist_filer,CHRIS J MILLER,"CROSSROADS STRATEGIES, LLC","MILLER, CHRIS J",DAN NEWHOUSE FOR CONGRESS,Rep. Dan Newhouse,2021-02-03,2900.00,feca,False,2026,b902e66a-a841-407d-8300-814bbc9d37d4,3,https://lda.gov/filings/public/contribution/b902e66a-a841-407d-8300-814bbc9d37d4/print/,https://lda.gov/filings/public/filing/3900e55e-35d6-4489-bf6e-ebff6715ab44/print/,2900.00,"Single named member; reported amount, not verified net candidate receipts",1,personal
Dan Newhouse,external_lobbyist_filer,HUNTER MOORHEAD,"CROSSROADS STRATEGIES, LLC",NASCOE PAC,DAN NEWHOUSE FOR CONGRESS,Dan Newhouse,2021-03-31,1000.00,feca,False,2026,0055193d-8fc2-497a-b79c-b67b02a8fea7,12,https://lda.gov/filings/public/contribution/0055193d-8fc2-497a-b79c-b67b02a8fea7/print/,https://lda.gov/filings/public/filing/3900e55e-35d6-4489-bf6e-ebff6715ab44/print/,1000.00,"Single named member; reported amount, not verified net candidate receipts",1,organization
Dan Newhouse,external_lobbyist_filer,WALLY BURNETT,"CROSSROADS STRATEGIES, LLC",SELF,DAN NEWHOUSE FOR CONGRESS,Congressman Dan Newhouse,2022-06-20,1000.00,feca,False,2026,a2120878-f693-4d7b-add5-8f43844f593d,4,https://lda.gov/filings/public/contribution/a2120878-f693-4d7b-add5-8f43844f593d/print/,https://lda.gov/filings/public/filing/09e08f6d-d58c-42a6-82e2-38d905a6b39f/print/,1000.00,"Single named member; reported amount, not verified net candidate receipts",1,personal
Dan Newhouse,external_lobbyist_filer,SUSAN HIRSCHMANN,"WILLIAMS AND JENSEN, PLLC",SELF,DAN NEWHOUSE FOR CONGRESS,Dan Newhouse,2022-06-29,1000.00,feca,False,2026,7f88f5d2-e1b0-4797-b86d-8976cb86d554,15,https://lda.gov/filings/public/contribution/7f88f5d2-e1b0-4797-b86d-8976cb86d554/print/,https://lda.gov/filings/public/filing/ab749e29-7d74-4037-b395-bbd42e5a7fe2/print/,1000.00,"Single named member; reported amount, not verified net candidate receipts",1,personal
Dan Newhouse,external_lobbyist_filer,JOHN GREEN,"CROSSROADS STRATEGIES, LLC",SELF,DAN NEWHOUSE FOR CONGRESS,DAN NEWHOUSE,2022-07-21,1000.00,feca,False,2026,dde4a82c-200f-487e-a36c-80e7b596a7fa,3,https://lda.gov/filings/public/contribution/dde4a82c-200f-487e-a36c-80e7b596a7fa/print/,https://lda.gov/filings/public/filing/3900e55e-35d6-4489-bf6e-ebff6715ab44/print/,1000.00,"Single named member; reported amount, not verified net candidate receipts",1,personal
Dan Newhouse,external_lobbyist_filer,CHRIS J MILLER,"CROSSROADS STRATEGIES, LLC",SELF,DAN NEWHOUSE FOR CONGRESS,Rep. Dan Newhouse,2023-08-29,1500.00,feca,False,2026,bc5fe76b-999d-4624-bd4d-10d94a8610b4,1,https://lda.gov/filings/public/contribution/bc5fe76b-999d-4624-bd4d-10d94a8610b4/print/,https://lda.gov/filings/public/filing/3900e55e-35d6-4489-bf6e-ebff6715ab44/print/,1500.00,"Single named member; reported amount, not verified net candidate receipts",1,personal
Dan Newhouse,external_lobbyist_filer,CHRIS J MILLER,"CROSSROADS STRATEGIES, LLC",SELF,DAN NEWHOUSE FOR CONGRESS,Rep. Dan Newhouse,2024-06-30,500.00,feca,False,2026,bc73bbb6-8273-4bc8-bf2f-a3499de07e94,7,https://lda.gov/filings/public/contribution/bc73bbb6-8273-4bc8-bf2f-a3499de07e94/print/,https://lda.gov/filings/public/filing/3900e55e-35d6-4489-bf6e-ebff6715ab44/print/,500.00,"Single named member; reported amount, not verified net candidate receipts",1,personal
Dan Newhouse,external_lobbyist_filer,CHRIS J MILLER,"CROSSROADS STRATEGIES, LLC",SELF,DAN NEWHOUSE FOR CONGRESS,Rep. Dan Newhouse,2024-09-17,500.00,feca,False,2026,34f932f2-0c42-4e1d-af2f-f879977d18f6,3,https://lda.gov/filings/public/contribution/34f932f2-0c42-4e1d-af2f-f879977d18f6/print/,https://lda.gov/filings/public/filing/3900e55e-35d6-4489-bf6e-ebff6715ab44/print/,500.00,"Single named member; reported amount, not verified net candidate receipts",1,personal
Dan Newhouse,external_lobbyist_filer,CHRIS J MILLER,"CROSSROADS STRATEGIES, LLC",SELF,NEW ENERGY IN WASHINGTON HOUSE PAC,Rep. Dan Newhouse,2025-03-20,250.00,feca,False,2026,a8b03553-bf7f-466c-af50-cc256b300655,4,https://lda.gov/filings/public/contribution/a8b03553-bf7f-466c-af50-cc256b300655/print/,https://lda.gov/filings/public/filing/3900e55e-35d6-4489-bf6e-ebff6715ab44/print/,250.00,"Single named member; reported amount, not verified net candidate receipts",1,personal
Dan Newhouse,external_lobbyist_filer,CHRIS J MILLER,"CROSSROADS STRATEGIES, LLC",SELF,DAN NEWHOUSE FOR CONGRESS,Rep. Dan Newhouse,2025-09-29,2500.00,feca,False,2026,c9c79763-27ff-4656-94fb-ff2d745e9672,2,https://lda.gov/filings/public/contribution/c9c79763-27ff-4656-94fb-ff2d745e9672/print/,https://lda.gov/filings/public/filing/3900e55e-35d6-4489-bf6e-ebff6715ab44/print/,2500.00,"Single named member; reported amount, not verified net candidate receipts",1,personal
Dan Newhouse,external_lobbyist_filer,HUNTER MOORHEAD,"CROSSROADS STRATEGIES, LLC",NASCOE PAC,DAN NEWHOUSE FOR CONGRESS,DAN NEWHOUSE,2025-10-29,2000.00,feca,False,2026,a59db21e-343d-4660-a3bd-607ce205edc9,11,https://lda.gov/filings/public/contribution/a59db21e-343d-4660-a3bd-607ce205edc9/print/,https://lda.gov/filings/public/filing/3900e55e-35d6-4489-bf6e-ebff6715ab44/print/,2000.00,"Single named member; reported amount, not verified net candidate receipts",1,organization
Darin LaHood,external_registrant_filer,AKIN GUMP STRAUSS HAUER & FELD,AKIN GUMP STRAUSS HAUER & FELD,AGSH&F CIVIC ACTION COMMITTEE,LAHOOD FOR CONGRESS,Darin LaHood,2016-04-18,1000.00,feca,False,,a93f5568-5bd0-411e-8997-d6cc61a535e5,67,https://lda.gov/filings/public/contribution/a93f5568-5bd0-411e-8997-d6cc61a535e5/print/,,1000.00,"Single named member; reported amount, not verified net candidate receipts",1,organization
Darin LaHood,external_registrant_filer,AKIN GUMP STRAUSS HAUER & FELD,AKIN GUMP STRAUSS HAUER & FELD,AGSH&F CIVIC ACTION COMMITTEE,LAHOOD FOR CONGRESS,Darin LaHood,2017-03-20,750.00,feca,False,,84af6ebc-febf-464d-8439-b60eeb7f6883,30,https://lda.gov/filings/public/contribution/84af6ebc-febf-464d-8439-b60eeb7f6883/print/,,750.00,"Single named member; reported amount, not verified net candidate receipts",1,organization
Darin LaHood,external_lobbyist_filer,KIMBERLY ELLIS,MONUMENT ADVOCACY,"ELLIS, KIMBERLY",LAHOOD FOR CONGRESS,Darin LaHood,2017-03-31,500.00,feca,False,2025,b2b50d74-06e4-4009-be1a-e85b795c27c6,1,https://lda.gov/filings/public/contribution/b2b50d74-06e4-4009-be1a-e85b795c27c6/print/,https://lda.gov/filings/public/filing/0e266acc-3df8-46c9-a957-12911d8c5bc5/print/,500.00,"Single named member; reported amount, not verified net candidate receipts",1,personal
Darin LaHood,external_lobbyist_filer,MATHEW LAPINSKI,"CROSSROADS STRATEGIES, LLC","LAPINSKI, MATHEW",LAHOOD FOR CONGRESS,Rep. Darin Lahood,2017-12-07,1000.00,feca,False,2026,0e5b520e-c7da-486d-9251-88014abce326,20,https://lda.gov/filings/public/contribution/0e5b520e-c7da-486d-9251-88014abce326/print/,https://lda.gov/filings/public/filing/3900e55e-35d6-4489-bf6e-ebff6715ab44/print/,1000.00,"Single named member; reported amount, not verified net candidate receipts",1,personal
Darin LaHood,external_registrant_filer,AKIN GUMP STRAUSS HAUER & FELD,AKIN GUMP STRAUSS HAUER & FELD,AGSH&F CIVIC ACTION COMMITTEE,LAHOOD FOR CONGRESS,Darin LaHood,2018-02-07,1500.00,feca,False,,0e92a21c-879f-4846-83b2-c21400be22fc,90,https://lda.gov/filings/public/contribution/0e92a21c-879f-4846-83b2-c21400be22fc/print/,,1500.00,"Single named member; reported amount, not verified net candidate receipts",1,organization
Darin LaHood,external_lobbyist_filer,JASON BENJAMIN VAN PELT,"CROSSROADS STRATEGIES, LLC","VAN PELT, JASON BENJAMIN",LAHOOD FOR CONGRESS,Darin LaHood,2018-03-16,1000.00,feca,False,2026,994ef99d-18e1-4658-8170-7df56b9967fe,17,https://lda.gov/filings/public/contribution/994ef99d-18e1-4658-8170-7df56b9967fe/print/,https://lda.gov/filings/public/filing/3900e55e-35d6-4489-bf6e-ebff6715ab44/print/,1000.00,"Single named member; reported amount, not verified net candidate receipts",1,personal
Darin LaHood,external_registrant_filer,AKIN GUMP STRAUSS HAUER & FELD,AKIN GUMP STRAUSS HAUER & FELD,AGSH&F CIVIC ACTION COMMITTEE,LAHOOD FOR CONGRESS,Darin LaHood,2018-08-03,750.00,feca,False,,a01df0b1-184f-487f-aa8a-5188c8b0f947,27,https://lda.gov/filings/public/contribution/a01df0b1-184f-487f-aa8a-5188c8b0f947/print/,,750.00,"Single named member; reported amount, not verified net candidate receipts",1,organization
Darin LaHood,external_registrant_filer,AKIN GUMP STRAUSS HAUER & FELD,AKIN GUMP STRAUSS HAUER & FELD,AGSH&F CIVIC ACTION COMMITTEE,LAHOOD FOR CONGRESS,Ray LaHood,2019-07-16,500.00,feca,False,,ff3dd211-b8d8-43e2-a800-fb2997f422a3,48,https://lda.gov/filings/public/contribution/ff3dd211-b8d8-43e2-a800-fb2997f422a3/print/,,0,"Honoree says Ray LaHood, not Darin; ambiguous payee; excluded",1,organization
Darin LaHood,external_lobbyist_filer,JASON BENJAMIN VAN PELT,"CROSSROADS STRATEGIES, LLC","VAN PELT, JASON BENJAMIN",LAHOOD FOR CONGRESS,Darin LaHood,2019-09-27,1000.00,feca,False,2026,f5452968-f7cf-4a32-afbe-2b34cb6d2b0c,12,https://lda.gov/filings/public/contribution/f5452968-f7cf-4a32-afbe-2b34cb6d2b0c/print/,https://lda.gov/filings/public/filing/3900e55e-35d6-4489-bf6e-ebff6715ab44/print/,1000.00,"Single named member; reported amount, not verified net candidate receipts",1,personal
Darin LaHood,external_lobbyist_filer,KIMBERLY ELLIS,MONUMENT ADVOCACY,"ELLIS, KIMBERLY",LAHOOD FOR CONGRESS,Rep Darin LaHood,2019-10-23,500.00,feca,False,2025,ad3da867-06bc-4434-bf09-fb5c32cd5b7a,1,https://lda.gov/filings/public/contribution/ad3da867-06bc-4434-bf09-fb5c32cd5b7a/print/,https://lda.gov/filings/public/filing/0e266acc-3df8-46c9-a957-12911d8c5bc5/print/,500.00,"Single named member; reported amount, not verified net candidate receipts",1,personal
Darin LaHood,external_registrant_filer,AKIN GUMP STRAUSS HAUER & FELD,AKIN GUMP STRAUSS HAUER & FELD,AGSH&F CIVIC ACTION COMMITTEE,LAHOOD FOR CONGRESS,Darin LaHood,2019-11-12,2500.00,feca,False,,ff3dd211-b8d8-43e2-a800-fb2997f422a3,67,https://lda.gov/filings/public/contribution/ff3dd211-b8d8-43e2-a800-fb2997f422a3/print/,,2500.00,"Single named member; reported amount, not verified net candidate receipts",1,organization
Darin LaHood,external_registrant_filer,"WILLIAMS AND JENSEN, PLLC","WILLIAMS AND JENSEN, PLLC","WILLIAMS & JENSEN, PLLC POLITICAL ACTION COMMITTEE",LAHOOD FOR CONGRESS,Darin LaHood,2019-12-05,300.00,feca,False,,47851fa6-474e-4de6-9e1c-f2cd72406404,10,https://lda.gov/filings/public/contribution/47851fa6-474e-4de6-9e1c-f2cd72406404/print/,,300.00,"Single named member; reported amount, not verified net candidate receipts",1,organization
Darin LaHood,external_lobbyist_filer,CHRISTOPHER W HATCHER,"WILLIAMS AND JENSEN, PLLC","HATCHER, CHRISTOPHER W",LAHOOD FOR CONGRESS,Darin LaHood,2019-12-19,500.00,feca,False,2026,f36fb041-0462-4a1c-b051-c5fc14192f9a,8,https://lda.gov/filings/public/contribution/f36fb041-0462-4a1c-b051-c5fc14192f9a/print/,https://lda.gov/filings/public/filing/ab749e29-7d74-4037-b395-bbd42e5a7fe2/print/,500.00,"Single named member; reported amount, not verified net candidate receipts",1,personal
Darin LaHood,external_lobbyist_filer,SUSAN HIRSCHMANN,"WILLIAMS AND JENSEN, PLLC","HIRSCHMANN, SUSAN",LAHOOD FOR CONGRESS,Darin LaHood,2019-12-31,1000.00,feca,False,2026,37248ba1-d69d-4f5a-8530-b2f5b3006f51,15,https://lda.gov/filings/public/contribution/37248ba1-d69d-4f5a-8530-b2f5b3006f51/print/,https://lda.gov/filings/public/filing/ab749e29-7d74-4037-b395-bbd42e5a7fe2/print/,1000.00,"Single named member; reported amount, not verified net candidate receipts",1,personal
Darin LaHood,external_registrant_filer,AKIN GUMP STRAUSS HAUER & FELD,AKIN GUMP STRAUSS HAUER & FELD,AGSH&F CIVIC ACTION COMMITTEE,LAHOOD FOR CONGRESS,"LaHood, Darin",2020-09-08,750.00,feca,False,,23eb6809-243c-4f1c-982e-3a8516abc33d,21,https://lda.gov/filings/public/contribution/23eb6809-243c-4f1c-982e-3a8516abc33d/print/,,750.00,"Single named member; reported amount, not verified net candidate receipts",1,organization
Darin LaHood,external_lobbyist_filer,SAM OLSWANGER,AKIN GUMP STRAUSS HAUER & FELD,"OLSWANGER, SAM",TEAM LAHOOD,Rep. Darin LaHood,2021-02-17,2500.00,feca,False,2025,fd1be5c2-3592-4a4c-a241-ae0e6673f74b,3,https://lda.gov/filings/public/contribution/fd1be5c2-3592-4a4c-a241-ae0e6673f74b/print/,https://lda.gov/filings/public/filing/5fad11e6-0c8c-4430-8105-fce1c3677eea/print/,2500.00,"Single named member; reported amount, not verified net candidate receipts",1,personal
Darin LaHood,external_lobbyist_filer,CASEY CHRISTINE HIGGINS,AKIN GUMP STRAUSS HAUER & FELD,SELF,LAHOOD FOR CONGRESS,Rep. Darin LaHood,2022-02-02,500.00,feca,False,2025,6d36e5fe-0527-440c-940c-6556a875b20b,1,https://lda.gov/filings/public/contribution/6d36e5fe-0527-440c-940c-6556a875b20b/print/,https://lda.gov/filings/public/filing/f95d1984-a010-44b4-91b9-47eb25ea69bb/print/,500.00,"Single named member; reported amount, not verified net candidate receipts",1,personal
Darin LaHood,external_lobbyist_filer,LAMAR SMITH,AKIN GUMP STRAUSS HAUER & FELD,TEXANS FOR LAMAR SMITH,LAHOOD FOR CONGRESS,Rep. Darin LaHood,2022-02-18,500.00,feca,False,2025,7fabb633-f795-4a93-bb8a-09b4ad7a902c,9,https://lda.gov/filings/public/contribution/7fabb633-f795-4a93-bb8a-09b4ad7a902c/print/,https://lda.gov/filings/public/filing/c01ba3a2-146b-4fbc-8a67-3ffa7df88238/print/,500.00,"Single named member; reported amount, not verified net candidate receipts",1,organization
Darin LaHood,external_lobbyist_filer,LAMAR SMITH,AKIN GUMP STRAUSS HAUER & FELD,TEXANS FOR LAMAR SMITH,LAHOOD FOR CONGRESS,Darin LaHood,2022-02-18,500.00,feca,False,2025,2b4291f4-bd05-42c8-9e25-95f19cea8178,10,https://lda.gov/filings/public/contribution/2b4291f4-bd05-42c8-9e25-95f19cea8178/print/,https://lda.gov/filings/public/filing/c01ba3a2-146b-4fbc-8a67-3ffa7df88238/print/,500.00,"Single named member; reported amount, not verified net candidate receipts",1,organization
Darin LaHood,external_lobbyist_filer,SAM OLSWANGER,AKIN GUMP STRAUSS HAUER & FELD,SELF,LAHOOD FOR CONGRESS,Rep. Darin LaHood,2022-02-22,2900.00,feca,False,2025,0e4fc472-99b8-4896-9f49-752c89f9582f,5,https://lda.gov/filings/public/contribution/0e4fc472-99b8-4896-9f49-752c89f9582f/print/,https://lda.gov/filings/public/filing/5fad11e6-0c8c-4430-8105-fce1c3677eea/print/,2900.00,"Single named member; reported amount, not verified net candidate receipts",1,personal
Darin LaHood,external_lobbyist_filer,LAMAR SMITH,AKIN GUMP STRAUSS HAUER & FELD,TEXANS FOR LAMAR SMITH,LAHOOD FOR CONGRESS,Rep. Darin LaHood,2022-02-23,500.00,feca,False,2025,7fabb633-f795-4a93-bb8a-09b4ad7a902c,13,https://lda.gov/filings/public/contribution/7fabb633-f795-4a93-bb8a-09b4ad7a902c/print/,https://lda.gov/filings/public/filing/c01ba3a2-146b-4fbc-8a67-3ffa7df88238/print/,500.00,"Single named member; reported amount, not verified net candidate receipts",1,organization
Darin LaHood,external_lobbyist_filer,LAMAR SMITH,AKIN GUMP STRAUSS HAUER & FELD,TEXANS FOR LAMAR SMITH,LAHOOD FOR CONGRESS,Darin LaHood,2022-02-23,500.00,feca,False,2025,2b4291f4-bd05-42c8-9e25-95f19cea8178,14,https://lda.gov/filings/public/contribution/2b4291f4-bd05-42c8-9e25-95f19cea8178/print/,https://lda.gov/filings/public/filing/c01ba3a2-146b-4fbc-8a67-3ffa7df88238/print/,500.00,"Single named member; reported amount, not verified net candidate receipts",1,organization
Darin LaHood,external_lobbyist_filer,CASEY CHRISTINE HIGGINS,AKIN GUMP STRAUSS HAUER & FELD,SELF,LAHOOD FOR CONGRESS,Rep. Darin LaHood,2022-03-07,500.00,feca,False,2025,6d36e5fe-0527-440c-940c-6556a875b20b,3,https://lda.gov/filings/public/contribution/6d36e5fe-0527-440c-940c-6556a875b20b/print/,https://lda.gov/filings/public/filing/f95d1984-a010-44b4-91b9-47eb25ea69bb/print/,500.00,"Single named member; reported amount, not verified net candidate receipts",1,personal
Darin LaHood,external_registrant_filer,AKIN GUMP STRAUSS HAUER & FELD,AKIN GUMP STRAUSS HAUER & FELD,AKIN GUMP STRAUSS HAUER & FELD LLP CIVIC ACTION COMMITTEE (AKA AKIN GUMP PAC),LAHOOD FOR CONGRESS,Rep. Darin Lahood,2022-03-11,1500.00,feca,False,,2e2953a0-fa79-4e00-a49e-d5a4722fde8a,16,https://lda.gov/filings/public/contribution/2e2953a0-fa79-4e00-a49e-d5a4722fde8a/print/,,1500.00,"Single named member; reported amount, not verified net candidate receipts",1,organization
Darin LaHood,external_lobbyist_filer,CLETE WILLEMS,AKIN GUMP STRAUSS HAUER & FELD,SELF,TEAM LAHOOD,Rep. Darrin LaHood,2022-03-30,1000.00,feca,True,2021,69b95508-5503-4e41-84a6-760eb44995ee,4,https://lda.gov/filings/public/contribution/69b95508-5503-4e41-84a6-760eb44995ee/print/,https://lda.gov/filings/public/filing/6b9f7254-415d-4fbc-ba83-e352f764e124/print/,1000.00,"Single named member; reported amount, not verified net candidate receipts",1,personal
Darin LaHood,external_registrant_filer,AKIN GUMP STRAUSS HAUER & FELD,AKIN GUMP STRAUSS HAUER & FELD,AKIN GUMP STRAUSS HAUER & FELD LLP CIVIC ACTION COMMITTEE (AKA AKIN GUMP PAC),LAHOOD FOR CONGRESS,Rep. Darin Lahood,2022-06-08,750.00,feca,False,,2e2953a0-fa79-4e00-a49e-d5a4722fde8a,89,https://lda.gov/filings/public/contribution/2e2953a0-fa79-4e00-a49e-d5a4722fde8a/print/,,750.00,"Single named member; reported amount, not verified net candidate receipts",1,organization
Darin LaHood,external_lobbyist_filer,SUSAN HIRSCHMANN,"WILLIAMS AND JENSEN, PLLC",SELF,ABRAHAM LINCOLN PAC,Darin LaHood,2022-07-12,1000.00,feca,False,2026,2993dc30-7626-4931-94c4-a7d8df37982f,14,https://lda.gov/filings/public/contribution/2993dc30-7626-4931-94c4-a7d8df37982f/print/,https://lda.gov/filings/public/filing/ab749e29-7d74-4037-b395-bbd42e5a7fe2/print/,1000.00,"Single named member; reported amount, not verified net candidate receipts",1,personal
Darin LaHood,external_lobbyist_filer,SAM OLSWANGER,AKIN GUMP STRAUSS HAUER & FELD,SELF,TEAM LAHOOD,Rep. Darin LaHood,2023-03-04,2900.00,feca,False,2025,ed90dd99-e5c8-41c8-822c-46bf3f97851a,6,https://lda.gov/filings/public/contribution/ed90dd99-e5c8-41c8-822c-46bf3f97851a/print/,https://lda.gov/filings/public/filing/5fad11e6-0c8c-4430-8105-fce1c3677eea/print/,2900.00,"Single named member; reported amount, not verified net candidate receipts",1,personal
Darin LaHood,external_lobbyist_filer,SALIM ALAMEDDIN,"CROSSROADS STRATEGIES, LLC",SELF,LAHOOD FOR CONGRESS,Rep. Darin LaHood,2023-05-17,500.00,feca,False,2026,432da432-ab55-4668-98a0-50b93dc00cc9,9,https://lda.gov/filings/public/contribution/432da432-ab55-4668-98a0-50b93dc00cc9/print/,https://lda.gov/filings/public/filing/3900e55e-35d6-4489-bf6e-ebff6715ab44/print/,500.00,"Single named member; reported amount, not verified net candidate receipts",1,personal
Darin LaHood,external_registrant_filer,AKIN GUMP STRAUSS HAUER & FELD,AKIN GUMP STRAUSS HAUER & FELD,AKIN GUMP STRAUSS HAUER & FELD LLP CIVIC ACTION COMMITTEE (AKA AKIN GUMP PAC),LAHOOD FOR CONGRESS,"LaHood, Darin",2023-06-06,750.00,feca,False,,6490d5ec-0a35-4bab-9e75-42cd97cbd57c,71,https://lda.gov/filings/public/contribution/6490d5ec-0a35-4bab-9e75-42cd97cbd57c/print/,,750.00,"Single named member; reported amount, not verified net candidate receipts",1,organization
Darin LaHood,external_registrant_filer,AKIN GUMP STRAUSS HAUER & FELD,AKIN GUMP STRAUSS HAUER & FELD,AKIN GUMP STRAUSS HAUER & FELD LLP CIVIC ACTION COMMITTEE (AKA AKIN GUMP PAC),LAHOOD FOR CONGRESS,"LaHood, Darin",2023-11-28,2000.00,feca,False,,aa4b0bcc-985f-4a02-835b-403354a07003,89,https://lda.gov/filings/public/contribution/aa4b0bcc-985f-4a02-835b-403354a07003/print/,,2000.00,"Single named member; reported amount, not verified net candidate receipts",1,organization
Darin LaHood,external_lobbyist_filer,SAM OLSWANGER,AKIN GUMP STRAUSS HAUER & FELD,SELF,LAHOOD FOR CONGRESS,Rep. Darin LaHood,2023-12-19,400.00,feca,False,2025,86d51d13-bd7c-41d3-81be-40177fbff1a0,16,https://lda.gov/filings/public/contribution/86d51d13-bd7c-41d3-81be-40177fbff1a0/print/,https://lda.gov/filings/public/filing/5fad11e6-0c8c-4430-8105-fce1c3677eea/print/,400.00,"Single named member; reported amount, not verified net candidate receipts",1,personal
Darin LaHood,external_lobbyist_filer,CLETE WILLEMS,AKIN GUMP STRAUSS HAUER & FELD,SELF,TEAM LAHOOD,Rep. Darrin LaHood (R-IL),2023-12-20,1000.00,feca,True,2021,1d28b9c7-8629-4313-af0a-ad709c13ef19,6,https://lda.gov/filings/public/contribution/1d28b9c7-8629-4313-af0a-ad709c13ef19/print/,https://lda.gov/filings/public/filing/16618357-20f6-4259-b150-91acaf80e7e2/print/,1000.00,"Single named member; reported amount, not verified net candidate receipts",1,personal
Darin LaHood,external_lobbyist_filer,SAM OLSWANGER,AKIN GUMP STRAUSS HAUER & FELD,SELF,LAHOOD FOR CONGRESS,Rep. Darin LaHood,2024-03-25,3300.00,feca,False,2025,01e6f870-deac-4fa0-9607-f919c1dcef19,16,https://lda.gov/filings/public/contribution/01e6f870-deac-4fa0-9607-f919c1dcef19/print/,https://lda.gov/filings/public/filing/5fad11e6-0c8c-4430-8105-fce1c3677eea/print/,3300.00,"Single named member; reported amount, not verified net candidate receipts",1,personal
Darin LaHood,external_registrant_filer,AKIN GUMP STRAUSS HAUER & FELD,AKIN GUMP STRAUSS HAUER & FELD,AKIN GUMP STRAUSS HAUER & FELD LLP CIVIC ACTION COMMITTEE (AKA AKIN GUMP PAC),LAHOOD FOR CONGRESS,"LaHood, Darin",2025-02-10,2500.00,feca,False,,5d834037-7427-4755-9870-0daf7a8d5c3a,3,https://lda.gov/filings/public/contribution/5d834037-7427-4755-9870-0daf7a8d5c3a/print/,,2500.00,"Single named member; reported amount, not verified net candidate receipts",1,organization
Darin LaHood,external_lobbyist_filer,DAVID SCHWIETERT,AKIN GUMP STRAUSS HAUER & FELD,SELF,LAHOOD FOR CONGRESS,Rep. Darin LaHood,2025-02-10,500.00,feca,False,2025,57925dc1-24be-4db0-aacf-c744ea73da96,1,https://lda.gov/filings/public/contribution/57925dc1-24be-4db0-aacf-c744ea73da96/print/,https://lda.gov/filings/public/filing/f95d1984-a010-44b4-91b9-47eb25ea69bb/print/,500.00,"Single named member; reported amount, not verified net candidate receipts",1,personal
Darin LaHood,external_lobbyist_filer,LAMAR SMITH,AKIN GUMP STRAUSS HAUER & FELD,TEXANS FOR LAMAR SMITH,LAHOOD FOR CONGRESS,Darin Lahood,2025-03-05,1000.00,feca,False,2025,1462cc70-bffc-486d-a4df-6ed31d580f48,23,https://lda.gov/filings/public/contribution/1462cc70-bffc-486d-a4df-6ed31d580f48/print/,https://lda.gov/filings/public/filing/c01ba3a2-146b-4fbc-8a67-3ffa7df88238/print/,1000.00,"Single named member; reported amount, not verified net candidate receipts",1,organization
Darin LaHood,external_lobbyist_filer,SAM OLSWANGER,AKIN GUMP STRAUSS HAUER & FELD,SELF,LAHOOD FOR CONGRESS,Rep. Darin LaHood,2025-03-20,3500.00,feca,True,2025,e9d830eb-7988-4f03-ab98-d890ece75650,10,https://lda.gov/filings/public/contribution/e9d830eb-7988-4f03-ab98-d890ece75650/print/,https://lda.gov/filings/public/filing/5fad11e6-0c8c-4430-8105-fce1c3677eea/print/,3500.00,"Single named member; reported amount, not verified net candidate receipts",1,personal
Darin LaHood,external_lobbyist_filer,JOSEPH G. FAWKNER,AKIN GUMP STRAUSS HAUER & FELD,SELF,DARIN LAHOOD FOR CONGRESS,Rep. Darin LaHood,2025-05-14,500.00,feca,True,2024,ae3d6d4b-8cdc-4fe7-969d-b44804b10853,1,https://lda.gov/filings/public/contribution/ae3d6d4b-8cdc-4fe7-969d-b44804b10853/print/,https://lda.gov/filings/public/filing/f95d1984-a010-44b4-91b9-47eb25ea69bb/print/,500.00,"Single named member; reported amount, not verified net candidate receipts",1,personal
Darin LaHood,company_or_coupac,"COUPANG, INC.","COUPANG, INC.",COUPANG INC. COMPANY PAC (COUPAC),LAHOOD FOR CONGRESS,Rep Darin LaHood,2026-03-13,5000.00,feca,False,,0522b121-471b-4878-882c-a7be667edd4f,16,https://lda.gov/filings/public/contribution/0522b121-471b-4878-882c-a7be667edd4f/print/,,5000.00,"Single named member; reported amount, not verified net candidate receipts",1,coupac
Darin LaHood,external_lobbyist_filer,SAM OLSWANGER,AKIN GUMP STRAUSS HAUER & FELD,SELF,LAHOOD FOR CONGRESS,Rep. Darin LaHood,2026-03-18,3500.00,feca,True,2025,d6ccadb4-4102-4862-86f0-efacbfa629de,16,https://lda.gov/filings/public/contribution/d6ccadb4-4102-4862-86f0-efacbfa629de/print/,https://lda.gov/filings/public/filing/4f23a7cd-17c8-4bdd-a8b2-e1858f129908/print/,3500.00,"Single named member; reported amount, not verified net candidate receipts",1,personal
Darin LaHood,external_registrant_filer,AKIN GUMP STRAUSS HAUER & FELD,AKIN GUMP STRAUSS HAUER & FELD,AKIN GUMP STRAUSS HAUER & FELD LLP CIVIC ACTION COMMITTEE (AKA AKIN GUMP PAC),LAHOOD FOR CONGRESS,"Lahood, Darin",2026-04-20,750.00,feca,False,,6b08c921-5fb6-4fe8-bc75-838a3dce1b6f,35,https://lda.gov/filings/public/contribution/6b08c921-5fb6-4fe8-bc75-838a3dce1b6f/print/,,750.00,"Single named member; reported amount, not verified net candidate receipts",1,organization
Neal Dunn,external_lobbyist_filer,SUSAN HIRSCHMANN,"WILLIAMS AND JENSEN, PLLC","HIRSCHMANN, SUSAN",FRIENDS OF NEAL DUNN,"Neal Patrick Dunn, MD, FACS",2016-11-01,500.00,feca,False,2026,f332a4ed-f927-44da-826d-feacece5a8d4,3,https://lda.gov/filings/public/contribution/f332a4ed-f927-44da-826d-feacece5a8d4/print/,https://lda.gov/filings/public/filing/ab749e29-7d74-4037-b395-bbd42e5a7fe2/print/,500.00,"Single named member; reported amount, not verified net candidate receipts",1,personal
Neal Dunn,external_lobbyist_filer,SUSAN HIRSCHMANN,"WILLIAMS AND JENSEN, PLLC","HIRSCHMANN, SUSAN",FRIENDS OF NEAL DUNN,Neal Dunn,2017-09-25,1000.00,feca,False,2026,dddab1eb-a06a-481a-8583-a0b82b213de6,5,https://lda.gov/filings/public/contribution/dddab1eb-a06a-481a-8583-a0b82b213de6/print/,https://lda.gov/filings/public/filing/ab749e29-7d74-4037-b395-bbd42e5a7fe2/print/,1000.00,"Single named member; reported amount, not verified net candidate receipts",1,personal
Neal Dunn,external_lobbyist_filer,BRIAN BALLARD,BALLARD PARTNERS,"BALLARD, BRIAN",FRIENDS OF NEAL DUNN,Congressman Neal Dunn,2021-12-06,2900.00,feca,False,2026,1799c7a5-3664-438c-b1c3-500c7bf80835,6,https://lda.gov/filings/public/contribution/1799c7a5-3664-438c-b1c3-500c7bf80835/print/,https://lda.gov/filings/public/filing/8e4a96ab-6773-455a-92a2-af2c33025b53/print/,2900.00,"Single named member; reported amount, not verified net candidate receipts",1,personal
Neal Dunn,external_lobbyist_filer,SUSAN HIRSCHMANN,"WILLIAMS AND JENSEN, PLLC",SELF,FRIENDS OF NEAL DUNN,Neal Dunn,2022-10-07,1500.00,feca,False,2026,2993dc30-7626-4931-94c4-a7d8df37982f,3,https://lda.gov/filings/public/contribution/2993dc30-7626-4931-94c4-a7d8df37982f/print/,https://lda.gov/filings/public/filing/ab749e29-7d74-4037-b395-bbd42e5a7fe2/print/,1500.00,"Single named member; reported amount, not verified net candidate receipts",1,personal
Neal Dunn,external_lobbyist_filer,SUSAN HIRSCHMANN,"WILLIAMS AND JENSEN, PLLC",SELF,FRIENDS OF NEAL DUNN,Neal Dunn,2023-12-14,1250.00,feca,False,2026,f78751c4-0efb-4b7c-8df6-f7608bf361ea,13,https://lda.gov/filings/public/contribution/f78751c4-0efb-4b7c-8df6-f7608bf361ea/print/,https://lda.gov/filings/public/filing/ab749e29-7d74-4037-b395-bbd42e5a7fe2/print/,1250.00,"Single named member; reported amount, not verified net candidate receipts",1,personal
Neal Dunn,external_registrant_filer,"WILLIAMS AND JENSEN, PLLC","WILLIAMS AND JENSEN, PLLC",WILLIAMS & JENSEN PLLC POLITICAL ACTION COMMITTEE,FRIENDS OF NEAL DUNN,Neal Dunn,2023-12-20,1000.00,feca,False,,5d9b9969-3492-4c72-92cc-57d754317f03,22,https://lda.gov/filings/public/contribution/5d9b9969-3492-4c72-92cc-57d754317f03/print/,,1000.00,"Single named member; reported amount, not verified net candidate receipts",1,organization
Neal Dunn,external_registrant_filer,AKIN GUMP STRAUSS HAUER & FELD,AKIN GUMP STRAUSS HAUER & FELD,AKIN GUMP STRAUSS HAUER & FELD LLP CIVIC ACTION COMMITTEE (AKA AKIN GUMP PAC),FRIENDS OF NEAL DUNN,"Dunn, Neal",2024-04-19,750.00,feca,False,,2ce87628-8582-4d3b-bae6-f63fbb40d4c1,56,https://lda.gov/filings/public/contribution/2ce87628-8582-4d3b-bae6-f63fbb40d4c1/print/,,750.00,"Single named member; reported amount, not verified net candidate receipts",1,organization
Neal Dunn,external_lobbyist_filer,SAM OLSWANGER,AKIN GUMP STRAUSS HAUER & FELD,SELF,FRIENDS OF NEAL DUNN,Rep. Neal Dunn,2024-04-24,500.00,feca,False,2025,01e6f870-deac-4fa0-9607-f919c1dcef19,23,https://lda.gov/filings/public/contribution/01e6f870-deac-4fa0-9607-f919c1dcef19/print/,https://lda.gov/filings/public/filing/5fad11e6-0c8c-4430-8105-fce1c3677eea/print/,500.00,"Single named member; reported amount, not verified net candidate receipts",1,personal
Dusty Johnson,external_lobbyist_filer,HUNTER MOORHEAD,"CROSSROADS STRATEGIES, LLC",NASCOE PAC,FRIENDS OF DUSTY JOHNSON,Dusty Johnson,2018-09-18,1000.00,feca,False,2026,b9069f4f-2dab-40d6-a5e0-ab2641957585,3,https://lda.gov/filings/public/contribution/b9069f4f-2dab-40d6-a5e0-ab2641957585/print/,https://lda.gov/filings/public/filing/3900e55e-35d6-4489-bf6e-ebff6715ab44/print/,1000.00,"Single named member; reported amount, not verified net candidate receipts",1,organization
Dusty Johnson,external_lobbyist_filer,HUNTER MOORHEAD,"CROSSROADS STRATEGIES, LLC",NASCOE PAC,FRIENDS OF DUSTY JOHNSON,Dusty Johnson,2019-06-04,2000.00,feca,False,2026,ac0f09de-1d18-4b09-8cae-4b3def623263,19,https://lda.gov/filings/public/contribution/ac0f09de-1d18-4b09-8cae-4b3def623263/print/,https://lda.gov/filings/public/filing/3900e55e-35d6-4489-bf6e-ebff6715ab44/print/,2000.00,"Single named member; reported amount, not verified net candidate receipts",1,organization
Dusty Johnson,external_lobbyist_filer,HUNTER MOORHEAD,"CROSSROADS STRATEGIES, LLC",NASCOE PAC,DUSTY JOHNSON FOR CONGRESS,Dusty Johnson,2023-07-19,2000.00,feca,False,2026,bce26416-baa7-4f4c-b841-3f9cdf6ff55b,4,https://lda.gov/filings/public/contribution/bce26416-baa7-4f4c-b841-3f9cdf6ff55b/print/,https://lda.gov/filings/public/filing/3900e55e-35d6-4489-bf6e-ebff6715ab44/print/,2000.00,"Single named member; reported amount, not verified net candidate receipts",1,organization
Dusty Johnson,external_lobbyist_filer,JASON BENJAMIN VAN PELT,"CROSSROADS STRATEGIES, LLC",SELF,FRIENDS OF DUSTY JOHNSON,Dusty Johnson,2024-06-28,500.00,feca,False,2026,7b584c7a-1d19-4cb0-9f4f-57efdcb38206,9,https://lda.gov/filings/public/contribution/7b584c7a-1d19-4cb0-9f4f-57efdcb38206/print/,https://lda.gov/filings/public/filing/3900e55e-35d6-4489-bf6e-ebff6715ab44/print/,500.00,"Single named member; reported amount, not verified net candidate receipts",1,personal
Ashley Hinson,external_lobbyist_filer,SUSAN HIRSCHMANN,"WILLIAMS AND JENSEN, PLLC","HIRSCHMANN, SUSAN",ASHLEY HINSON FOR CONGRESS,Ashley Hinson,2019-09-26,500.00,feca,False,2026,37248ba1-d69d-4f5a-8530-b2f5b3006f51,16,https://lda.gov/filings/public/contribution/37248ba1-d69d-4f5a-8530-b2f5b3006f51/print/,https://lda.gov/filings/public/filing/ab749e29-7d74-4037-b395-bbd42e5a7fe2/print/,500.00,"Single named member; reported amount, not verified net candidate receipts",1,personal
Ashley Hinson,external_lobbyist_filer,JEFFREY MILLER,"MILLER STRATEGIES, LLC","MILLER, JEFFREY",ASHLEY HINSON FOR CONGRESS,Candidate Ashley Hinson,2020-05-27,1000.00,feca,False,2025,5ecffa51-d4f7-4b9e-a5d9-fdd7afa31f53,11,https://lda.gov/filings/public/contribution/5ecffa51-d4f7-4b9e-a5d9-fdd7afa31f53/print/,https://lda.gov/filings/public/filing/9ac941da-ab58-432e-8b1b-907d4812c36f/print/,1000.00,"Single named member; reported amount, not verified net candidate receipts",1,personal
Ashley Hinson,external_lobbyist_filer,LAMAR SMITH,AKIN GUMP STRAUSS HAUER & FELD,TEXANS FOR LAMAR SMITH,ASHLEY HINSON FOR CONGRESS,Rep. Ashley Hinson,2021-04-06,1000.00,feca,False,2025,2cffb049-a645-4494-bbc1-4f97f2d42ecc,25,https://lda.gov/filings/public/contribution/2cffb049-a645-4494-bbc1-4f97f2d42ecc/print/,https://lda.gov/filings/public/filing/c01ba3a2-146b-4fbc-8a67-3ffa7df88238/print/,1000.00,"Single named member; reported amount, not verified net candidate receipts",1,organization
Ashley Hinson,external_lobbyist_filer,SAM OLSWANGER,AKIN GUMP STRAUSS HAUER & FELD,SELF,ASHLEY HINSON FOR CONGRESS,Rep. Ashley Hinson,2022-03-22,1000.00,feca,False,2025,0e4fc472-99b8-4896-9f49-752c89f9582f,12,https://lda.gov/filings/public/contribution/0e4fc472-99b8-4896-9f49-752c89f9582f/print/,https://lda.gov/filings/public/filing/5fad11e6-0c8c-4430-8105-fce1c3677eea/print/,1000.00,"Single named member; reported amount, not verified net candidate receipts",1,personal
Ashley Hinson,external_registrant_filer,AKIN GUMP STRAUSS HAUER & FELD,AKIN GUMP STRAUSS HAUER & FELD,AKIN GUMP STRAUSS HAUER & FELD LLP CIVIC ACTION COMMITTEE (AKA AKIN GUMP PAC),ASHLEY HINSON FOR CONGRESS,Rep. Ashley Arenholz Hinson,2022-03-25,750.00,feca,False,,2e2953a0-fa79-4e00-a49e-d5a4722fde8a,22,https://lda.gov/filings/public/contribution/2e2953a0-fa79-4e00-a49e-d5a4722fde8a/print/,,750.00,"Single named member; reported amount, not verified net candidate receipts",1,organization
Ashley Hinson,external_lobbyist_filer,SUSAN HIRSCHMANN,"WILLIAMS AND JENSEN, PLLC",SELF,ASHLEY HINSON FOR CONGRESS,Ashley Hinson,2022-03-29,1000.00,feca,False,2026,7f88f5d2-e1b0-4797-b86d-8976cb86d554,7,https://lda.gov/filings/public/contribution/7f88f5d2-e1b0-4797-b86d-8976cb86d554/print/,https://lda.gov/filings/public/filing/ab749e29-7d74-4037-b395-bbd42e5a7fe2/print/,1000.00,"Single named member; reported amount, not verified net candidate receipts",1,personal
Ashley Hinson,external_registrant_filer,"WILLIAMS AND JENSEN, PLLC","WILLIAMS AND JENSEN, PLLC",SELF,ASHLEY HINSON FOR CONGRESS,Ashley Hinson,2022-05-27,500.00,feca,False,,b3d390cc-a384-4136-b52a-932780c62b83,5,https://lda.gov/filings/public/contribution/b3d390cc-a384-4136-b52a-932780c62b83/print/,,500.00,"Single named member; reported amount, not verified net candidate receipts",1,organization
Ashley Hinson,external_lobbyist_filer,JEFFREY MILLER,"MILLER STRATEGIES, LLC",SELF,ASHLEY HINSON FOR CONGRESS,Rep. Ashley Hinson,2022-06-06,2900.00,feca,False,2025,e49dfacf-dbb7-46e9-8c5a-a1624a3c3fd3,34,https://lda.gov/filings/public/contribution/e49dfacf-dbb7-46e9-8c5a-a1624a3c3fd3/print/,https://lda.gov/filings/public/filing/9ac941da-ab58-432e-8b1b-907d4812c36f/print/,2900.00,"Single named member; reported amount, not verified net candidate receipts",1,personal
Ashley Hinson,external_lobbyist_filer,CASEY CHRISTINE HIGGINS,AKIN GUMP STRAUSS HAUER & FELD,SELF,ASHLEY HINSON FOR CONGRESS,Rep. Ashley Hinson,2022-06-08,500.00,feca,False,2025,6d36e5fe-0527-440c-940c-6556a875b20b,11,https://lda.gov/filings/public/contribution/6d36e5fe-0527-440c-940c-6556a875b20b/print/,https://lda.gov/filings/public/filing/f95d1984-a010-44b4-91b9-47eb25ea69bb/print/,500.00,"Single named member; reported amount, not verified net candidate receipts",1,personal
Ashley Hinson,external_registrant_filer,AKIN GUMP STRAUSS HAUER & FELD,AKIN GUMP STRAUSS HAUER & FELD,AKIN GUMP STRAUSS HAUER & FELD LLP CIVIC ACTION COMMITTEE (AKA AKIN GUMP PAC),ASHLEY HINSON FOR CONGRESS,"Hinson, Ashley",2022-09-22,750.00,feca,False,,73bcc95c-26d3-41c6-949d-c199717e48bb,61,https://lda.gov/filings/public/contribution/73bcc95c-26d3-41c6-949d-c199717e48bb/print/,,750.00,"Single named member; reported amount, not verified net candidate receipts",1,organization
Ashley Hinson,external_lobbyist_filer,SAM OLSWANGER,AKIN GUMP STRAUSS HAUER & FELD,SELF,ASHLEY HINSON FOR CONGRESS,Rep. Ashley Hinson,2022-09-23,500.00,feca,False,2025,7e2992ae-06e0-447e-9088-25f7291ac92b,9,https://lda.gov/filings/public/contribution/7e2992ae-06e0-447e-9088-25f7291ac92b/print/,https://lda.gov/filings/public/filing/5fad11e6-0c8c-4430-8105-fce1c3677eea/print/,500.00,"Single named member; reported amount, not verified net candidate receipts",1,personal
Ashley Hinson,external_lobbyist_filer,SALIM ALAMEDDIN,"CROSSROADS STRATEGIES, LLC",SELF,ASHLEY HINSON FOR CONGRESS,Rep. Ashley Hinson,2023-01-31,250.00,feca,False,2026,432da432-ab55-4668-98a0-50b93dc00cc9,8,https://lda.gov/filings/public/contribution/432da432-ab55-4668-98a0-50b93dc00cc9/print/,https://lda.gov/filings/public/filing/3900e55e-35d6-4489-bf6e-ebff6715ab44/print/,250.00,"Single named member; reported amount, not verified net candidate receipts",1,personal
Ashley Hinson,external_lobbyist_filer,SUSAN HIRSCHMANN,"WILLIAMS AND JENSEN, PLLC",SELF,GOP WINNING WOMEN 2024,"Lori Chavez-DeRemer, Wendy Davis, Monica De La Cruz, Ashley Hinson, Jen Kiggans, Young Kim, Nancy Mace, Mariannette Miller-Meeks, Maria El Vira Salazar, Michelle Steel",2023-05-31,1000.00,feca,False,2026,16f90cb4-d897-4e11-b494-d6fae265d7b4,25,https://lda.gov/filings/public/contribution/16f90cb4-d897-4e11-b494-d6fae265d7b4/print/,https://lda.gov/filings/public/filing/ab749e29-7d74-4037-b395-bbd42e5a7fe2/print/,0,Multiple beneficiaries; member allocation unavailable; excluded from totals,1,personal
Ashley Hinson,external_lobbyist_filer,SAM OLSWANGER,AKIN GUMP STRAUSS HAUER & FELD,SELF,ASHLEY HINSON FOR CONGRESS,Rep. Ashley Hinson,2023-09-11,1000.00,feca,False,2025,86d51d13-bd7c-41d3-81be-40177fbff1a0,4,https://lda.gov/filings/public/contribution/86d51d13-bd7c-41d3-81be-40177fbff1a0/print/,https://lda.gov/filings/public/filing/5fad11e6-0c8c-4430-8105-fce1c3677eea/print/,1000.00,"Single named member; reported amount, not verified net candidate receipts",1,personal
Ashley Hinson,external_registrant_filer,AKIN GUMP STRAUSS HAUER & FELD,AKIN GUMP STRAUSS HAUER & FELD,AKIN GUMP STRAUSS HAUER & FELD LLP CIVIC ACTION COMMITTEE (AKA AKIN GUMP PAC),ASHLEY HINSON FOR CONGRESS,"Hinson, Ashley",2023-09-22,750.00,feca,False,,aa4b0bcc-985f-4a02-835b-403354a07003,29,https://lda.gov/filings/public/contribution/aa4b0bcc-985f-4a02-835b-403354a07003/print/,,750.00,"Single named member; reported amount, not verified net candidate receipts",1,organization
Ashley Hinson,external_lobbyist_filer,JEFFREY MILLER,"MILLER STRATEGIES, LLC",SELF,ASHLEY HINSON FOR CONGRESS,Rep. Ashley Hinson,2023-09-28,2500.00,feca,False,2025,13a847e8-2ae5-4a95-9bbf-fe619cc5b411,19,https://lda.gov/filings/public/contribution/13a847e8-2ae5-4a95-9bbf-fe619cc5b411/print/,https://lda.gov/filings/public/filing/9ac941da-ab58-432e-8b1b-907d4812c36f/print/,2500.00,"Single named member; reported amount, not verified net candidate receipts",1,personal
Ashley Hinson,external_lobbyist_filer,SUSAN HIRSCHMANN,"WILLIAMS AND JENSEN, PLLC",SELF,ASHLEY HINSON FOR CONGRESS,Ashley Hinson,2023-11-28,500.00,feca,False,2026,f78751c4-0efb-4b7c-8df6-f7608bf361ea,11,https://lda.gov/filings/public/contribution/f78751c4-0efb-4b7c-8df6-f7608bf361ea/print/,https://lda.gov/filings/public/filing/ab749e29-7d74-4037-b395-bbd42e5a7fe2/print/,500.00,"Single named member; reported amount, not verified net candidate receipts",1,personal
Ashley Hinson,external_lobbyist_filer,SAM OLSWANGER,AKIN GUMP STRAUSS HAUER & FELD,SELF,ASHLEY HINSON FOR CONGRESS,Rep. Ashley Hinson,2023-11-29,1000.00,feca,False,2025,86d51d13-bd7c-41d3-81be-40177fbff1a0,15,https://lda.gov/filings/public/contribution/86d51d13-bd7c-41d3-81be-40177fbff1a0/print/,https://lda.gov/filings/public/filing/5fad11e6-0c8c-4430-8105-fce1c3677eea/print/,1000.00,"Single named member; reported amount, not verified net candidate receipts",1,personal
Ashley Hinson,external_lobbyist_filer,SALIM ALAMEDDIN,"CROSSROADS STRATEGIES, LLC",SELF,ASHLEY HINSON FOR CONGRESS,Rep. Ashley Hinson,2024-03-25,250.00,feca,False,2026,5742d175-1c47-43c8-97b3-33ff22ea2f3d,7,https://lda.gov/filings/public/contribution/5742d175-1c47-43c8-97b3-33ff22ea2f3d/print/,https://lda.gov/filings/public/filing/3900e55e-35d6-4489-bf6e-ebff6715ab44/print/,250.00,"Single named member; reported amount, not verified net candidate receipts",1,personal
Ashley Hinson,external_lobbyist_filer,MATHEW LAPINSKI,"CROSSROADS STRATEGIES, LLC",SELF,ASHLEY HINSON FOR CONGRESS,Rep. Ashley Hinson,2024-03-29,1500.00,feca,False,2026,514765dd-489e-468d-abea-62973b1b3a05,20,https://lda.gov/filings/public/contribution/514765dd-489e-468d-abea-62973b1b3a05/print/,https://lda.gov/filings/public/filing/3900e55e-35d6-4489-bf6e-ebff6715ab44/print/,1500.00,"Single named member; reported amount, not verified net candidate receipts",1,personal
Ashley Hinson,external_lobbyist_filer,SAM OLSWANGER,AKIN GUMP STRAUSS HAUER & FELD,SELF,ASHLEY HINSON FOR CONGRESS,Rep. Ashley Hinson,2024-09-27,1000.00,feca,False,2025,f504c987-8630-43a5-b354-6d0221d201e7,9,https://lda.gov/filings/public/contribution/f504c987-8630-43a5-b354-6d0221d201e7/print/,https://lda.gov/filings/public/filing/5fad11e6-0c8c-4430-8105-fce1c3677eea/print/,1000.00,"Single named member; reported amount, not verified net candidate receipts",1,personal
Ashley Hinson,external_lobbyist_filer,SUSAN HIRSCHMANN,"WILLIAMS AND JENSEN, PLLC",SELF,ASHLEY HINSON FOR CONGRESS,Ashley Hinson,2024-12-18,500.00,feca,False,2026,9a1dfcfd-d990-4c0f-9e8b-8a25400b5829,25,https://lda.gov/filings/public/contribution/9a1dfcfd-d990-4c0f-9e8b-8a25400b5829/print/,https://lda.gov/filings/public/filing/ab749e29-7d74-4037-b395-bbd42e5a7fe2/print/,500.00,"Single named member; reported amount, not verified net candidate receipts",1,personal
Ashley Hinson,external_lobbyist_filer,HUNTER MOORHEAD,"CROSSROADS STRATEGIES, LLC",NASCOE PAC,ASHLEY HINSON FOR CONGRESS,Ashley Hinson,2025-03-04,2000.00,feca,False,2026,415535c2-b9b4-469c-a78a-7c4b74190857,15,https://lda.gov/filings/public/contribution/415535c2-b9b4-469c-a78a-7c4b74190857/print/,https://lda.gov/filings/public/filing/3900e55e-35d6-4489-bf6e-ebff6715ab44/print/,2000.00,"Single named member; reported amount, not verified net candidate receipts",1,organization
Ashley Hinson,external_lobbyist_filer,WALLY BURNETT,"CROSSROADS STRATEGIES, LLC",SELF,ASHLEY HINSON FOR CONGRESS,Congresswoman Ashley Hinson,2025-03-04,500.00,feca,False,2026,ef6eee8a-1769-4c2d-b0ff-acfaff4f1aec,3,https://lda.gov/filings/public/contribution/ef6eee8a-1769-4c2d-b0ff-acfaff4f1aec/print/,https://lda.gov/filings/public/filing/09e08f6d-d58c-42a6-82e2-38d905a6b39f/print/,500.00,"Single named member; reported amount, not verified net candidate receipts",1,personal
Ashley Hinson,external_lobbyist_filer,SAM OLSWANGER,AKIN GUMP STRAUSS HAUER & FELD,SELF,ASHLEY HINSON FOR CONGRESS,Rep. Ashley Hinson,2025-03-10,3500.00,feca,True,2025,e9d830eb-7988-4f03-ab98-d890ece75650,6,https://lda.gov/filings/public/contribution/e9d830eb-7988-4f03-ab98-d890ece75650/print/,https://lda.gov/filings/public/filing/5fad11e6-0c8c-4430-8105-fce1c3677eea/print/,3500.00,"Single named member; reported amount, not verified net candidate receipts",1,personal
Ashley Hinson,external_lobbyist_filer,MATHEW LAPINSKI,"CROSSROADS STRATEGIES, LLC",SELF,ASHLEY HINSON VICTORY COMMITTEE,Rep. Ashley Hinson,2025-03-24,1000.00,feca,False,2026,b0027a50-d98b-4560-992d-f0425b410251,7,https://lda.gov/filings/public/contribution/b0027a50-d98b-4560-992d-f0425b410251/print/,https://lda.gov/filings/public/filing/3900e55e-35d6-4489-bf6e-ebff6715ab44/print/,1000.00,"Single named member; reported amount, not verified net candidate receipts",1,personal
Ashley Hinson,external_lobbyist_filer,SALIM ALAMEDDIN,"CROSSROADS STRATEGIES, LLC",SELF,ASHLEY HINSON FOR CONGRESS,Rep. Ashley Hinson,2025-03-28,500.00,feca,False,2026,0906b4c2-6485-4d4c-a5bd-6c70c79b1563,3,https://lda.gov/filings/public/contribution/0906b4c2-6485-4d4c-a5bd-6c70c79b1563/print/,https://lda.gov/filings/public/filing/3900e55e-35d6-4489-bf6e-ebff6715ab44/print/,500.00,"Single named member; reported amount, not verified net candidate receipts",1,personal
Ashley Hinson,external_lobbyist_filer,JAMES MIN,"MILLER STRATEGIES, LLC",SELF,ASHLEY HINSON FOR CONGRESS,Ashley Hinson,2025-04-30,500.00,feca,True,2025,a29983e8-4c95-4d4b-a558-940554334be0,5,https://lda.gov/filings/public/contribution/a29983e8-4c95-4d4b-a558-940554334be0/print/,https://lda.gov/filings/public/filing/5006b048-918f-41ee-a98f-7098bc992bb0/print/,500.00,"Single named member; reported amount, not verified net candidate receipts",1,personal
Ashley Hinson,external_lobbyist_filer,JAMES TYLER GRIMM,"MILLER STRATEGIES, LLC",SELF,ASHLEY HINSON FOR CONGRESS,Rep. Ashley Hinson,2025-06-27,500.00,feca,True,2025,3f5c0dca-ea4f-47cf-b4b6-ecef877d5d2a,6,https://lda.gov/filings/public/contribution/3f5c0dca-ea4f-47cf-b4b6-ecef877d5d2a/print/,https://lda.gov/filings/public/filing/5006b048-918f-41ee-a98f-7098bc992bb0/print/,500.00,"Single named member; reported amount, not verified net candidate receipts",1,personal
Ashley Hinson,external_registrant_filer,AKIN GUMP STRAUSS HAUER & FELD,AKIN GUMP STRAUSS HAUER & FELD,AKIN GUMP STRAUSS HAUER & FELD LLP CIVIC ACTION COMMITTEE (AKA AKIN GUMP PAC),ASHLEY HINSON FOR CONGRESS,"Hinson, Ashley",2025-06-30,750.00,feca,False,,5d834037-7427-4755-9870-0daf7a8d5c3a,101,https://lda.gov/filings/public/contribution/5d834037-7427-4755-9870-0daf7a8d5c3a/print/,,750.00,"Single named member; reported amount, not verified net candidate receipts",1,organization
Ashley Hinson,external_lobbyist_filer,ZACH DEATHERAGE,AKIN GUMP STRAUSS HAUER & FELD,SELF,ASHLEY HINSON FOR CONGRESS,Representative Ashley Hinson,2025-06-30,250.00,feca,True,2025,92e33fa7-0db3-4d35-a485-0ed9b0615537,1,https://lda.gov/filings/public/contribution/92e33fa7-0db3-4d35-a485-0ed9b0615537/print/,https://lda.gov/filings/public/filing/f95d1984-a010-44b4-91b9-47eb25ea69bb/print/,250.00,"Single named member; reported amount, not verified net candidate receipts",1,personal
Ashley Hinson,external_registrant_filer,AKIN GUMP STRAUSS HAUER & FELD,AKIN GUMP STRAUSS HAUER & FELD,AKIN GUMP STRAUSS HAUER & FELD LLP CIVIC ACTION COMMITTEE (AKA AKIN GUMP PAC),ASHLEY HINSON FOR CONGRESS,"Hinson, Ashley",2025-09-02,1500.00,feca,False,,20e43bd0-a989-49e7-bb8f-53d34ab0c906,19,https://lda.gov/filings/public/contribution/20e43bd0-a989-49e7-bb8f-53d34ab0c906/print/,,1500.00,"Single named member; reported amount, not verified net candidate receipts",1,organization
Ashley Hinson,external_lobbyist_filer,ZACH DEATHERAGE,AKIN GUMP STRAUSS HAUER & FELD,SELF,ASHLEY FOR IOWA,Ashley Hinson,2025-09-03,1000.00,feca,True,2025,225d88aa-11c0-4ec1-89de-5814584f0df6,1,https://lda.gov/filings/public/contribution/225d88aa-11c0-4ec1-89de-5814584f0df6/print/,https://lda.gov/filings/public/filing/c01ba3a2-146b-4fbc-8a67-3ffa7df88238/print/,1000.00,"Single named member; reported amount, not verified net candidate receipts",1,personal
Ashley Hinson,external_lobbyist_filer,SUSAN HIRSCHMANN,"WILLIAMS AND JENSEN, PLLC",SELF,ASHLEY FOR IOWA,Ashley Hinson,2025-12-11,1500.00,feca,False,2026,0b78c0e3-61ad-419d-8fc7-218417916267,24,https://lda.gov/filings/public/contribution/0b78c0e3-61ad-419d-8fc7-218417916267/print/,https://lda.gov/filings/public/filing/ab749e29-7d74-4037-b395-bbd42e5a7fe2/print/,1500.00,"Single named member; reported amount, not verified net candidate receipts",1,personal
Ashley Hinson,external_lobbyist_filer,JEFFREY MILLER,"MILLER STRATEGIES, LLC",SELF,ASHLEY FOR IOWA,Ashley Hinson,2026-01-20,3500.00,feca,True,2025,e99c01a5-aec7-4bba-9989-74cacc8b4764,1,https://lda.gov/filings/public/contribution/e99c01a5-aec7-4bba-9989-74cacc8b4764/print/,https://lda.gov/filings/public/filing/6ee2163f-6b8c-49b8-b022-b6874ab41643/print/,3500.00,"Single named member; reported amount, not verified net candidate receipts",1,personal
Ashley Hinson,external_lobbyist_filer,ZACH DEATHERAGE,AKIN GUMP STRAUSS HAUER & FELD,SELF,ASHLEY FOR IOWA,Rep. Ashley Hinson,2026-02-10,2000.00,feca,False,2025,b51bbc65-8ca6-4ab8-bb12-1869bbb5ca4a,1,https://lda.gov/filings/public/contribution/b51bbc65-8ca6-4ab8-bb12-1869bbb5ca4a/print/,https://lda.gov/filings/public/filing/5fad11e6-0c8c-4430-8105-fce1c3677eea/print/,2000.00,"Single named member; reported amount, not verified net candidate receipts",1,personal
Ashley Hinson,external_lobbyist_filer,DAVID SCHWIETERT,AKIN GUMP STRAUSS HAUER & FELD,SELF,ASHLEY HINSON FOR SENATE,Ashley Hinson,2026-02-12,500.00,feca,True,2025,6c312a10-ea37-4315-9a89-aca6a8d9b285,1,https://lda.gov/filings/public/contribution/6c312a10-ea37-4315-9a89-aca6a8d9b285/print/,https://lda.gov/filings/public/filing/4f23a7cd-17c8-4bdd-a8b2-e1858f129908/print/,500.00,"Single named member; reported amount, not verified net candidate receipts",1,personal
Ashley Hinson,external_lobbyist_filer,SAM OLSWANGER,AKIN GUMP STRAUSS HAUER & FELD,SELF,ASHLEY HINSON VICTORY COMMITTEE,Rep. Ashley Hinson,2026-03-10,3500.00,feca,True,2025,d6ccadb4-4102-4862-86f0-efacbfa629de,7,https://lda.gov/filings/public/contribution/d6ccadb4-4102-4862-86f0-efacbfa629de/print/,https://lda.gov/filings/public/filing/4f23a7cd-17c8-4bdd-a8b2-e1858f129908/print/,3500.00,"Single named member; reported amount, not verified net candidate receipts",1,personal
Ashley Hinson,external_lobbyist_filer,MATHEW LAPINSKI,"CROSSROADS STRATEGIES, LLC",SELF,ASHLEY HINSON COMMITTEE,Rep. Ashley Hinson,2026-03-30,3500.00,feca,True,2026,94ea6032-c829-443f-9443-7bcde13e4912,26,https://lda.gov/filings/public/contribution/94ea6032-c829-443f-9443-7bcde13e4912/print/,https://lda.gov/filings/public/filing/3900e55e-35d6-4489-bf6e-ebff6715ab44/print/,3500.00,"Single named member; reported amount, not verified net candidate receipts",1,personal
Ashley Hinson,external_lobbyist_filer,ZACH DEATHERAGE,AKIN GUMP STRAUSS HAUER & FELD,SELF,ASHLEY FOR IOWA,Rep. Ashley Hinson,2026-05-26,1500.00,feca,False,2025,b51bbc65-8ca6-4ab8-bb12-1869bbb5ca4a,4,https://lda.gov/filings/public/contribution/b51bbc65-8ca6-4ab8-bb12-1869bbb5ca4a/print/,https://lda.gov/filings/public/filing/5fad11e6-0c8c-4430-8105-fce1c3677eea/print/,1500.00,"Single named member; reported amount, not verified net candidate receipts",1,personal
Carlos Gimenez,external_lobbyist_filer,BRIAN BALLARD,BALLARD PARTNERS,"BALLARD, BRIAN",CARLOS GIMENEZ FOR CONGRESS,Carlos Gimenez,2020-06-29,2800.00,feca,False,2026,d9db2fbd-ceb6-44c9-b806-30795f043aec,8,https://lda.gov/filings/public/contribution/d9db2fbd-ceb6-44c9-b806-30795f043aec/print/,https://lda.gov/filings/public/filing/8e4a96ab-6773-455a-92a2-af2c33025b53/print/,2800.00,"Single named member; reported amount, not verified net candidate receipts",1,personal
Carlos Gimenez,external_lobbyist_filer,JEFFREY MILLER,"MILLER STRATEGIES, LLC","MILLER, JEFFREY",CARLOS GIMENEZ FOR CONGRESS,Candidate Carlos Gimenez,2020-10-12,2800.00,feca,False,2025,10151605-f845-4511-b971-8bf206f84d83,21,https://lda.gov/filings/public/contribution/10151605-f845-4511-b971-8bf206f84d83/print/,https://lda.gov/filings/public/filing/9ac941da-ab58-432e-8b1b-907d4812c36f/print/,2800.00,"Single named member; reported amount, not verified net candidate receipts",1,personal
Carlos Gimenez,external_lobbyist_filer,BRIAN BALLARD,BALLARD PARTNERS,"BALLARD, BRIAN",CARLOS GIMENEZ FOR CONGRESS,Congressman Carlos Gimenez,2021-12-06,2900.00,feca,False,2026,1799c7a5-3664-438c-b1c3-500c7bf80835,5,https://lda.gov/filings/public/contribution/1799c7a5-3664-438c-b1c3-500c7bf80835/print/,https://lda.gov/filings/public/filing/8e4a96ab-6773-455a-92a2-af2c33025b53/print/,2900.00,"Single named member; reported amount, not verified net candidate receipts",1,personal
Carlos Gimenez,external_lobbyist_filer,SUSAN HIRSCHMANN,"WILLIAMS AND JENSEN, PLLC",SELF,CARLOS GIMENEZ FOR CONGRESS,Carlos Gimenez,2022-07-26,1000.00,feca,False,2026,2993dc30-7626-4931-94c4-a7d8df37982f,10,https://lda.gov/filings/public/contribution/2993dc30-7626-4931-94c4-a7d8df37982f/print/,https://lda.gov/filings/public/filing/ab749e29-7d74-4037-b395-bbd42e5a7fe2/print/,1000.00,"Single named member; reported amount, not verified net candidate receipts",1,personal
Carlos Gimenez,external_registrant_filer,AKIN GUMP STRAUSS HAUER & FELD,AKIN GUMP STRAUSS HAUER & FELD,AKIN GUMP STRAUSS HAUER & FELD LLP CIVIC ACTION COMMITTEE (AKA AKIN GUMP PAC),CARLOS GIMENEZ FOR CONGRESS,"Gimenez, Carlos",2022-09-20,1500.00,feca,False,,73bcc95c-26d3-41c6-949d-c199717e48bb,52,https://lda.gov/filings/public/contribution/73bcc95c-26d3-41c6-949d-c199717e48bb/print/,,1500.00,"Single named member; reported amount, not verified net candidate receipts",1,organization
Carlos Gimenez,external_registrant_filer,AKIN GUMP STRAUSS HAUER & FELD,AKIN GUMP STRAUSS HAUER & FELD,SELF,CONGRESSIONAL HISPANIC LEADERSHIP INSTITUTE,Rep. Cuellar; Rep. Diaz-Balart; Sen. Menendez; Sen. Scott; Rep. Gimenez; Rep. Gonzalez; Rep. Gonzalez-Colon; Rep. Menendez; Rep. Soto; Rep. Valadao.,2023-02-17,25000.00,he,False,,6490d5ec-0a35-4bab-9e75-42cd97cbd57c,95,https://lda.gov/filings/public/contribution/6490d5ec-0a35-4bab-9e75-42cd97cbd57c/print/,,0,"Honoring-event expense, not candidate donation; excluded from contribution totals",1,organization
Carlos Gimenez,external_lobbyist_filer,CARLOS TRUJILLO,"CONTINENTAL STRATEGY, LLC",SELF,CARLOS GIMENEZ FOR CONGRESS,CARLOS GIMENEZ,2025-06-28,3500.00,feca,True,2025,1e47b761-ba59-4472-9a59-820988a7e0fc,2,https://lda.gov/filings/public/contribution/1e47b761-ba59-4472-9a59-820988a7e0fc/print/,https://lda.gov/filings/public/filing/8f3f0c3d-76df-4cfd-907a-78175ca57d5b/print/,3500.00,"Single named member; reported amount, not verified net candidate receipts",2,personal
Carlos Gimenez,external_lobbyist_filer,CARLOS TRUJILLO,"CONTINENTAL STRATEGY, LLC",SELF,CARLOS GIMENEZ FOR CONGRESS,CARLOS GIMENEZ,2025-06-28,3500.00,feca,True,2025,1e47b761-ba59-4472-9a59-820988a7e0fc,3,https://lda.gov/filings/public/contribution/1e47b761-ba59-4472-9a59-820988a7e0fc/print/,https://lda.gov/filings/public/filing/8f3f0c3d-76df-4cfd-907a-78175ca57d5b/print/,3500.00,"Single named member; reported amount, not verified net candidate receipts",2,personal
Carlos Gimenez,external_lobbyist_filer,CARLOS TRUJILLO,"CONTINENTAL STRATEGY, LLC",SELF,GIMENEZ VICTORY COMMITTEE,CARLOS GIMENEZ,2025-06-28,10000.00,feca,True,2025,1e47b761-ba59-4472-9a59-820988a7e0fc,4,https://lda.gov/filings/public/contribution/1e47b761-ba59-4472-9a59-820988a7e0fc/print/,https://lda.gov/filings/public/filing/8f3f0c3d-76df-4cfd-907a-78175ca57d5b/print/,10000.00,"Single named member; reported amount, not verified net candidate receipts",1,personal
Carlos Gimenez,external_registrant_filer,AKIN GUMP STRAUSS HAUER & FELD,AKIN GUMP STRAUSS HAUER & FELD,SELF,CONGRESSIONAL HISPANIC LEADERSHIP INSTITUTE,"Cisneros, Gil; De La Cruz, Monica; Scott, Rick; Cuellar, Henry; Diaz-Balart, Mario; Gimenez, Carlos; Malliotakis, Nicole; Valadao, David; Menendez, Rob; Soto, Darren",2026-01-23,20000.00,he,False,,6b08c921-5fb6-4fe8-bc75-838a3dce1b6f,99,https://lda.gov/filings/public/contribution/6b08c921-5fb6-4fe8-bc75-838a3dce1b6f/print/,,0,"Honoring-event expense, not candidate donation; excluded from contribution totals",1,organization
Carlos Gimenez,external_registrant_filer,AKIN GUMP STRAUSS HAUER & FELD,AKIN GUMP STRAUSS HAUER & FELD,AKIN GUMP STRAUSS HAUER & FELD LLP CIVIC ACTION COMMITTEE (AKA AKIN GUMP PAC),CARLOS GIMENEZ FOR CONGRESS,"Gimenez, Carlos",2026-05-29,750.00,feca,False,,6b08c921-5fb6-4fe8-bc75-838a3dce1b6f,25,https://lda.gov/filings/public/contribution/6b08c921-5fb6-4fe8-bc75-838a3dce1b6f/print/,,750.00,"Single named member; reported amount, not verified net candidate receipts",1,organization
Gus Bilirakis,external_registrant_filer,AKIN GUMP STRAUSS HAUER & FELD,AKIN GUMP STRAUSS HAUER & FELD,AGSH&F CIVIC ACTION COMMITTEE,BILIRAKIS FOR CONGRESS,Gus M. Bilirakis,2011-07-25,750.00,feca,False,,26d33727-ab42-420a-92a4-1b5c0aa33788,86,https://lda.gov/filings/public/contribution/26d33727-ab42-420a-92a4-1b5c0aa33788/print/,,750.00,"Single named member; reported amount, not verified net candidate receipts",1,organization
Gus Bilirakis,external_registrant_filer,"WILLIAMS AND JENSEN, PLLC","WILLIAMS AND JENSEN, PLLC",WILLIAMS AND JENSEN POLITICAL ACTION COMMITTEE,BILIRAKIS FOR CONGRESS,Gus Bilirakis,2013-05-08,1000.00,feca,False,,4718399b-4e6c-4983-ba0c-c323b0725ae3,12,https://lda.gov/filings/public/contribution/4718399b-4e6c-4983-ba0c-c323b0725ae3/print/,,1000.00,"Single named member; reported amount, not verified net candidate receipts",1,organization
Gus Bilirakis,external_registrant_filer,AKIN GUMP STRAUSS HAUER & FELD,AKIN GUMP STRAUSS HAUER & FELD,AGSH&F CIVIC ACTION COMMITTEE,BILIRAKIS FOR CONGRESS,Gus Bilirakis,2015-04-27,750.00,feca,False,,51c3f5c0-4d89-4e74-a110-8596ef446091,11,https://lda.gov/filings/public/contribution/51c3f5c0-4d89-4e74-a110-8596ef446091/print/,,750.00,"Single named member; reported amount, not verified net candidate receipts",1,organization
Gus Bilirakis,external_registrant_filer,AKIN GUMP STRAUSS HAUER & FELD,AKIN GUMP STRAUSS HAUER & FELD,AGSH&F CIVIC ACTION COMMITTEE,BILIRAKIS FOR CONGRESS,Gus Bilirakis,2016-04-18,750.00,feca,False,,a93f5568-5bd0-411e-8997-d6cc61a535e5,28,https://lda.gov/filings/public/contribution/a93f5568-5bd0-411e-8997-d6cc61a535e5/print/,,750.00,"Single named member; reported amount, not verified net candidate receipts",1,organization
Gus Bilirakis,external_registrant_filer,AKIN GUMP STRAUSS HAUER & FELD,AKIN GUMP STRAUSS HAUER & FELD,AGSH&F CIVIC ACTION COMMITTEE,BILIRAKIS FOR CONGRESS,Gus Bilirakis,2017-04-26,750.00,feca,False,,84af6ebc-febf-464d-8439-b60eeb7f6883,97,https://lda.gov/filings/public/contribution/84af6ebc-febf-464d-8439-b60eeb7f6883/print/,,750.00,"Single named member; reported amount, not verified net candidate receipts",1,organization
Gus Bilirakis,external_registrant_filer,"WILLIAMS AND JENSEN, PLLC","WILLIAMS AND JENSEN, PLLC",WILLIAMS & JENSEN POLITICAL ACTION COMMITTEE,BILIRAKIS FOR CONGRESS (CCM),Gus Bilirakis,2017-07-19,500.00,feca,False,,9cd3a1d2-65d2-4af7-938f-04c3ea1918a8,12,https://lda.gov/filings/public/contribution/9cd3a1d2-65d2-4af7-938f-04c3ea1918a8/print/,,500.00,"Single named member; reported amount, not verified net candidate receipts",1,organization
Gus Bilirakis,external_lobbyist_filer,SUSAN HIRSCHMANN,"WILLIAMS AND JENSEN, PLLC","HIRSCHMANN, SUSAN",BILIRAKIS FOR CONGRESS,Gus Bilirakis,2017-12-18,500.00,feca,False,2026,dddab1eb-a06a-481a-8583-a0b82b213de6,11,https://lda.gov/filings/public/contribution/dddab1eb-a06a-481a-8583-a0b82b213de6/print/,https://lda.gov/filings/public/filing/ab749e29-7d74-4037-b395-bbd42e5a7fe2/print/,500.00,"Single named member; reported amount, not verified net candidate receipts",1,personal
Gus Bilirakis,external_registrant_filer,AKIN GUMP STRAUSS HAUER & FELD,AKIN GUMP STRAUSS HAUER & FELD,AGSH&F CIVIC ACTION COMMITTEE,BILIRAKIS FOR CONGRESS,Gus Bilirakis,2018-02-21,1125.00,feca,False,,0e92a21c-879f-4846-83b2-c21400be22fc,25,https://lda.gov/filings/public/contribution/0e92a21c-879f-4846-83b2-c21400be22fc/print/,,1125.00,"Single named member; reported amount, not verified net candidate receipts",1,organization
Gus Bilirakis,external_registrant_filer,AKIN GUMP STRAUSS HAUER & FELD,AKIN GUMP STRAUSS HAUER & FELD,AKIN GUMP STRAUSS HAUER & FELD LLP CIVIC ACTION COMMITTEE (AKIN GUMP PAC),BILIRAKIS FOR CONGRESS,Rep. Gus Bilirakis,2019-05-01,1250.00,feca,False,,f9b58a76-b9de-4cb8-87b3-1b69e5e24f3d,30,https://lda.gov/filings/public/contribution/f9b58a76-b9de-4cb8-87b3-1b69e5e24f3d/print/,,1250.00,"Single named member; reported amount, not verified net candidate receipts",1,organization
Gus Bilirakis,external_lobbyist_filer,JASON BENJAMIN VAN PELT,"CROSSROADS STRATEGIES, LLC","VAN PELT, JASON BENJAMIN",BILIRAKIS FOR CONGRESS,Gus Bilirakis,2019-09-12,500.00,feca,False,2026,f5452968-f7cf-4a32-afbe-2b34cb6d2b0c,13,https://lda.gov/filings/public/contribution/f5452968-f7cf-4a32-afbe-2b34cb6d2b0c/print/,https://lda.gov/filings/public/filing/3900e55e-35d6-4489-bf6e-ebff6715ab44/print/,500.00,"Single named member; reported amount, not verified net candidate receipts",1,personal
Gus Bilirakis,external_registrant_filer,AKIN GUMP STRAUSS HAUER & FELD,AKIN GUMP STRAUSS HAUER & FELD,AGSH&F CIVIC ACTION COMMITTEE,BILIRAKIS FOR CONGRESS,"Bilirakis, Gus",2020-07-21,750.00,feca,False,,23eb6809-243c-4f1c-982e-3a8516abc33d,12,https://lda.gov/filings/public/contribution/23eb6809-243c-4f1c-982e-3a8516abc33d/print/,,750.00,"Single named member; reported amount, not verified net candidate receipts",1,organization
Gus Bilirakis,external_lobbyist_filer,BRIAN BALLARD,BALLARD PARTNERS,"BALLARD, BRIAN",GUS BILIRAKIS VICTORY FUND,Congressman Gus Bilirakis,2021-05-13,6000.00,feca,False,2026,9d8fdd34-2edf-43a6-b417-af14b7948826,4,https://lda.gov/filings/public/contribution/9d8fdd34-2edf-43a6-b417-af14b7948826/print/,https://lda.gov/filings/public/filing/8e4a96ab-6773-455a-92a2-af2c33025b53/print/,6000.00,"Single named member; reported amount, not verified net candidate receipts",1,personal
Gus Bilirakis,external_registrant_filer,AKIN GUMP STRAUSS HAUER & FELD,AKIN GUMP STRAUSS HAUER & FELD,AGSH&F CIVIC ACTION COMMITTEE,BILIRAKIS FOR CONGRESS,"Bilirakis, Gus",2021-10-18,1000.00,feca,False,,2b1ceefe-73e6-47eb-acfd-771b8193e801,37,https://lda.gov/filings/public/contribution/2b1ceefe-73e6-47eb-acfd-771b8193e801/print/,,1000.00,"Single named member; reported amount, not verified net candidate receipts",1,organization
Gus Bilirakis,external_registrant_filer,AKIN GUMP STRAUSS HAUER & FELD,AKIN GUMP STRAUSS HAUER & FELD,AKIN GUMP STRAUSS HAUER & FELD LLP CIVIC ACTION COMMITTEE (AKA AKIN GUMP PAC),BILIRAKIS FOR CONGRESS,"Bilirakis, Gus",2022-09-20,750.00,feca,False,,73bcc95c-26d3-41c6-949d-c199717e48bb,51,https://lda.gov/filings/public/contribution/73bcc95c-26d3-41c6-949d-c199717e48bb/print/,,750.00,"Single named member; reported amount, not verified net candidate receipts",1,organization
Gus Bilirakis,external_lobbyist_filer,CASEY CHRISTINE HIGGINS,AKIN GUMP STRAUSS HAUER & FELD,SELF,BILIRAKIS FOR CONGRESS,Gus Bilirakis,2023-06-26,500.00,feca,False,2025,d007d5d8-74a1-4312-bfd5-d854202c6708,8,https://lda.gov/filings/public/contribution/d007d5d8-74a1-4312-bfd5-d854202c6708/print/,https://lda.gov/filings/public/filing/f95d1984-a010-44b4-91b9-47eb25ea69bb/print/,500.00,"Single named member; reported amount, not verified net candidate receipts",1,personal
Gus Bilirakis,external_registrant_filer,AKIN GUMP STRAUSS HAUER & FELD,AKIN GUMP STRAUSS HAUER & FELD,AKIN GUMP STRAUSS HAUER & FELD LLP CIVIC ACTION COMMITTEE (AKA AKIN GUMP PAC),BILIRAKIS FOR CONGRESS,"Bilirakis, Gus",2023-06-29,2000.00,feca,False,,6490d5ec-0a35-4bab-9e75-42cd97cbd57c,90,https://lda.gov/filings/public/contribution/6490d5ec-0a35-4bab-9e75-42cd97cbd57c/print/,,2000.00,"Single named member; reported amount, not verified net candidate receipts",1,organization
Gus Bilirakis,external_lobbyist_filer,CASEY CHRISTINE HIGGINS,AKIN GUMP STRAUSS HAUER & FELD,SELF,BILIRAKIS FOR CONGRESS,Gus Bilirakis,2023-09-16,1000.00,feca,False,2025,6cf86d77-5451-4df0-9971-aff8b8aacf98,2,https://lda.gov/filings/public/contribution/6cf86d77-5451-4df0-9971-aff8b8aacf98/print/,https://lda.gov/filings/public/filing/f95d1984-a010-44b4-91b9-47eb25ea69bb/print/,1000.00,"Single named member; reported amount, not verified net candidate receipts",1,personal
Gus Bilirakis,external_registrant_filer,AKIN GUMP STRAUSS HAUER & FELD,AKIN GUMP STRAUSS HAUER & FELD,AKIN GUMP STRAUSS HAUER & FELD LLP CIVIC ACTION COMMITTEE (AKA AKIN GUMP PAC),BILIRAKIS FOR CONGRESS,"Bilirakis, Gus",2024-03-26,750.00,feca,False,,2ce87628-8582-4d3b-bae6-f63fbb40d4c1,42,https://lda.gov/filings/public/contribution/2ce87628-8582-4d3b-bae6-f63fbb40d4c1/print/,,750.00,"Single named member; reported amount, not verified net candidate receipts",1,organization
Gus Bilirakis,external_registrant_filer,AKIN GUMP STRAUSS HAUER & FELD,AKIN GUMP STRAUSS HAUER & FELD,AKIN GUMP STRAUSS HAUER & FELD LLP CIVIC ACTION COMMITTEE (AKA AKIN GUMP PAC),BILIRAKIS FOR CONGRESS,"Bilirakis, Gus",2025-03-07,750.00,feca,False,,5d834037-7427-4755-9870-0daf7a8d5c3a,9,https://lda.gov/filings/public/contribution/5d834037-7427-4755-9870-0daf7a8d5c3a/print/,,750.00,"Single named member; reported amount, not verified net candidate receipts",1,organization
Gus Bilirakis,external_lobbyist_filer,SAM OLSWANGER,AKIN GUMP STRAUSS HAUER & FELD,SELF,BILIRAKIS FOR CONGRESS,Rep. Gus Bilirakis,2025-03-20,250.00,feca,True,2025,e9d830eb-7988-4f03-ab98-d890ece75650,14,https://lda.gov/filings/public/contribution/e9d830eb-7988-4f03-ab98-d890ece75650/print/,https://lda.gov/filings/public/filing/5fad11e6-0c8c-4430-8105-fce1c3677eea/print/,250.00,"Single named member; reported amount, not verified net candidate receipts",1,personal
Gus Bilirakis,external_registrant_filer,AKIN GUMP STRAUSS HAUER & FELD,AKIN GUMP STRAUSS HAUER & FELD,AKIN GUMP STRAUSS HAUER & FELD LLP CIVIC ACTION COMMITTEE (AKA AKIN GUMP PAC),BILIRAKIS FOR CONGRESS,"Bilirakis, Gus",2026-06-10,750.00,feca,False,,6b08c921-5fb6-4fe8-bc75-838a3dce1b6f,12,https://lda.gov/filings/public/contribution/6b08c921-5fb6-4fe8-bc75-838a3dce1b6f/print/,,750.00,"Single named member; reported amount, not verified net candidate receipts",1,organization
Young Kim,external_lobbyist_filer,SUSAN HIRSCHMANN,"WILLIAMS AND JENSEN, PLLC","HIRSCHMANN, SUSAN",YOUNG KIM FOR CONGRESS,Young Kim,2018-09-21,1000.00,feca,False,2026,f45074dd-4704-4d77-9f3c-ae6585741a53,28,https://lda.gov/filings/public/contribution/f45074dd-4704-4d77-9f3c-ae6585741a53/print/,https://lda.gov/filings/public/filing/ab749e29-7d74-4037-b395-bbd42e5a7fe2/print/,1000.00,"Single named member; reported amount, not verified net candidate receipts",1,personal
Young Kim,external_lobbyist_filer,SUSAN HIRSCHMANN,"WILLIAMS AND JENSEN, PLLC","HIRSCHMANN, SUSAN",YOUNG KIM FOR CONGRESS,Young Kim,2019-06-13,1000.00,feca,False,2026,340bb42e-4cb3-47fa-928f-35c7605ab60f,7,https://lda.gov/filings/public/contribution/340bb42e-4cb3-47fa-928f-35c7605ab60f/print/,https://lda.gov/filings/public/filing/ab749e29-7d74-4037-b395-bbd42e5a7fe2/print/,1000.00,"Single named member; reported amount, not verified net candidate receipts",1,personal
Young Kim,external_lobbyist_filer,ASHLEY GUNN,"MILLER STRATEGIES, LLC","GUNN, ASHLEY",AMERICAN DREAM VICTORY FUND,"$500 to Rep. Young Kim, $500 to Rep. Michelle Steel",2021-09-21,1000.00,feca,False,2025,2a6221b6-0853-4d57-8e29-19430431315f,7,https://lda.gov/filings/public/contribution/2a6221b6-0853-4d57-8e29-19430431315f/print/,https://lda.gov/filings/public/filing/5006b048-918f-41ee-a98f-7098bc992bb0/print/,500,Young Kim allocation explicitly stated; entire payment 1000,1,personal
Young Kim,external_lobbyist_filer,JEFFREY MILLER,"MILLER STRATEGIES, LLC","MILLER, JEFFREY",YOUNG KIM FOR CONGRESS,Rep. Young Kim,2021-12-09,1000.00,feca,False,2025,6906fc15-21d2-42d8-85c7-e0b04ebd9bfd,14,https://lda.gov/filings/public/contribution/6906fc15-21d2-42d8-85c7-e0b04ebd9bfd/print/,https://lda.gov/filings/public/filing/9ac941da-ab58-432e-8b1b-907d4812c36f/print/,1000.00,"Single named member; reported amount, not verified net candidate receipts",1,personal
Young Kim,external_lobbyist_filer,JEFFREY MILLER,"MILLER STRATEGIES, LLC",SELF,VAN DUYNE KIM VICTORY FUND,"$3,850 to Rep. Young Kim; $1,950 to Rep. Beth Van Duyne",2022-03-10,5800.00,feca,False,2025,e49dfacf-dbb7-46e9-8c5a-a1624a3c3fd3,11,https://lda.gov/filings/public/contribution/e49dfacf-dbb7-46e9-8c5a-a1624a3c3fd3/print/,https://lda.gov/filings/public/filing/9ac941da-ab58-432e-8b1b-907d4812c36f/print/,3850,Young Kim allocation explicitly stated in honoree field; entire payment 5800,1,personal
Young Kim,external_lobbyist_filer,JEFFREY MILLER,"MILLER STRATEGIES, LLC",SELF,YOUNG KIM FOR CONGRESS,Rep. Young Kim,2023-02-15,3300.00,feca,False,2025,513d6e40-bbb7-4a4a-afbd-accf320034ed,2,https://lda.gov/filings/public/contribution/513d6e40-bbb7-4a4a-afbd-accf320034ed/print/,https://lda.gov/filings/public/filing/9ac941da-ab58-432e-8b1b-907d4812c36f/print/,3300.00,"Single named member; reported amount, not verified net candidate receipts",1,personal
Young Kim,external_lobbyist_filer,SUSAN HIRSCHMANN,"WILLIAMS AND JENSEN, PLLC",SELF,GOP WINNING WOMEN 2024,"Lori Chavez-DeRemer, Wendy Davis, Monica De La Cruz, Ashley Hinson, Jen Kiggans, Young Kim, Nancy Mace, Mariannette Miller-Meeks, Maria El Vira Salazar, Michelle Steel",2023-05-31,1000.00,feca,False,2026,16f90cb4-d897-4e11-b494-d6fae265d7b4,25,https://lda.gov/filings/public/contribution/16f90cb4-d897-4e11-b494-d6fae265d7b4/print/,https://lda.gov/filings/public/filing/ab749e29-7d74-4037-b395-bbd42e5a7fe2/print/,0,Multiple beneficiaries; member allocation unavailable; excluded from totals,1,personal
Young Kim,external_lobbyist_filer,JEFFREY MILLER,"MILLER STRATEGIES, LLC",SELF,RJC PAC - YOUNG KIM FOR CONGRESS,Rep. Young Kim,2024-02-02,3300.00,feca,False,2025,3b4801b6-9fcd-425c-a8b4-badcc5eaed05,41,https://lda.gov/filings/public/contribution/3b4801b6-9fcd-425c-a8b4-badcc5eaed05/print/,https://lda.gov/filings/public/filing/9ac941da-ab58-432e-8b1b-907d4812c36f/print/,3300.00,"Single named member; reported amount, not verified net candidate receipts",1,personal
Young Kim,external_registrant_filer,AKIN GUMP STRAUSS HAUER & FELD,AKIN GUMP STRAUSS HAUER & FELD,SELF,US ASSOCIATION OF FORMER MEMBERS OF CONGRESS,"Booker, Corey; Young, Todd; Case, Ed; Kim, Young",2025-04-10,8000.00,he,False,,5d834037-7427-4755-9870-0daf7a8d5c3a,110,https://lda.gov/filings/public/contribution/5d834037-7427-4755-9870-0daf7a8d5c3a/print/,,0,"Honoring-event expense, not candidate donation; excluded from contribution totals",1,organization
Young Kim,company_or_coupac,"COUPANG, INC.","COUPANG, INC.","COUPANG, INC. COMPANY PAC (COUPAC)",YOUNG KIM FOR CONGRESS,Rep Young Kim,2025-06-12,5000.00,feca,False,,09739cb6-f777-443c-b143-a2e0639b260a,21,https://lda.gov/filings/public/contribution/09739cb6-f777-443c-b143-a2e0639b260a/print/,,5000.00,"Single named member; reported amount, not verified net candidate receipts",1,coupac
Young Kim,company_or_coupac,"COUPANG, INC.","COUPANG, INC.",COUPANG INC. COMPANY PAC (COUPAC),FOREVER YOUTH ORGANIZATION UTILIZING A NEW GENERATION PAC,Rep Young Kim,2025-11-21,5000.00,feca,False,,b714a882-e2ea-4a80-8de5-0c117111608d,16,https://lda.gov/filings/public/contribution/b714a882-e2ea-4a80-8de5-0c117111608d/print/,,5000.00,"Single named member; reported amount, not verified net candidate receipts",1,coupac
Young Kim,coupang_employee_filer,JASON ALEXANDER PARK,"COUPANG, INC.",SELF,YOUNG KIM FOR CONGRESS,Young Kim,2026-05-22,250.00,feca,True,2025,71c35b35-c6c3-4216-b37f-236b06d25d0b,4,https://lda.gov/filings/public/contribution/71c35b35-c6c3-4216-b37f-236b06d25d0b/print/,https://lda.gov/filings/public/filing/334c6b03-9566-461f-b8b8-c0a8ca1d9c6a/print/,250.00,"Single named member; reported amount, not verified net candidate receipts",1,personal
Nathaniel Moran,external_registrant_filer,AKIN GUMP STRAUSS HAUER & FELD,AKIN GUMP STRAUSS HAUER & FELD,AKIN GUMP STRAUSS HAUER & FELD LLP CIVIC ACTION COMMITTEE (AKA AKIN GUMP PAC),NATHANIEL MORAN FOR CONGRESS,"Moran, Nathaniel",2023-10-30,1000.00,feca,False,,aa4b0bcc-985f-4a02-835b-403354a07003,73,https://lda.gov/filings/public/contribution/aa4b0bcc-985f-4a02-835b-403354a07003/print/,,1000.00,"Single named member; reported amount, not verified net candidate receipts",1,organization
Nathaniel Moran,external_registrant_filer,AKIN GUMP STRAUSS HAUER & FELD,AKIN GUMP STRAUSS HAUER & FELD,AKIN GUMP STRAUSS HAUER & FELD LLP CIVIC ACTION COMMITTEE (AKA AKIN GUMP PAC),NATHANIEL MORAN FOR CONGRESS,"Moran, Nathaniel",2024-09-30,750.00,feca,False,,8e59f2f6-053b-4c11-999d-ac42bee6b14d,50,https://lda.gov/filings/public/contribution/8e59f2f6-053b-4c11-999d-ac42bee6b14d/print/,,750.00,"Single named member; reported amount, not verified net candidate receipts",1,organization
Nathaniel Moran,external_registrant_filer,AKIN GUMP STRAUSS HAUER & FELD,AKIN GUMP STRAUSS HAUER & FELD,AKIN GUMP STRAUSS HAUER & FELD LLP CIVIC ACTION COMMITTEE (AKA AKIN GUMP PAC),NATHANIEL MORAN FOR CONGRESS,"Moran, Nathaniel",2025-04-08,1500.00,feca,False,,5d834037-7427-4755-9870-0daf7a8d5c3a,47,https://lda.gov/filings/public/contribution/5d834037-7427-4755-9870-0daf7a8d5c3a/print/,,1500.00,"Single named member; reported amount, not verified net candidate receipts",1,organization
Nathaniel Moran,external_registrant_filer,AKIN GUMP STRAUSS HAUER & FELD,AKIN GUMP STRAUSS HAUER & FELD,AKIN GUMP STRAUSS HAUER & FELD LLP CIVIC ACTION COMMITTEE (AKA AKIN GUMP PAC),NATHANIEL MORAN FOR CONGRESS,"Moran, Nathaniel",2025-05-16,750.00,feca,False,,5d834037-7427-4755-9870-0daf7a8d5c3a,71,https://lda.gov/filings/public/contribution/5d834037-7427-4755-9870-0daf7a8d5c3a/print/,,750.00,"Single named member; reported amount, not verified net candidate receipts",1,organization
Nathaniel Moran,external_lobbyist_filer,SAM OLSWANGER,AKIN GUMP STRAUSS HAUER & FELD,SELF,NATHANIEL MORAN FOR CONGRESS,Rep. Nathaniel Moran,2025-06-16,500.00,feca,True,2025,e9d830eb-7988-4f03-ab98-d890ece75650,28,https://lda.gov/filings/public/contribution/e9d830eb-7988-4f03-ab98-d890ece75650/print/,https://lda.gov/filings/public/filing/f95d1984-a010-44b4-91b9-47eb25ea69bb/print/,500.00,"Single named member; reported amount, not verified net candidate receipts",1,personal
Nathaniel Moran,external_lobbyist_filer,SUSAN HIRSCHMANN,"WILLIAMS AND JENSEN, PLLC",SELF,NATHANIEL MORAN FOR CONGRESS,Nathaniel Moran,2025-06-30,500.00,feca,False,2026,40ddeab6-393f-4ee9-b1bf-39280141d9bb,14,https://lda.gov/filings/public/contribution/40ddeab6-393f-4ee9-b1bf-39280141d9bb/print/,https://lda.gov/filings/public/filing/ab749e29-7d74-4037-b395-bbd42e5a7fe2/print/,500.00,"Single named member; reported amount, not verified net candidate receipts",1,personal
Nathaniel Moran,external_registrant_filer,AKIN GUMP STRAUSS HAUER & FELD,AKIN GUMP STRAUSS HAUER & FELD,AKIN GUMP STRAUSS HAUER & FELD LLP CIVIC ACTION COMMITTEE (AKA AKIN GUMP PAC),NATHANIEL MORAN FOR CONGRESS,"Moran, Nathaniel",2026-05-01,1000.00,feca,False,,6b08c921-5fb6-4fe8-bc75-838a3dce1b6f,31,https://lda.gov/filings/public/contribution/6b08c921-5fb6-4fe8-bc75-838a3dce1b6f/print/,,1000.00,"Single named member; reported amount, not verified net candidate receipts",1,organization
Zach Nunn,external_lobbyist_filer,HUNTER MOORHEAD,"CROSSROADS STRATEGIES, LLC",NASCOE PAC,IOWANS FOR ZACH NUNN,Zach Nunn,2023-05-23,1500.00,feca,False,2026,9de22358-d805-4353-9710-d425b216a530,13,https://lda.gov/filings/public/contribution/9de22358-d805-4353-9710-d425b216a530/print/,https://lda.gov/filings/public/filing/3900e55e-35d6-4489-bf6e-ebff6715ab44/print/,1500.00,"Single named member; reported amount, not verified net candidate receipts",1,organization
Zach Nunn,external_lobbyist_filer,JEFFREY MILLER,"MILLER STRATEGIES, LLC",SELF,IOWANS FOR ZACH NUNN,US Rep Zach Nunn,2023-06-29,1500.00,feca,False,2025,513d6e40-bbb7-4a4a-afbd-accf320034ed,25,https://lda.gov/filings/public/contribution/513d6e40-bbb7-4a4a-afbd-accf320034ed/print/,https://lda.gov/filings/public/filing/9ac941da-ab58-432e-8b1b-907d4812c36f/print/,1500.00,"Single named member; reported amount, not verified net candidate receipts",1,personal
Zach Nunn,external_lobbyist_filer,SAM OLSWANGER,AKIN GUMP STRAUSS HAUER & FELD,SELF,IOWANS FOR ZACH NUNN,Rep. Zach Nunn,2024-12-10,500.00,feca,False,2025,f504c987-8630-43a5-b354-6d0221d201e7,13,https://lda.gov/filings/public/contribution/f504c987-8630-43a5-b354-6d0221d201e7/print/,https://lda.gov/filings/public/filing/5fad11e6-0c8c-4430-8105-fce1c3677eea/print/,500.00,"Single named member; reported amount, not verified net candidate receipts",1,personal
Zach Nunn,external_lobbyist_filer,DANIEL ZIEGLER,"WILLIAMS AND JENSEN, PLLC",SELF,IOWANS FOR ZACH NUNN,Zach Nunn,2026-03-16,1000.00,feca,True,2026,faa80d61-ad89-4840-aee3-31d7395c6d85,4,https://lda.gov/filings/public/contribution/faa80d61-ad89-4840-aee3-31d7395c6d85/print/,https://lda.gov/filings/public/filing/ab749e29-7d74-4037-b395-bbd42e5a7fe2/print/,1000.00,"Single named member; reported amount, not verified net candidate receipts",1,personal
Zach Nunn,external_lobbyist_filer,JEFFREY MILLER,"MILLER STRATEGIES, LLC",SELF,IOWANS FOR ZACH NUNN,Rep. Zach Nunn,2026-03-20,3500.00,feca,True,2025,e99c01a5-aec7-4bba-9989-74cacc8b4764,28,https://lda.gov/filings/public/contribution/e99c01a5-aec7-4bba-9989-74cacc8b4764/print/,https://lda.gov/filings/public/filing/6ee2163f-6b8c-49b8-b022-b6874ab41643/print/,3500.00,"Single named member; reported amount, not verified net candidate receipts",1,personal
Zach Nunn,external_lobbyist_filer,HUNTER MOORHEAD,"CROSSROADS STRATEGIES, LLC",NASCOE PAC,IOWANS FOR ZACH NUNN,Zach Nunn,2026-03-26,1000.00,feca,True,2026,9f39bd50-4fb1-4488-b5c0-ec1cb57caeb8,17,https://lda.gov/filings/public/contribution/9f39bd50-4fb1-4488-b5c0-ec1cb57caeb8/print/,https://lda.gov/filings/public/filing/3900e55e-35d6-4489-bf6e-ebff6715ab44/print/,1000.00,"Single named member; reported amount, not verified net candidate receipts",1,organization
Zach Nunn,external_lobbyist_filer,DANIEL ZIEGLER,"WILLIAMS AND JENSEN, PLLC",SELF,IOWANS FOR ZACH NUNN,Zach Nunn,2026-06-26,500.00,feca,True,2026,faa80d61-ad89-4840-aee3-31d7395c6d85,18,https://lda.gov/filings/public/contribution/faa80d61-ad89-4840-aee3-31d7395c6d85/print/,https://lda.gov/filings/public/filing/e2bd3de5-e587-441f-8772-9b3221e40581/print/,500.00,"Single named member; reported amount, not verified net candidate receipts",1,personal
Raja Krishnamoorthi,external_registrant_filer,AKIN GUMP STRAUSS HAUER & FELD,AKIN GUMP STRAUSS HAUER & FELD,AGSH&F CIVIC ACTION COMMITTEE,FRIENDS OF RAJA FOR CONGRESS,Raja Krishnamoorthi,2018-06-11,750.00,feca,False,,0e92a21c-879f-4846-83b2-c21400be22fc,132,https://lda.gov/filings/public/contribution/0e92a21c-879f-4846-83b2-c21400be22fc/print/,,750.00,"Single named member; reported amount, not verified net candidate receipts",1,organization
Raja Krishnamoorthi,external_registrant_filer,AKIN GUMP STRAUSS HAUER & FELD,AKIN GUMP STRAUSS HAUER & FELD,AKIN GUMP STRAUSS HAUER & FELD LLP CIVIC ACTION COMMITTEE (AKA AKIN GUMP PAC),FRIENDS OF RAJA FOR CONGRESS,"Krishnamoorthi, Raja",2023-07-31,750.00,feca,False,,aa4b0bcc-985f-4a02-835b-403354a07003,9,https://lda.gov/filings/public/contribution/aa4b0bcc-985f-4a02-835b-403354a07003/print/,,750.00,"Single named member; reported amount, not verified net candidate receipts",1,organization
Raja Krishnamoorthi,external_lobbyist_filer,BRIAN ARTHUR POMPER,AKIN GUMP STRAUSS HAUER & FELD,SELF,FRIENDS OF RAJA FOR CONGRESS,Rep. Raja Krishnamoorthi,2023-09-13,1000.00,feca,True,2021,fa151a51-d26d-4c4a-a3a2-86dd92a82e49,5,https://lda.gov/filings/public/contribution/fa151a51-d26d-4c4a-a3a2-86dd92a82e49/print/,https://lda.gov/filings/public/filing/76981786-c4f3-49c8-95ce-56e33a0cc44b/print/,1000.00,"Single named member; reported amount, not verified net candidate receipts",1,personal
Raja Krishnamoorthi,external_registrant_filer,AKIN GUMP STRAUSS HAUER & FELD,AKIN GUMP STRAUSS HAUER & FELD,AKIN GUMP STRAUSS HAUER & FELD LLP CIVIC ACTION COMMITTEE (AKA AKIN GUMP PAC),FRIENDS OF RAJA FOR CONGRESS,"Krishnamoorthi, Raja",2023-09-22,1500.00,feca,False,,aa4b0bcc-985f-4a02-835b-403354a07003,33,https://lda.gov/filings/public/contribution/aa4b0bcc-985f-4a02-835b-403354a07003/print/,,1500.00,"Single named member; reported amount, not verified net candidate receipts",1,organization
Kathy Castor,external_registrant_filer,"WILLIAMS AND JENSEN, PLLC","WILLIAMS AND JENSEN, PLLC",WILLIAMS & JENSEN PLLC,RUNNING START,"Senator Lisa Murkowski, and Congresswomen Stephanie Herseth Sandlin; Kathy Castor; Debbie Wasserman Schultz; Cathy McMorris Rodgers and Melissa Bean",2008-07-31,1500.00,he,False,,bdf7759f-155f-46af-8058-19e2dfaa64a0,6,https://lda.gov/filings/public/contribution/bdf7759f-155f-46af-8058-19e2dfaa64a0/print/,,0,"Honoring-event expense, not candidate donation; excluded from contribution totals",1,organization
Kathy Castor,external_registrant_filer,AKIN GUMP STRAUSS HAUER & FELD,AKIN GUMP STRAUSS HAUER & FELD,AGSH&F CIVIC ACTION COMMITTEE,KATHY CASTOR FOR CONGRESS,Rep. Kathy Castor,2009-09-08,1000.00,feca,False,,b1ecfd66-9841-415a-a8d9-8147dd53f826,85,https://lda.gov/filings/public/contribution/b1ecfd66-9841-415a-a8d9-8147dd53f826/print/,,1000.00,"Single named member; reported amount, not verified net candidate receipts",1,organization
Kathy Castor,external_registrant_filer,AKIN GUMP STRAUSS HAUER & FELD,AKIN GUMP STRAUSS HAUER & FELD,AGSH&F CIVIC ACTION COMMITTEE,KATHY CASTOR FOR CONGRESS,Rep. Kathy Castor,2009-10-12,285.90,feca,False,,b1ecfd66-9841-415a-a8d9-8147dd53f826,18,https://lda.gov/filings/public/contribution/b1ecfd66-9841-415a-a8d9-8147dd53f826/print/,,285.90,"Single named member; reported amount, not verified net candidate receipts",1,organization
Kathy Castor,external_registrant_filer,"WILLIAMS AND JENSEN, PLLC","WILLIAMS AND JENSEN, PLLC",WILLIAMS AND JENSEN POLITICAL ACTION COMMITTEE,CASTOR FOR CONGRESS,Kathy Castor,2011-12-01,500.00,feca,False,,ea3aba24-77b7-4ffb-8dde-c64d9f959ee0,29,https://lda.gov/filings/public/contribution/ea3aba24-77b7-4ffb-8dde-c64d9f959ee0/print/,,500.00,"Single named member; reported amount, not verified net candidate receipts",1,organization
Kathy Castor,external_registrant_filer,AKIN GUMP STRAUSS HAUER & FELD,AKIN GUMP STRAUSS HAUER & FELD,AGSH&F CIVIC ACTION COMMITTEE,CASTOR FOR CONGRESS,Kathy Castor,2012-03-26,1000.00,feca,False,,d4eb9175-be05-41f2-9fbd-018f1a8d8cec,120,https://lda.gov/filings/public/contribution/d4eb9175-be05-41f2-9fbd-018f1a8d8cec/print/,,1000.00,"Single named member; reported amount, not verified net candidate receipts",1,organization
Kathy Castor,external_registrant_filer,"WILLIAMS AND JENSEN, PLLC","WILLIAMS AND JENSEN, PLLC",WILLIAMS AND JENSEN POLITICAL ACTION COMMITTEE,CASTOR FOR CONGRESS,Kathy Castor,2012-05-23,500.00,feca,False,,3e03ba58-b1d2-4de2-bc3f-c1265fc51d42,3,https://lda.gov/filings/public/contribution/3e03ba58-b1d2-4de2-bc3f-c1265fc51d42/print/,,500.00,"Single named member; reported amount, not verified net candidate receipts",1,organization
Kathy Castor,external_registrant_filer,"WILLIAMS AND JENSEN, PLLC","WILLIAMS AND JENSEN, PLLC",WILLIAMS AND JENSEN PAC,CASTOR FOR CONGRESS,Kathy Castor,2013-11-09,500.00,feca,False,,cb1710fa-9063-45ce-9db7-1bea7836df85,5,https://lda.gov/filings/public/contribution/cb1710fa-9063-45ce-9db7-1bea7836df85/print/,,500.00,"Single named member; reported amount, not verified net candidate receipts",1,organization
Kathy Castor,external_registrant_filer,"WILLIAMS AND JENSEN, PLLC","WILLIAMS AND JENSEN, PLLC",WILLIAMS & JENSEN PLLC PAC,CASTOR FOR CONGRESS,Kathy Castor,2014-10-28,500.00,feca,False,,cbb90d96-bebc-4a1e-84db-8dc1e52092a0,6,https://lda.gov/filings/public/contribution/cbb90d96-bebc-4a1e-84db-8dc1e52092a0/print/,,500.00,"Single named member; reported amount, not verified net candidate receipts",1,organization
Kathy Castor,external_registrant_filer,"WILLIAMS AND JENSEN, PLLC","WILLIAMS AND JENSEN, PLLC",WILLIAMS AND JENSEN PLLC,CASTOR FOR CONGRESS,Kathy Castor,2015-05-11,500.00,feca,False,,5979c676-9da5-4efd-9d78-24324a794fc2,20,https://lda.gov/filings/public/contribution/5979c676-9da5-4efd-9d78-24324a794fc2/print/,,500.00,"Single named member; reported amount, not verified net candidate receipts",1,organization
Kathy Castor,external_registrant_filer,"WILLIAMS AND JENSEN, PLLC","WILLIAMS AND JENSEN, PLLC","WILLIAMS & JENSEN, PLLC POLITICAL ACTION COMMITTEE",CASTOR FOR CONGRESS,Kathy Castor,2016-09-22,500.00,feca,False,,e77b2fcf-2f36-4895-91ff-be1539477637,1,https://lda.gov/filings/public/contribution/e77b2fcf-2f36-4895-91ff-be1539477637/print/,,500.00,"Single named member; reported amount, not verified net candidate receipts",1,organization
Kathy Castor,external_registrant_filer,"WILLIAMS AND JENSEN, PLLC","WILLIAMS AND JENSEN, PLLC","WILLIAMS & JENSEN, PLLC POLITICAL ACTION COMMITTEE",CASTOR FOR CONGRESS,Kathy Castor,2017-03-29,500.00,feca,False,,6af31ca1-4560-4031-8032-21a57e9b7e2b,17,https://lda.gov/filings/public/contribution/6af31ca1-4560-4031-8032-21a57e9b7e2b/print/,,500.00,"Single named member; reported amount, not verified net candidate receipts",1,organization
Kathy Castor,external_registrant_filer,AKIN GUMP STRAUSS HAUER & FELD,AKIN GUMP STRAUSS HAUER & FELD,AGSH&F CIVIC ACTION COMMITTEE,CASTOR FOR CONGRESS,Kathy Castor,2017-07-17,750.00,feca,False,,43c48473-85eb-47ef-a762-4da970ed442d,40,https://lda.gov/filings/public/contribution/43c48473-85eb-47ef-a762-4da970ed442d/print/,,750.00,"Single named member; reported amount, not verified net candidate receipts",1,organization
Kathy Castor,external_registrant_filer,"WILLIAMS AND JENSEN, PLLC","WILLIAMS AND JENSEN, PLLC","WILLIAMS & JENSEN, PLLC POLITICAL ACTION COMMITTEE",ATHENA PAC,Kathy Castor,2018-05-15,500.00,feca,False,,43e9f228-53a5-43a1-8113-2eb5307b978e,10,https://lda.gov/filings/public/contribution/43e9f228-53a5-43a1-8113-2eb5307b978e/print/,,500.00,"Single named member; reported amount, not verified net candidate receipts",1,organization
Kathy Castor,external_registrant_filer,"WILLIAMS AND JENSEN, PLLC","WILLIAMS AND JENSEN, PLLC","WILLIAMS & JENSEN, PLLC POLITICAL ACTION COMMITTEE",CASTOR FOR CONGRESS,Kathy Castor,2018-07-26,500.00,feca,False,,ccb7f356-0fe4-4036-a56f-e30a87c15551,4,https://lda.gov/filings/public/contribution/ccb7f356-0fe4-4036-a56f-e30a87c15551/print/,,500.00,"Single named member; reported amount, not verified net candidate receipts",1,organization
Kathy Castor,external_registrant_filer,"WILLIAMS AND JENSEN, PLLC","WILLIAMS AND JENSEN, PLLC",WILLIAMS AND JENSEN PLLC,CASTOR FOR CONGRESS,Kathy Castor,2020-09-08,500.00,feca,False,,d210e72f-84f4-4715-9e9e-30a57963195e,4,https://lda.gov/filings/public/contribution/d210e72f-84f4-4715-9e9e-30a57963195e/print/,,500.00,"Single named member; reported amount, not verified net candidate receipts",1,organization
Kathy Castor,external_registrant_filer,"WILLIAMS AND JENSEN, PLLC","WILLIAMS AND JENSEN, PLLC",WILLIAMS AND JENSEN PLLC,CASTOR FOR CONGRESS,Kathy Castor,2021-11-10,500.00,feca,False,,8db80a62-7eac-42b3-8d10-1a6c7fbf46f1,3,https://lda.gov/filings/public/contribution/8db80a62-7eac-42b3-8d10-1a6c7fbf46f1/print/,,500.00,"Single named member; reported amount, not verified net candidate receipts",1,organization
Kathy Castor,external_registrant_filer,"WILLIAMS AND JENSEN, PLLC","WILLIAMS AND JENSEN, PLLC",SELF,CASTOR FOR CONGRESS,Kathy Castor,2022-08-02,500.00,feca,False,,623f8710-63e3-498a-828c-dac7d86f744b,3,https://lda.gov/filings/public/contribution/623f8710-63e3-498a-828c-dac7d86f744b/print/,,500.00,"Single named member; reported amount, not verified net candidate receipts",1,organization
Kathy Castor,external_registrant_filer,"WILLIAMS AND JENSEN, PLLC","WILLIAMS AND JENSEN, PLLC",WILLIAMS & JENSEN PLLC POLITICAL ACTION COMMITTEE,CASTOR FOR CONGRESS,Kathy Castor,2023-11-29,500.00,feca,False,,5d9b9969-3492-4c72-92cc-57d754317f03,13,https://lda.gov/filings/public/contribution/5d9b9969-3492-4c72-92cc-57d754317f03/print/,,500.00,"Single named member; reported amount, not verified net candidate receipts",1,organization
Kathy Castor,external_registrant_filer,"WILLIAMS AND JENSEN, PLLC","WILLIAMS AND JENSEN, PLLC",WILLIAMS & JENSEN PLLC POLITICAL ACTION COMMITTEE,CASTOR FOR CONGRESS,Kathy Castor,2024-09-26,500.00,feca,False,,0d8c8ee9-5bb3-431d-8b2e-ad399ebc6c5d,17,https://lda.gov/filings/public/contribution/0d8c8ee9-5bb3-431d-8b2e-ad399ebc6c5d/print/,,500.00,"Single named member; reported amount, not verified net candidate receipts",1,organization
Andre Carson,external_registrant_filer,AKIN GUMP STRAUSS HAUER & FELD,AKIN GUMP STRAUSS HAUER & FELD,AGSH&F CIVIC ACTION COMMITTEE (NON-CONNECTED),ANDRE CARSON FOR CONGRESS,Rep. Andre Carson,2008-04-09,750.00,feca,False,,8349653d-2703-4665-add1-092815acb7b9,86,https://lda.gov/filings/public/contribution/8349653d-2703-4665-add1-092815acb7b9/print/,,750.00,"Single named member; reported amount, not verified net candidate receipts",1,organization
Seth Moulton,external_registrant_filer,AKIN GUMP STRAUSS HAUER & FELD,AKIN GUMP STRAUSS HAUER & FELD,AGSH&F CIVIC ACTION COMMITTEE,MOULTON FOR CONGRESS,Seth Moulton,2017-06-20,750.00,feca,False,,84af6ebc-febf-464d-8439-b60eeb7f6883,139,https://lda.gov/filings/public/contribution/84af6ebc-febf-464d-8439-b60eeb7f6883/print/,,750.00,"Single named member; reported amount, not verified net candidate receipts",1,organization
Haley Stevens,external_lobbyist_filer,ROGER MURRY,AKIN GUMP STRAUSS HAUER & FELD,"MURRY, ROGER",HALEY STEVENS FOR CONGRESS,Haley Stevens,2019-12-09,500.00,feca,False,2021,65de5fd1-f19f-4ee8-a798-00d12e09f7aa,3,https://lda.gov/filings/public/contribution/65de5fd1-f19f-4ee8-a798-00d12e09f7aa/print/,https://lda.gov/filings/public/filing/25ff5f56-1019-4e4a-8f58-e52aa9647708/print/,500.00,"Single named member; reported amount, not verified net candidate receipts",1,personal
Haley Stevens,external_lobbyist_filer,KATHRYN CHRISTENSEN MILLS,MONUMENT ADVOCACY,"MILLS, KATHRYN CHRISTENSEN",HALEY STEVENS FOR CONGRESS,Haley Stevens,2019-12-31,120.00,feca,False,2026,d50d66f6-e93e-45c4-9a68-7d299ed228e7,5,https://lda.gov/filings/public/contribution/d50d66f6-e93e-45c4-9a68-7d299ed228e7/print/,https://lda.gov/filings/public/filing/26769630-ee70-429a-9f67-fc97b9ced34a/print/,120.00,"Single named member; reported amount, not verified net candidate receipts",1,personal
Haley Stevens,external_lobbyist_filer,KATHRYN CHRISTENSEN MILLS,MONUMENT ADVOCACY,SELF,HALEY STEVENS FOR CONGRESS,Haley Stevens,2022-01-26,156.25,feca,False,2026,4d7b3ef1-70ce-44a2-aecb-9e11c189c61c,3,https://lda.gov/filings/public/contribution/4d7b3ef1-70ce-44a2-aecb-9e11c189c61c/print/,https://lda.gov/filings/public/filing/26769630-ee70-429a-9f67-fc97b9ced34a/print/,156.25,"Single named member; reported amount, not verified net candidate receipts",1,personal
Haley Stevens,external_lobbyist_filer,BRIAN ARTHUR POMPER,AKIN GUMP STRAUSS HAUER & FELD,SELF,HALEY STEVENS FOR CONGRESS,Rep. Haley Stevens,2022-04-27,500.00,feca,True,2021,9ad53233-d3c8-445d-854a-6d96ddfabeb1,18,https://lda.gov/filings/public/contribution/9ad53233-d3c8-445d-854a-6d96ddfabeb1/print/,https://lda.gov/filings/public/filing/6978c97b-e9cc-4b45-a7f6-7a1a5f6c8c06/print/,500.00,"Single named member; reported amount, not verified net candidate receipts",1,personal
Haley Stevens,external_registrant_filer,AKIN GUMP STRAUSS HAUER & FELD,AKIN GUMP STRAUSS HAUER & FELD,AKIN GUMP STRAUSS HAUER & FELD LLP CIVIC ACTION COMMITTEE (AKA AKIN GUMP PAC),HALEY STEVENS FOR CONGRESS,"Stevens, Haley",2022-07-29,1000.00,feca,False,,73bcc95c-26d3-41c6-949d-c199717e48bb,24,https://lda.gov/filings/public/contribution/73bcc95c-26d3-41c6-949d-c199717e48bb/print/,,1000.00,"Single named member; reported amount, not verified net candidate receipts",1,organization
Haley Stevens,external_lobbyist_filer,ROGER MURRY,AKIN GUMP STRAUSS HAUER & FELD,SELF,HALEY STEVENS FOR CONGRESS,Haley Stevens,2022-09-21,500.00,feca,False,2021,a3f4fe24-25e1-4d27-abc6-ab104a1f4a22,2,https://lda.gov/filings/public/contribution/a3f4fe24-25e1-4d27-abc6-ab104a1f4a22/print/,https://lda.gov/filings/public/filing/25ff5f56-1019-4e4a-8f58-e52aa9647708/print/,500.00,"Single named member; reported amount, not verified net candidate receipts",1,personal
Haley Stevens,external_registrant_filer,AKIN GUMP STRAUSS HAUER & FELD,AKIN GUMP STRAUSS HAUER & FELD,AKIN GUMP STRAUSS HAUER & FELD LLP CIVIC ACTION COMMITTEE (AKA AKIN GUMP PAC),HALEY STEVENS FOR CONGRESS,"Stevens, Haley",2023-10-30,750.00,feca,False,,aa4b0bcc-985f-4a02-835b-403354a07003,67,https://lda.gov/filings/public/contribution/aa4b0bcc-985f-4a02-835b-403354a07003/print/,,750.00,"Single named member; reported amount, not verified net candidate receipts",1,organization
Haley Stevens,external_registrant_filer,AKIN GUMP STRAUSS HAUER & FELD,AKIN GUMP STRAUSS HAUER & FELD,AKIN GUMP STRAUSS HAUER & FELD LLP CIVIC ACTION COMMITTEE (AKA AKIN GUMP PAC),HALEY STEVENS FOR CONGRESS,"Stevens, Haley",2023-12-11,750.00,feca,False,,aa4b0bcc-985f-4a02-835b-403354a07003,95,https://lda.gov/filings/public/contribution/aa4b0bcc-985f-4a02-835b-403354a07003/print/,,750.00,"Single named member; reported amount, not verified net candidate receipts",1,organization
Haley Stevens,external_lobbyist_filer,BRIAN ARTHUR POMPER,AKIN GUMP STRAUSS HAUER & FELD,SELF,HALEY STEVENS FOR SENATE,Representative Haley Stevens,2025-06-21,1000.00,feca,True,2021,5b581061-583f-4ee1-98f5-aec8aa74ba1b,29,https://lda.gov/filings/public/contribution/5b581061-583f-4ee1-98f5-aec8aa74ba1b/print/,https://lda.gov/filings/public/filing/f95d1984-a010-44b4-91b9-47eb25ea69bb/print/,1000.00,"Single named member; reported amount, not verified net candidate receipts",1,personal
Haley Stevens,external_lobbyist_filer,ROGER MURRY,AKIN GUMP STRAUSS HAUER & FELD,SELF,HALEY STEVENS FOR SENATE,Haley Stevens,2025-06-24,1000.00,feca,False,2021,d083b8a5-f880-44a9-ad98-8d3a7af87acb,4,https://lda.gov/filings/public/contribution/d083b8a5-f880-44a9-ad98-8d3a7af87acb/print/,https://lda.gov/filings/public/filing/25ff5f56-1019-4e4a-8f58-e52aa9647708/print/,1000.00,"Single named member; reported amount, not verified net candidate receipts",1,personal
Haley Stevens,external_lobbyist_filer,SALLY STEWART LAING,AKIN GUMP STRAUSS HAUER & FELD,SELF,HALEY STEVENS FOR SENATE,Haley Stevens,2025-06-30,500.00,feca,True,2025,71cdb4ca-5e9d-49b5-85da-b9f5392157de,1,https://lda.gov/filings/public/contribution/71cdb4ca-5e9d-49b5-85da-b9f5392157de/print/,https://lda.gov/filings/public/filing/f95d1984-a010-44b4-91b9-47eb25ea69bb/print/,500.00,"Single named member; reported amount, not verified net candidate receipts",1,personal
Haley Stevens,external_lobbyist_filer,LUCIA PANZA,"CROSSROADS STRATEGIES, LLC",SELF,HALEY STEVENS FOR SENATE,Rep. Haley Stevens,2025-08-28,500.00,feca,False,2026,de0fd11a-39a9-48d9-86fb-3041d6fe3f9b,3,https://lda.gov/filings/public/contribution/de0fd11a-39a9-48d9-86fb-3041d6fe3f9b/print/,https://lda.gov/filings/public/filing/3900e55e-35d6-4489-bf6e-ebff6715ab44/print/,500.00,"Single named member; reported amount, not verified net candidate receipts",1,personal
Haley Stevens,external_lobbyist_filer,BEN LEE MCMAKIN,"CROSSROADS STRATEGIES, LLC",SELF,HALEY STEVENS FOR SENATE,HALEY STEVENS,2025-09-09,500.00,feca,False,2026,383fce89-c254-4bfd-8283-076d09b813b7,1,https://lda.gov/filings/public/contribution/383fce89-c254-4bfd-8283-076d09b813b7/print/,https://lda.gov/filings/public/filing/3900e55e-35d6-4489-bf6e-ebff6715ab44/print/,500.00,"Single named member; reported amount, not verified net candidate receipts",1,personal
Haley Stevens,external_lobbyist_filer,BRITTANY JOHNSON HERNANDEZ,"CROSSROADS STRATEGIES, LLC",SELF,HALEY STEVENS FOR SENATE,Haley Stevens,2025-09-09,500.00,feca,False,2026,ea647c78-4cee-428a-9e5c-54b5e966a830,4,https://lda.gov/filings/public/contribution/ea647c78-4cee-428a-9e5c-54b5e966a830/print/,https://lda.gov/filings/public/filing/3900e55e-35d6-4489-bf6e-ebff6715ab44/print/,500.00,"Single named member; reported amount, not verified net candidate receipts",1,personal
Haley Stevens,external_lobbyist_filer,JOHN BREAUX,"CROSSROADS STRATEGIES, LLC",SELF,HALEY STEVENS FOR SENATE,HALEY STEVENS,2025-09-09,1000.00,feca,False,2026,77c58f02-185d-49ec-a4a7-173f13c5c99b,2,https://lda.gov/filings/public/contribution/77c58f02-185d-49ec-a4a7-173f13c5c99b/print/,https://lda.gov/filings/public/filing/3900e55e-35d6-4489-bf6e-ebff6715ab44/print/,1000.00,"Single named member; reported amount, not verified net candidate receipts",1,personal
Haley Stevens,external_lobbyist_filer,BRIAN ARTHUR POMPER,AKIN GUMP STRAUSS HAUER & FELD,SELF,HALEY STEVENS FOR SENATE,Rep. Haley Stevens,2025-09-30,1000.00,feca,True,2021,0fff7d6f-40e6-4c4a-9e45-b7d5a7a75c1e,7,https://lda.gov/filings/public/contribution/0fff7d6f-40e6-4c4a-9e45-b7d5a7a75c1e/print/,https://lda.gov/filings/public/filing/c01ba3a2-146b-4fbc-8a67-3ffa7df88238/print/,1000.00,"Single named member; reported amount, not verified net candidate receipts",1,personal
Haley Stevens,external_lobbyist_filer,KATHRYN CHRISTENSEN MILLS,MONUMENT ADVOCACY,SELF,HALEY STEVENS FOR SENATE,Haley Stevens,2025-12-08,1000.00,feca,False,2026,45ac9807-62dd-4f30-ab9d-25631f7e09c7,1,https://lda.gov/filings/public/contribution/45ac9807-62dd-4f30-ab9d-25631f7e09c7/print/,https://lda.gov/filings/public/filing/26769630-ee70-429a-9f67-fc97b9ced34a/print/,1000.00,"Single named member; reported amount, not verified net candidate receipts",1,personal
Haley Stevens,external_lobbyist_filer,RICH THOMAS,MONUMENT ADVOCACY,SELF,HALEY STEVENS FOR SENATE,Rep. Haley Stevens (D-MI),2025-12-17,500.00,feca,True,2025,f6f7edd4-ee3e-4038-95c4-3f23746f0afb,1,https://lda.gov/filings/public/contribution/f6f7edd4-ee3e-4038-95c4-3f23746f0afb/print/,https://lda.gov/filings/public/filing/b314f385-0076-412e-96dc-e77c77fed203/print/,500.00,"Single named member; reported amount, not verified net candidate receipts",1,personal
Haley Stevens,external_lobbyist_filer,LAWRENCE DUNCAN,MONUMENT ADVOCACY,SELF,HALEY STEVENS FOR U.S. SENATE,Rep. Haley Stevens,2025-12-31,1000.00,feca,False,2026,fdc4db1f-c83b-40ec-8742-c2b76a679079,3,https://lda.gov/filings/public/contribution/fdc4db1f-c83b-40ec-8742-c2b76a679079/print/,https://lda.gov/filings/public/filing/1d140907-487c-4d2e-ab4f-f8667753f1e5/print/,1000.00,"Single named member; reported amount, not verified net candidate receipts",1,personal
Haley Stevens,external_lobbyist_filer,BRIAN ARTHUR POMPER,AKIN GUMP STRAUSS HAUER & FELD,SELF,HALEY STEVES FOR SENATE,Representative Haley Stevens,2026-03-28,1500.00,feca,True,2021,f4b8b304-d4b4-4ca1-8ecf-12fa4e11aca3,26,https://lda.gov/filings/public/contribution/f4b8b304-d4b4-4ca1-8ecf-12fa4e11aca3/print/,https://lda.gov/filings/public/filing/4f23a7cd-17c8-4bdd-a8b2-e1858f129908/print/,1500.00,"Single named member; reported amount, not verified net candidate receipts",1,personal
Ritchie Torres,external_lobbyist_filer,JOSE BORJON,AKIN GUMP STRAUSS HAUER & FELD,"BORJON, JOSE",TORRES FOR CONGRESS,Congressman Ritchie Torres,2021-06-15,250.00,feca,False,2024,d17c7024-5bd0-4466-adb6-f13895cf7ef2,16,https://lda.gov/filings/public/contribution/d17c7024-5bd0-4466-adb6-f13895cf7ef2/print/,https://lda.gov/filings/public/filing/6b8c6061-7930-449e-b199-a5c120f4c217/print/,250.00,"Single named member; reported amount, not verified net candidate receipts",1,personal
Ritchie Torres,external_registrant_filer,AKIN GUMP STRAUSS HAUER & FELD,AKIN GUMP STRAUSS HAUER & FELD,AGSH&F CIVIC ACTION COMMITTEE,TORRES FOR CONGRESS,"Torres, Ritchie",2021-06-21,1000.00,feca,False,,9fbb96bb-a17d-47d7-aa65-76e40bcb4bcc,12,https://lda.gov/filings/public/contribution/9fbb96bb-a17d-47d7-aa65-76e40bcb4bcc/print/,,1000.00,"Single named member; reported amount, not verified net candidate receipts",1,organization
Ritchie Torres,external_lobbyist_filer,JOSE BORJON,AKIN GUMP STRAUSS HAUER & FELD,"BORJON, JOSE",TORRES FOR CONGRESS,Congressman Ritchie Torres,2021-06-30,250.00,feca,False,2024,d17c7024-5bd0-4466-adb6-f13895cf7ef2,20,https://lda.gov/filings/public/contribution/d17c7024-5bd0-4466-adb6-f13895cf7ef2/print/,https://lda.gov/filings/public/filing/6b8c6061-7930-449e-b199-a5c120f4c217/print/,250.00,"Single named member; reported amount, not verified net candidate receipts",1,personal
Ritchie Torres,external_lobbyist_filer,JOSE BORJON,AKIN GUMP STRAUSS HAUER & FELD,SELF,RITCHIE TORRES FOR CONGRESS,Congressman Ritchie Torres,2023-03-10,1000.00,feca,False,2024,ec08d629-9487-4494-859d-f454fcfdef95,4,https://lda.gov/filings/public/contribution/ec08d629-9487-4494-859d-f454fcfdef95/print/,https://lda.gov/filings/public/filing/6b8c6061-7930-449e-b199-a5c120f4c217/print/,1000.00,"Single named member; reported amount, not verified net candidate receipts",1,personal
Ritchie Torres,external_lobbyist_filer,IVELISSE ALEXANDRA PORROA-GARCIA,"CROSSROADS STRATEGIES, LLC",SELF,TORRES FOR CONGRESS,Ritchie Torres,2023-07-25,250.00,feca,False,2026,cb2ca737-43aa-4f8e-8837-a883e906f86a,5,https://lda.gov/filings/public/contribution/cb2ca737-43aa-4f8e-8837-a883e906f86a/print/,https://lda.gov/filings/public/filing/09e08f6d-d58c-42a6-82e2-38d905a6b39f/print/,250.00,"Single named member; reported amount, not verified net candidate receipts",1,personal
Ritchie Torres,external_registrant_filer,AKIN GUMP STRAUSS HAUER & FELD,AKIN GUMP STRAUSS HAUER & FELD,AKIN GUMP STRAUSS HAUER & FELD LLP CIVIC ACTION COMMITTEE (AKA AKIN GUMP PAC),TORRES FOR CONGRESS,"Torres, Ritchie",2023-09-26,1000.00,feca,False,,aa4b0bcc-985f-4a02-835b-403354a07003,54,https://lda.gov/filings/public/contribution/aa4b0bcc-985f-4a02-835b-403354a07003/print/,,1000.00,"Single named member; reported amount, not verified net candidate receipts",1,organization
Ritchie Torres,external_lobbyist_filer,JEFFREY MILLER,"MILLER STRATEGIES, LLC",SELF,ACTBLUE RITCHIE TORRES,Rep. Ritchie Torres,2023-11-14,2000.00,feca,False,2025,13a847e8-2ae5-4a95-9bbf-fe619cc5b411,1,https://lda.gov/filings/public/contribution/13a847e8-2ae5-4a95-9bbf-fe619cc5b411/print/,https://lda.gov/filings/public/filing/9ac941da-ab58-432e-8b1b-907d4812c36f/print/,2000.00,"Single named member; reported amount, not verified net candidate receipts",1,personal
Shontel Brown,external_lobbyist_filer,SAM OLSWANGER,AKIN GUMP STRAUSS HAUER & FELD,"OLSWANGER, SAM",SHONTEL BROWN FOR CONGRESS,Rep. Shontel Brown,2021-07-24,250.00,feca,False,2025,fc83ed9d-b345-4242-a1ea-4be7edecf336,15,https://lda.gov/filings/public/contribution/fc83ed9d-b345-4242-a1ea-4be7edecf336/print/,https://lda.gov/filings/public/filing/5fad11e6-0c8c-4430-8105-fce1c3677eea/print/,250.00,"Single named member; reported amount, not verified net candidate receipts",1,personal
Shontel Brown,external_lobbyist_filer,HUNTER MOORHEAD,"CROSSROADS STRATEGIES, LLC",NASCOE PAC,SHONTEL BROWN FOR CONGRESS,Shontel Brown,2023-10-16,1000.00,feca,False,2026,bce26416-baa7-4f4c-b841-3f9cdf6ff55b,11,https://lda.gov/filings/public/contribution/bce26416-baa7-4f4c-b841-3f9cdf6ff55b/print/,https://lda.gov/filings/public/filing/3900e55e-35d6-4489-bf6e-ebff6715ab44/print/,1000.00,"Single named member; reported amount, not verified net candidate receipts",1,organization
Shontel Brown,external_registrant_filer,AKIN GUMP STRAUSS HAUER & FELD,AKIN GUMP STRAUSS HAUER & FELD,AKIN GUMP STRAUSS HAUER & FELD LLP CIVIC ACTION COMMITTEE (AKA AKIN GUMP PAC),SHONTEL BROWN FOR CONGRESS,"Brown, Shontel",2023-11-28,750.00,feca,False,,aa4b0bcc-985f-4a02-835b-403354a07003,84,https://lda.gov/filings/public/contribution/aa4b0bcc-985f-4a02-835b-403354a07003/print/,,750.00,"Single named member; reported amount, not verified net candidate receipts",1,organization
Greg Stanton,external_registrant_filer,AKIN GUMP STRAUSS HAUER & FELD,AKIN GUMP STRAUSS HAUER & FELD,AKIN GUMP STRAUSS HAUER & FELD LLP CIVIC ACTION COMMITTEE (AKA AKIN GUMP PAC),STANTON FOR CONGRESS,Rep. Greg Stanton,2022-06-15,1000.00,feca,False,,2e2953a0-fa79-4e00-a49e-d5a4722fde8a,95,https://lda.gov/filings/public/contribution/2e2953a0-fa79-4e00-a49e-d5a4722fde8a/print/,,1000.00,"Single named member; reported amount, not verified net candidate receipts",1,organization
Greg Stanton,external_lobbyist_filer,ROGER MURRY,AKIN GUMP STRAUSS HAUER & FELD,SELF,STANTON FOR CONGRESS,Greg Stanton,2022-09-21,500.00,feca,False,2021,a3f4fe24-25e1-4d27-abc6-ab104a1f4a22,4,https://lda.gov/filings/public/contribution/a3f4fe24-25e1-4d27-abc6-ab104a1f4a22/print/,https://lda.gov/filings/public/filing/25ff5f56-1019-4e4a-8f58-e52aa9647708/print/,500.00,"Single named member; reported amount, not verified net candidate receipts",1,personal
Greg Stanton,external_lobbyist_filer,BRIAN ARTHUR POMPER,AKIN GUMP STRAUSS HAUER & FELD,SELF,GREG STANTON FOR CONGRESS,Rep. Greg Stanton,2023-11-14,500.00,feca,True,2021,fa151a51-d26d-4c4a-a3a2-86dd92a82e49,16,https://lda.gov/filings/public/contribution/fa151a51-d26d-4c4a-a3a2-86dd92a82e49/print/,https://lda.gov/filings/public/filing/16618357-20f6-4259-b150-91acaf80e7e2/print/,500.00,"Single named member; reported amount, not verified net candidate receipts",1,personal
Greg Stanton,external_lobbyist_filer,ROGER MURRY,AKIN GUMP STRAUSS HAUER & FELD,SELF,STANTON FOR CONGRESS,Greg Stanton,2024-02-09,500.00,feca,True,2021,457be358-846e-420e-99c1-546752627bed,2,https://lda.gov/filings/public/contribution/457be358-846e-420e-99c1-546752627bed/print/,https://lda.gov/filings/public/filing/6b8c6061-7930-449e-b199-a5c120f4c217/print/,500.00,"Single named member; reported amount, not verified net candidate receipts",1,personal
Greg Stanton,external_registrant_filer,AKIN GUMP STRAUSS HAUER & FELD,AKIN GUMP STRAUSS HAUER & FELD,AKIN GUMP STRAUSS HAUER & FELD LLP CIVIC ACTION COMMITTEE (AKA AKIN GUMP PAC),STANTON FOR CONGRESS,"Stanton, Greg",2024-03-26,375.00,feca,False,,2ce87628-8582-4d3b-bae6-f63fbb40d4c1,48,https://lda.gov/filings/public/contribution/2ce87628-8582-4d3b-bae6-f63fbb40d4c1/print/,,375.00,"Single named member; reported amount, not verified net candidate receipts",1,organization
Greg Stanton,external_lobbyist_filer,BRIAN ARTHUR POMPER,AKIN GUMP STRAUSS HAUER & FELD,SELF,STANTON FOR CONGRESS,Rep. Greg Stanton,2024-09-22,500.00,feca,True,2021,8e3c36ea-c047-49a8-88d4-b1c518e0fdf9,20,https://lda.gov/filings/public/contribution/8e3c36ea-c047-49a8-88d4-b1c518e0fdf9/print/,https://lda.gov/filings/public/filing/626ad078-4796-45f9-97d2-3bb16aa43be4/print/,500.00,"Single named member; reported amount, not verified net candidate receipts",1,personal
Tom Suozzi,external_registrant_filer,AKIN GUMP STRAUSS HAUER & FELD,AKIN GUMP STRAUSS HAUER & FELD,AGSH&F CIVIC ACTION COMMITTEE,SUOZZI FOR CONGRESS,"Suozzi, Tom",2021-11-05,1000.00,feca,False,,2b1ceefe-73e6-47eb-acfd-771b8193e801,26,https://lda.gov/filings/public/contribution/2b1ceefe-73e6-47eb-acfd-771b8193e801/print/,,1000.00,"Single named member; reported amount, not verified net candidate receipts",1,organization
Tom Suozzi,external_registrant_filer,"WILLIAMS AND JENSEN, PLLC","WILLIAMS AND JENSEN, PLLC",WILLIAMS AND JENSEN PLLC,SUOZZI FOR CONGRESS,Thomas Suozzi,2021-11-10,500.00,feca,False,,8db80a62-7eac-42b3-8d10-1a6c7fbf46f1,4,https://lda.gov/filings/public/contribution/8db80a62-7eac-42b3-8d10-1a6c7fbf46f1/print/,,500.00,"Single named member; reported amount, not verified net candidate receipts",1,organization
Tom Suozzi,external_registrant_filer,"WILLIAMS AND JENSEN, PLLC","WILLIAMS AND JENSEN, PLLC",SELF,SUOZZI FOR CONGRESS,Thomas Suozzi,2024-06-17,500.00,feca,False,,f237c83d-295b-43c8-bedf-e00c61265204,11,https://lda.gov/filings/public/contribution/f237c83d-295b-43c8-bedf-e00c61265204/print/,,500.00,"Single named member; reported amount, not verified net candidate receipts",1,organization
Tom Suozzi,external_lobbyist_filer,LAUREN SOLTANI RUBIN,AKIN GUMP STRAUSS HAUER & FELD,SELF,SUOZZI FOR CONGRESS,Tom Suozzi,2025-07-16,250.00,feca,True,2025,2e97c5ed-660c-45a4-a782-2e3b087d202f,1,https://lda.gov/filings/public/contribution/2e97c5ed-660c-45a4-a782-2e3b087d202f/print/,https://lda.gov/filings/public/filing/c01ba3a2-146b-4fbc-8a67-3ffa7df88238/print/,250.00,"Single named member; reported amount, not verified net candidate receipts",1,personal
Tom Suozzi,external_registrant_filer,AKIN GUMP STRAUSS HAUER & FELD,AKIN GUMP STRAUSS HAUER & FELD,AKIN GUMP STRAUSS HAUER & FELD LLP CIVIC ACTION COMMITTEE (AKA AKIN GUMP PAC),SUOZZI FOR CONGRESS,"Suozzi, Tom",2025-07-25,750.00,feca,False,,20e43bd0-a989-49e7-bb8f-53d34ab0c906,7,https://lda.gov/filings/public/contribution/20e43bd0-a989-49e7-bb8f-53d34ab0c906/print/,,750.00,"Single named member; reported amount, not verified net candidate receipts",1,organization
Tom Suozzi,external_lobbyist_filer,LAUREN SOLTANI RUBIN,AKIN GUMP STRAUSS HAUER & FELD,SELF,TOM SUOZZI FOR CONGRESS,Tom Suozzi,2026-05-19,250.00,feca,False,2025,5a3a2519-97e3-4866-9242-cabbf9d45b75,6,https://lda.gov/filings/public/contribution/5a3a2519-97e3-4866-9242-cabbf9d45b75/print/,https://lda.gov/filings/public/filing/5fad11e6-0c8c-4430-8105-fce1c3677eea/print/,250.00,"Single named member; reported amount, not verified net candidate receipts",1,personal
