filing_uuid,filing_year,filing_period,filing_type,filing_type_display,dt_posted,registrant_id,registrant,client_id,client,scope,source_url,activity_no,issue_code,issue_code_display,description,foreign_entity_issues,government_entity_id,government_entity,selected_latest_quarterly
97045483-78a1-4ce8-8165-d5f2d6db09c2,2021,third_quarter,Q3,3rd Quarter - Report,2021-10-19T16:25:28.793000-04:00,682,AKIN GUMP STRAUSS HAUER & FELD,211969,"COUPANG, INC.",direct_client,https://lda.gov/filings/public/filing/97045483-78a1-4ce8-8165-d5f2d6db09c2/print/,1,TRD,Trade (domestic/foreign),Issues related to foreign trade and regulatory issues.,,39,"State, Dept of (DOS)",True
97045483-78a1-4ce8-8165-d5f2d6db09c2,2021,third_quarter,Q3,3rd Quarter - Report,2021-10-19T16:25:28.793000-04:00,682,AKIN GUMP STRAUSS HAUER & FELD,211969,"COUPANG, INC.",direct_client,https://lda.gov/filings/public/filing/97045483-78a1-4ce8-8165-d5f2d6db09c2/print/,1,TRD,Trade (domestic/foreign),Issues related to foreign trade and regulatory issues.,,22,U.S. Trade Representative (USTR),True
97045483-78a1-4ce8-8165-d5f2d6db09c2,2021,third_quarter,Q3,3rd Quarter - Report,2021-10-19T16:25:28.793000-04:00,682,AKIN GUMP STRAUSS HAUER & FELD,211969,"COUPANG, INC.",direct_client,https://lda.gov/filings/public/filing/97045483-78a1-4ce8-8165-d5f2d6db09c2/print/,2,ECN,Economics/Economic Development,Issues related to foreign trade and regulatory issues.,,39,"State, Dept of (DOS)",True
97045483-78a1-4ce8-8165-d5f2d6db09c2,2021,third_quarter,Q3,3rd Quarter - Report,2021-10-19T16:25:28.793000-04:00,682,AKIN GUMP STRAUSS HAUER & FELD,211969,"COUPANG, INC.",direct_client,https://lda.gov/filings/public/filing/97045483-78a1-4ce8-8165-d5f2d6db09c2/print/,2,ECN,Economics/Economic Development,Issues related to foreign trade and regulatory issues.,,22,U.S. Trade Representative (USTR),True
97045483-78a1-4ce8-8165-d5f2d6db09c2,2021,third_quarter,Q3,3rd Quarter - Report,2021-10-19T16:25:28.793000-04:00,682,AKIN GUMP STRAUSS HAUER & FELD,211969,"COUPANG, INC.",direct_client,https://lda.gov/filings/public/filing/97045483-78a1-4ce8-8165-d5f2d6db09c2/print/,3,SMB,Small Business,Issues related to foreign trade and regulatory issues.,,39,"State, Dept of (DOS)",True
97045483-78a1-4ce8-8165-d5f2d6db09c2,2021,third_quarter,Q3,3rd Quarter - Report,2021-10-19T16:25:28.793000-04:00,682,AKIN GUMP STRAUSS HAUER & FELD,211969,"COUPANG, INC.",direct_client,https://lda.gov/filings/public/filing/97045483-78a1-4ce8-8165-d5f2d6db09c2/print/,3,SMB,Small Business,Issues related to foreign trade and regulatory issues.,,22,U.S. Trade Representative (USTR),True
094e2925-30c9-497c-b32f-ede83018b465,2021,third_quarter,Q3,3rd Quarter - Report,2021-10-20T09:58:37.103000-04:00,401106168,"COUPANG, INC.",211631,"COUPANG, INC.",direct_client,https://lda.gov/filings/public/filing/094e2925-30c9-497c-b32f-ede83018b465/print/,1,SMB,Small Business,Encouragement of expanded SME participation in Coupang's platform (no specific legislation).,,24,"Commerce, Dept of (DOC)",True
094e2925-30c9-497c-b32f-ede83018b465,2021,third_quarter,Q3,3rd Quarter - Report,2021-10-20T09:58:37.103000-04:00,401106168,"COUPANG, INC.",211631,"COUPANG, INC.",direct_client,https://lda.gov/filings/public/filing/094e2925-30c9-497c-b32f-ede83018b465/print/,1,SMB,Small Business,Encouragement of expanded SME participation in Coupang's platform (no specific legislation).,,11,Executive Office of the President (EOP),True
094e2925-30c9-497c-b32f-ede83018b465,2021,third_quarter,Q3,3rd Quarter - Report,2021-10-20T09:58:37.103000-04:00,401106168,"COUPANG, INC.",211631,"COUPANG, INC.",direct_client,https://lda.gov/filings/public/filing/094e2925-30c9-497c-b32f-ede83018b465/print/,1,SMB,Small Business,Encouragement of expanded SME participation in Coupang's platform (no specific legislation).,,1,SENATE,True
094e2925-30c9-497c-b32f-ede83018b465,2021,third_quarter,Q3,3rd Quarter - Report,2021-10-20T09:58:37.103000-04:00,401106168,"COUPANG, INC.",211631,"COUPANG, INC.",direct_client,https://lda.gov/filings/public/filing/094e2925-30c9-497c-b32f-ede83018b465/print/,1,SMB,Small Business,Encouragement of expanded SME participation in Coupang's platform (no specific legislation).,,22,U.S. Trade Representative (USTR),True
094e2925-30c9-497c-b32f-ede83018b465,2021,third_quarter,Q3,3rd Quarter - Report,2021-10-20T09:58:37.103000-04:00,401106168,"COUPANG, INC.",211631,"COUPANG, INC.",direct_client,https://lda.gov/filings/public/filing/094e2925-30c9-497c-b32f-ede83018b465/print/,2,TRD,Trade (domestic/foreign),"- Discussion of economic benefits of Coupang's participation in and expansion to foreign markets. (no specific legislation)
- Encouragement of expanded SME participation on Coupang's e-commerce platform. (no specific legislation)
- Discussion of issues facing U.S. firms when participating in and expanding to foreign markets. (no specific legislation)",,24,"Commerce, Dept of (DOC)",True
094e2925-30c9-497c-b32f-ede83018b465,2021,third_quarter,Q3,3rd Quarter - Report,2021-10-20T09:58:37.103000-04:00,401106168,"COUPANG, INC.",211631,"COUPANG, INC.",direct_client,https://lda.gov/filings/public/filing/094e2925-30c9-497c-b32f-ede83018b465/print/,2,TRD,Trade (domestic/foreign),"- Discussion of economic benefits of Coupang's participation in and expansion to foreign markets. (no specific legislation)
- Encouragement of expanded SME participation on Coupang's e-commerce platform. (no specific legislation)
- Discussion of issues facing U.S. firms when participating in and expanding to foreign markets. (no specific legislation)",,11,Executive Office of the President (EOP),True
094e2925-30c9-497c-b32f-ede83018b465,2021,third_quarter,Q3,3rd Quarter - Report,2021-10-20T09:58:37.103000-04:00,401106168,"COUPANG, INC.",211631,"COUPANG, INC.",direct_client,https://lda.gov/filings/public/filing/094e2925-30c9-497c-b32f-ede83018b465/print/,2,TRD,Trade (domestic/foreign),"- Discussion of economic benefits of Coupang's participation in and expansion to foreign markets. (no specific legislation)
- Encouragement of expanded SME participation on Coupang's e-commerce platform. (no specific legislation)
- Discussion of issues facing U.S. firms when participating in and expanding to foreign markets. (no specific legislation)",,1,SENATE,True
094e2925-30c9-497c-b32f-ede83018b465,2021,third_quarter,Q3,3rd Quarter - Report,2021-10-20T09:58:37.103000-04:00,401106168,"COUPANG, INC.",211631,"COUPANG, INC.",direct_client,https://lda.gov/filings/public/filing/094e2925-30c9-497c-b32f-ede83018b465/print/,2,TRD,Trade (domestic/foreign),"- Discussion of economic benefits of Coupang's participation in and expansion to foreign markets. (no specific legislation)
- Encouragement of expanded SME participation on Coupang's e-commerce platform. (no specific legislation)
- Discussion of issues facing U.S. firms when participating in and expanding to foreign markets. (no specific legislation)",,22,U.S. Trade Representative (USTR),True
094e2925-30c9-497c-b32f-ede83018b465,2021,third_quarter,Q3,3rd Quarter - Report,2021-10-20T09:58:37.103000-04:00,401106168,"COUPANG, INC.",211631,"COUPANG, INC.",direct_client,https://lda.gov/filings/public/filing/094e2925-30c9-497c-b32f-ede83018b465/print/,3,HCR,Health Issues,Support for sharing of COVID-19 vaccines by the United States with the Republic of Korea (no specific legislation).,,24,"Commerce, Dept of (DOC)",True
094e2925-30c9-497c-b32f-ede83018b465,2021,third_quarter,Q3,3rd Quarter - Report,2021-10-20T09:58:37.103000-04:00,401106168,"COUPANG, INC.",211631,"COUPANG, INC.",direct_client,https://lda.gov/filings/public/filing/094e2925-30c9-497c-b32f-ede83018b465/print/,3,HCR,Health Issues,Support for sharing of COVID-19 vaccines by the United States with the Republic of Korea (no specific legislation).,,11,Executive Office of the President (EOP),True
094e2925-30c9-497c-b32f-ede83018b465,2021,third_quarter,Q3,3rd Quarter - Report,2021-10-20T09:58:37.103000-04:00,401106168,"COUPANG, INC.",211631,"COUPANG, INC.",direct_client,https://lda.gov/filings/public/filing/094e2925-30c9-497c-b32f-ede83018b465/print/,3,HCR,Health Issues,Support for sharing of COVID-19 vaccines by the United States with the Republic of Korea (no specific legislation).,,1,SENATE,True
094e2925-30c9-497c-b32f-ede83018b465,2021,third_quarter,Q3,3rd Quarter - Report,2021-10-20T09:58:37.103000-04:00,401106168,"COUPANG, INC.",211631,"COUPANG, INC.",direct_client,https://lda.gov/filings/public/filing/094e2925-30c9-497c-b32f-ede83018b465/print/,3,HCR,Health Issues,Support for sharing of COVID-19 vaccines by the United States with the Republic of Korea (no specific legislation).,,22,U.S. Trade Representative (USTR),True
094e2925-30c9-497c-b32f-ede83018b465,2021,third_quarter,Q3,3rd Quarter - Report,2021-10-20T09:58:37.103000-04:00,401106168,"COUPANG, INC.",211631,"COUPANG, INC.",direct_client,https://lda.gov/filings/public/filing/094e2925-30c9-497c-b32f-ede83018b465/print/,4,ECN,Economics/Economic Development,Encouragement of expanded small- and medium-sized enterprise (SME) participation in Coupang's platform (no specific legislation).  Discussion of job creation and sustainability gains made possible by Coupang's business model and innovation (no specific legislation).,,24,"Commerce, Dept of (DOC)",True
094e2925-30c9-497c-b32f-ede83018b465,2021,third_quarter,Q3,3rd Quarter - Report,2021-10-20T09:58:37.103000-04:00,401106168,"COUPANG, INC.",211631,"COUPANG, INC.",direct_client,https://lda.gov/filings/public/filing/094e2925-30c9-497c-b32f-ede83018b465/print/,4,ECN,Economics/Economic Development,Encouragement of expanded small- and medium-sized enterprise (SME) participation in Coupang's platform (no specific legislation).  Discussion of job creation and sustainability gains made possible by Coupang's business model and innovation (no specific legislation).,,11,Executive Office of the President (EOP),True
094e2925-30c9-497c-b32f-ede83018b465,2021,third_quarter,Q3,3rd Quarter - Report,2021-10-20T09:58:37.103000-04:00,401106168,"COUPANG, INC.",211631,"COUPANG, INC.",direct_client,https://lda.gov/filings/public/filing/094e2925-30c9-497c-b32f-ede83018b465/print/,4,ECN,Economics/Economic Development,Encouragement of expanded small- and medium-sized enterprise (SME) participation in Coupang's platform (no specific legislation).  Discussion of job creation and sustainability gains made possible by Coupang's business model and innovation (no specific legislation).,,1,SENATE,True
094e2925-30c9-497c-b32f-ede83018b465,2021,third_quarter,Q3,3rd Quarter - Report,2021-10-20T09:58:37.103000-04:00,401106168,"COUPANG, INC.",211631,"COUPANG, INC.",direct_client,https://lda.gov/filings/public/filing/094e2925-30c9-497c-b32f-ede83018b465/print/,4,ECN,Economics/Economic Development,Encouragement of expanded small- and medium-sized enterprise (SME) participation in Coupang's platform (no specific legislation).  Discussion of job creation and sustainability gains made possible by Coupang's business model and innovation (no specific legislation).,,22,U.S. Trade Representative (USTR),True
0a5e4e20-20c2-47d6-8cf2-f31273c7cbfa,2021,fourth_quarter,Q4,4th Quarter - Report,2022-01-19T09:59:20.413000-05:00,401106168,"COUPANG, INC.",211631,"COUPANG, INC.",direct_client,https://lda.gov/filings/public/filing/0a5e4e20-20c2-47d6-8cf2-f31273c7cbfa/print/,1,TRD,Trade (domestic/foreign),"- Discussion of economic benefits of Coupang's participation in and expansion to foreign markets. (no specific legislation)
- Encouragement of expanded SME participation on Coupang's e-commerce platform. (no specific legislation)
- Discussion of issues facing U.S. firms when participating in and expanding to foreign markets. (no specific legislation)",,24,"Commerce, Dept of (DOC)",True
0a5e4e20-20c2-47d6-8cf2-f31273c7cbfa,2021,fourth_quarter,Q4,4th Quarter - Report,2022-01-19T09:59:20.413000-05:00,401106168,"COUPANG, INC.",211631,"COUPANG, INC.",direct_client,https://lda.gov/filings/public/filing/0a5e4e20-20c2-47d6-8cf2-f31273c7cbfa/print/,1,TRD,Trade (domestic/foreign),"- Discussion of economic benefits of Coupang's participation in and expansion to foreign markets. (no specific legislation)
- Encouragement of expanded SME participation on Coupang's e-commerce platform. (no specific legislation)
- Discussion of issues facing U.S. firms when participating in and expanding to foreign markets. (no specific legislation)",,1,SENATE,True
0a5e4e20-20c2-47d6-8cf2-f31273c7cbfa,2021,fourth_quarter,Q4,4th Quarter - Report,2022-01-19T09:59:20.413000-05:00,401106168,"COUPANG, INC.",211631,"COUPANG, INC.",direct_client,https://lda.gov/filings/public/filing/0a5e4e20-20c2-47d6-8cf2-f31273c7cbfa/print/,1,TRD,Trade (domestic/foreign),"- Discussion of economic benefits of Coupang's participation in and expansion to foreign markets. (no specific legislation)
- Encouragement of expanded SME participation on Coupang's e-commerce platform. (no specific legislation)
- Discussion of issues facing U.S. firms when participating in and expanding to foreign markets. (no specific legislation)",,22,U.S. Trade Representative (USTR),True
0a5e4e20-20c2-47d6-8cf2-f31273c7cbfa,2021,fourth_quarter,Q4,4th Quarter - Report,2022-01-19T09:59:20.413000-05:00,401106168,"COUPANG, INC.",211631,"COUPANG, INC.",direct_client,https://lda.gov/filings/public/filing/0a5e4e20-20c2-47d6-8cf2-f31273c7cbfa/print/,2,ECN,Economics/Economic Development,Encouragement of expanded small- and medium-sized enterprise (SME) participation in Coupang's platform (no specific legislation).  Discussion of job creation and sustainability gains made possible by Coupang's business model and innovation (no specific legislation).,,24,"Commerce, Dept of (DOC)",True
0a5e4e20-20c2-47d6-8cf2-f31273c7cbfa,2021,fourth_quarter,Q4,4th Quarter - Report,2022-01-19T09:59:20.413000-05:00,401106168,"COUPANG, INC.",211631,"COUPANG, INC.",direct_client,https://lda.gov/filings/public/filing/0a5e4e20-20c2-47d6-8cf2-f31273c7cbfa/print/,2,ECN,Economics/Economic Development,Encouragement of expanded small- and medium-sized enterprise (SME) participation in Coupang's platform (no specific legislation).  Discussion of job creation and sustainability gains made possible by Coupang's business model and innovation (no specific legislation).,,1,SENATE,True
0a5e4e20-20c2-47d6-8cf2-f31273c7cbfa,2021,fourth_quarter,Q4,4th Quarter - Report,2022-01-19T09:59:20.413000-05:00,401106168,"COUPANG, INC.",211631,"COUPANG, INC.",direct_client,https://lda.gov/filings/public/filing/0a5e4e20-20c2-47d6-8cf2-f31273c7cbfa/print/,2,ECN,Economics/Economic Development,Encouragement of expanded small- and medium-sized enterprise (SME) participation in Coupang's platform (no specific legislation).  Discussion of job creation and sustainability gains made possible by Coupang's business model and innovation (no specific legislation).,,22,U.S. Trade Representative (USTR),True
0a5e4e20-20c2-47d6-8cf2-f31273c7cbfa,2021,fourth_quarter,Q4,4th Quarter - Report,2022-01-19T09:59:20.413000-05:00,401106168,"COUPANG, INC.",211631,"COUPANG, INC.",direct_client,https://lda.gov/filings/public/filing/0a5e4e20-20c2-47d6-8cf2-f31273c7cbfa/print/,3,SMB,Small Business,Encouragement of expanded SME participation in Coupang's platform (no specific legislation).,,24,"Commerce, Dept of (DOC)",True
0a5e4e20-20c2-47d6-8cf2-f31273c7cbfa,2021,fourth_quarter,Q4,4th Quarter - Report,2022-01-19T09:59:20.413000-05:00,401106168,"COUPANG, INC.",211631,"COUPANG, INC.",direct_client,https://lda.gov/filings/public/filing/0a5e4e20-20c2-47d6-8cf2-f31273c7cbfa/print/,3,SMB,Small Business,Encouragement of expanded SME participation in Coupang's platform (no specific legislation).,,1,SENATE,True
0a5e4e20-20c2-47d6-8cf2-f31273c7cbfa,2021,fourth_quarter,Q4,4th Quarter - Report,2022-01-19T09:59:20.413000-05:00,401106168,"COUPANG, INC.",211631,"COUPANG, INC.",direct_client,https://lda.gov/filings/public/filing/0a5e4e20-20c2-47d6-8cf2-f31273c7cbfa/print/,3,SMB,Small Business,Encouragement of expanded SME participation in Coupang's platform (no specific legislation).,,22,U.S. Trade Representative (USTR),True
9e7df524-5858-48c4-916b-7bad22357553,2021,fourth_quarter,Q4,4th Quarter - Report,2022-01-19T16:47:18.717000-05:00,682,AKIN GUMP STRAUSS HAUER & FELD,211969,"COUPANG, INC.",direct_client,https://lda.gov/filings/public/filing/9e7df524-5858-48c4-916b-7bad22357553/print/,1,TRD,Trade (domestic/foreign),Issues related to export promotion.,,1,SENATE,True
9e7df524-5858-48c4-916b-7bad22357553,2021,fourth_quarter,Q4,4th Quarter - Report,2022-01-19T16:47:18.717000-05:00,682,AKIN GUMP STRAUSS HAUER & FELD,211969,"COUPANG, INC.",direct_client,https://lda.gov/filings/public/filing/9e7df524-5858-48c4-916b-7bad22357553/print/,2,SMB,Small Business,Issues related to export promotion.,,1,SENATE,True
9e7df524-5858-48c4-916b-7bad22357553,2021,fourth_quarter,Q4,4th Quarter - Report,2022-01-19T16:47:18.717000-05:00,682,AKIN GUMP STRAUSS HAUER & FELD,211969,"COUPANG, INC.",direct_client,https://lda.gov/filings/public/filing/9e7df524-5858-48c4-916b-7bad22357553/print/,3,ECN,Economics/Economic Development,Advancing economic development goals through Coupangs expansion in current and new markets.; Issues related to export promotion.,,1,SENATE,True
6b9f7254-415d-4fbc-ba83-e352f764e124,2022,first_quarter,Q1,1st Quarter - Report,2022-04-19T13:38:28-04:00,682,AKIN GUMP STRAUSS HAUER & FELD,211969,"COUPANG, INC.",direct_client,https://lda.gov/filings/public/filing/6b9f7254-415d-4fbc-ba83-e352f764e124/print/,1,SMB,Small Business,Issues related to export promotion.,,90,Small Business Administration (SBA),True
6b9f7254-415d-4fbc-ba83-e352f764e124,2022,first_quarter,Q1,1st Quarter - Report,2022-04-19T13:38:28-04:00,682,AKIN GUMP STRAUSS HAUER & FELD,211969,"COUPANG, INC.",direct_client,https://lda.gov/filings/public/filing/6b9f7254-415d-4fbc-ba83-e352f764e124/print/,2,TRD,Trade (domestic/foreign),Issues related to export promotion.,,24,"Commerce, Dept of (DOC)",True
6b9f7254-415d-4fbc-ba83-e352f764e124,2022,first_quarter,Q1,1st Quarter - Report,2022-04-19T13:38:28-04:00,682,AKIN GUMP STRAUSS HAUER & FELD,211969,"COUPANG, INC.",direct_client,https://lda.gov/filings/public/filing/6b9f7254-415d-4fbc-ba83-e352f764e124/print/,2,TRD,Trade (domestic/foreign),Issues related to export promotion.,,11,Executive Office of the President (EOP),True
6b9f7254-415d-4fbc-ba83-e352f764e124,2022,first_quarter,Q1,1st Quarter - Report,2022-04-19T13:38:28-04:00,682,AKIN GUMP STRAUSS HAUER & FELD,211969,"COUPANG, INC.",direct_client,https://lda.gov/filings/public/filing/6b9f7254-415d-4fbc-ba83-e352f764e124/print/,2,TRD,Trade (domestic/foreign),Issues related to export promotion.,,90,Small Business Administration (SBA),True
6b9f7254-415d-4fbc-ba83-e352f764e124,2022,first_quarter,Q1,1st Quarter - Report,2022-04-19T13:38:28-04:00,682,AKIN GUMP STRAUSS HAUER & FELD,211969,"COUPANG, INC.",direct_client,https://lda.gov/filings/public/filing/6b9f7254-415d-4fbc-ba83-e352f764e124/print/,2,TRD,Trade (domestic/foreign),Issues related to export promotion.,,39,"State, Dept of (DOS)",True
6f570277-7a46-4a73-9f06-1d86c62770eb,2022,first_quarter,Q1,1st Quarter - Report,2022-04-19T13:59:31-04:00,401106168,"COUPANG, INC.",211631,"COUPANG, INC.",direct_client,https://lda.gov/filings/public/filing/6f570277-7a46-4a73-9f06-1d86c62770eb/print/,1,ECN,Economics/Economic Development,Encouragement of expanded small- and medium-sized enterprise (SME) participation in Coupang's platform (no specific legislation). Discussion of job creation and sustainability gains made possible by Coupang's business model and innovation (no specific legislation).,,24,"Commerce, Dept of (DOC)",False
6f570277-7a46-4a73-9f06-1d86c62770eb,2022,first_quarter,Q1,1st Quarter - Report,2022-04-19T13:59:31-04:00,401106168,"COUPANG, INC.",211631,"COUPANG, INC.",direct_client,https://lda.gov/filings/public/filing/6f570277-7a46-4a73-9f06-1d86c62770eb/print/,1,ECN,Economics/Economic Development,Encouragement of expanded small- and medium-sized enterprise (SME) participation in Coupang's platform (no specific legislation). Discussion of job creation and sustainability gains made possible by Coupang's business model and innovation (no specific legislation).,,1,SENATE,False
6f570277-7a46-4a73-9f06-1d86c62770eb,2022,first_quarter,Q1,1st Quarter - Report,2022-04-19T13:59:31-04:00,401106168,"COUPANG, INC.",211631,"COUPANG, INC.",direct_client,https://lda.gov/filings/public/filing/6f570277-7a46-4a73-9f06-1d86c62770eb/print/,1,ECN,Economics/Economic Development,Encouragement of expanded small- and medium-sized enterprise (SME) participation in Coupang's platform (no specific legislation). Discussion of job creation and sustainability gains made possible by Coupang's business model and innovation (no specific legislation).,,22,U.S. Trade Representative (USTR),False
6f570277-7a46-4a73-9f06-1d86c62770eb,2022,first_quarter,Q1,1st Quarter - Report,2022-04-19T13:59:31-04:00,401106168,"COUPANG, INC.",211631,"COUPANG, INC.",direct_client,https://lda.gov/filings/public/filing/6f570277-7a46-4a73-9f06-1d86c62770eb/print/,2,SMB,Small Business,Encouragement of expanded SME participation in Coupang's platform (no specific legislation).,,24,"Commerce, Dept of (DOC)",False
6f570277-7a46-4a73-9f06-1d86c62770eb,2022,first_quarter,Q1,1st Quarter - Report,2022-04-19T13:59:31-04:00,401106168,"COUPANG, INC.",211631,"COUPANG, INC.",direct_client,https://lda.gov/filings/public/filing/6f570277-7a46-4a73-9f06-1d86c62770eb/print/,2,SMB,Small Business,Encouragement of expanded SME participation in Coupang's platform (no specific legislation).,,1,SENATE,False
6f570277-7a46-4a73-9f06-1d86c62770eb,2022,first_quarter,Q1,1st Quarter - Report,2022-04-19T13:59:31-04:00,401106168,"COUPANG, INC.",211631,"COUPANG, INC.",direct_client,https://lda.gov/filings/public/filing/6f570277-7a46-4a73-9f06-1d86c62770eb/print/,2,SMB,Small Business,Encouragement of expanded SME participation in Coupang's platform (no specific legislation).,,22,U.S. Trade Representative (USTR),False
6f570277-7a46-4a73-9f06-1d86c62770eb,2022,first_quarter,Q1,1st Quarter - Report,2022-04-19T13:59:31-04:00,401106168,"COUPANG, INC.",211631,"COUPANG, INC.",direct_client,https://lda.gov/filings/public/filing/6f570277-7a46-4a73-9f06-1d86c62770eb/print/,3,TRD,Trade (domestic/foreign),- Discussion of economic benefits of Coupang's participation in and expansion to foreign markets. (no specific legislation) - Encouragement of expanded SME participation on Coupang's e-commerce platform. (no specific legislation) - Discussion of issues facing U.S. firms when participating in and expanding to foreign markets. (no specific legislation),,24,"Commerce, Dept of (DOC)",False
6f570277-7a46-4a73-9f06-1d86c62770eb,2022,first_quarter,Q1,1st Quarter - Report,2022-04-19T13:59:31-04:00,401106168,"COUPANG, INC.",211631,"COUPANG, INC.",direct_client,https://lda.gov/filings/public/filing/6f570277-7a46-4a73-9f06-1d86c62770eb/print/,3,TRD,Trade (domestic/foreign),- Discussion of economic benefits of Coupang's participation in and expansion to foreign markets. (no specific legislation) - Encouragement of expanded SME participation on Coupang's e-commerce platform. (no specific legislation) - Discussion of issues facing U.S. firms when participating in and expanding to foreign markets. (no specific legislation),,1,SENATE,False
6f570277-7a46-4a73-9f06-1d86c62770eb,2022,first_quarter,Q1,1st Quarter - Report,2022-04-19T13:59:31-04:00,401106168,"COUPANG, INC.",211631,"COUPANG, INC.",direct_client,https://lda.gov/filings/public/filing/6f570277-7a46-4a73-9f06-1d86c62770eb/print/,3,TRD,Trade (domestic/foreign),- Discussion of economic benefits of Coupang's participation in and expansion to foreign markets. (no specific legislation) - Encouragement of expanded SME participation on Coupang's e-commerce platform. (no specific legislation) - Discussion of issues facing U.S. firms when participating in and expanding to foreign markets. (no specific legislation),,22,U.S. Trade Representative (USTR),False
e1ad86d7-99d0-40ae-8890-248ad619ae29,2022,first_quarter,1A,1st Quarter - Amendment,2022-04-20T10:21:30-04:00,401106168,"COUPANG, INC.",211631,"COUPANG, INC.",direct_client,https://lda.gov/filings/public/filing/e1ad86d7-99d0-40ae-8890-248ad619ae29/print/,1,ECN,Economics/Economic Development,Encouragement of expanded small- and medium-sized enterprise (SME) participation in Coupang's platform (no specific legislation). Discussion of job creation and sustainability gains made possible by Coupang's business model and innovation (no specific legislation).,,24,"Commerce, Dept of (DOC)",True
e1ad86d7-99d0-40ae-8890-248ad619ae29,2022,first_quarter,1A,1st Quarter - Amendment,2022-04-20T10:21:30-04:00,401106168,"COUPANG, INC.",211631,"COUPANG, INC.",direct_client,https://lda.gov/filings/public/filing/e1ad86d7-99d0-40ae-8890-248ad619ae29/print/,1,ECN,Economics/Economic Development,Encouragement of expanded small- and medium-sized enterprise (SME) participation in Coupang's platform (no specific legislation). Discussion of job creation and sustainability gains made possible by Coupang's business model and innovation (no specific legislation).,,1,SENATE,True
e1ad86d7-99d0-40ae-8890-248ad619ae29,2022,first_quarter,1A,1st Quarter - Amendment,2022-04-20T10:21:30-04:00,401106168,"COUPANG, INC.",211631,"COUPANG, INC.",direct_client,https://lda.gov/filings/public/filing/e1ad86d7-99d0-40ae-8890-248ad619ae29/print/,1,ECN,Economics/Economic Development,Encouragement of expanded small- and medium-sized enterprise (SME) participation in Coupang's platform (no specific legislation). Discussion of job creation and sustainability gains made possible by Coupang's business model and innovation (no specific legislation).,,39,"State, Dept of (DOS)",True
e1ad86d7-99d0-40ae-8890-248ad619ae29,2022,first_quarter,1A,1st Quarter - Amendment,2022-04-20T10:21:30-04:00,401106168,"COUPANG, INC.",211631,"COUPANG, INC.",direct_client,https://lda.gov/filings/public/filing/e1ad86d7-99d0-40ae-8890-248ad619ae29/print/,1,ECN,Economics/Economic Development,Encouragement of expanded small- and medium-sized enterprise (SME) participation in Coupang's platform (no specific legislation). Discussion of job creation and sustainability gains made possible by Coupang's business model and innovation (no specific legislation).,,22,U.S. Trade Representative (USTR),True
e1ad86d7-99d0-40ae-8890-248ad619ae29,2022,first_quarter,1A,1st Quarter - Amendment,2022-04-20T10:21:30-04:00,401106168,"COUPANG, INC.",211631,"COUPANG, INC.",direct_client,https://lda.gov/filings/public/filing/e1ad86d7-99d0-40ae-8890-248ad619ae29/print/,2,SMB,Small Business,Encouragement of expanded SME participation in Coupang's platform (no specific legislation).,,24,"Commerce, Dept of (DOC)",True
e1ad86d7-99d0-40ae-8890-248ad619ae29,2022,first_quarter,1A,1st Quarter - Amendment,2022-04-20T10:21:30-04:00,401106168,"COUPANG, INC.",211631,"COUPANG, INC.",direct_client,https://lda.gov/filings/public/filing/e1ad86d7-99d0-40ae-8890-248ad619ae29/print/,2,SMB,Small Business,Encouragement of expanded SME participation in Coupang's platform (no specific legislation).,,1,SENATE,True
e1ad86d7-99d0-40ae-8890-248ad619ae29,2022,first_quarter,1A,1st Quarter - Amendment,2022-04-20T10:21:30-04:00,401106168,"COUPANG, INC.",211631,"COUPANG, INC.",direct_client,https://lda.gov/filings/public/filing/e1ad86d7-99d0-40ae-8890-248ad619ae29/print/,2,SMB,Small Business,Encouragement of expanded SME participation in Coupang's platform (no specific legislation).,,39,"State, Dept of (DOS)",True
e1ad86d7-99d0-40ae-8890-248ad619ae29,2022,first_quarter,1A,1st Quarter - Amendment,2022-04-20T10:21:30-04:00,401106168,"COUPANG, INC.",211631,"COUPANG, INC.",direct_client,https://lda.gov/filings/public/filing/e1ad86d7-99d0-40ae-8890-248ad619ae29/print/,2,SMB,Small Business,Encouragement of expanded SME participation in Coupang's platform (no specific legislation).,,22,U.S. Trade Representative (USTR),True
e1ad86d7-99d0-40ae-8890-248ad619ae29,2022,first_quarter,1A,1st Quarter - Amendment,2022-04-20T10:21:30-04:00,401106168,"COUPANG, INC.",211631,"COUPANG, INC.",direct_client,https://lda.gov/filings/public/filing/e1ad86d7-99d0-40ae-8890-248ad619ae29/print/,3,TRD,Trade (domestic/foreign),- Discussion of economic benefits of Coupang's participation in and expansion to foreign markets. (no specific legislation) - Encouragement of expanded SME participation on Coupang's e-commerce platform. (no specific legislation) - Discussion of issues facing U.S. firms when participating in and expanding to foreign markets. (no specific legislation),,24,"Commerce, Dept of (DOC)",True
e1ad86d7-99d0-40ae-8890-248ad619ae29,2022,first_quarter,1A,1st Quarter - Amendment,2022-04-20T10:21:30-04:00,401106168,"COUPANG, INC.",211631,"COUPANG, INC.",direct_client,https://lda.gov/filings/public/filing/e1ad86d7-99d0-40ae-8890-248ad619ae29/print/,3,TRD,Trade (domestic/foreign),- Discussion of economic benefits of Coupang's participation in and expansion to foreign markets. (no specific legislation) - Encouragement of expanded SME participation on Coupang's e-commerce platform. (no specific legislation) - Discussion of issues facing U.S. firms when participating in and expanding to foreign markets. (no specific legislation),,1,SENATE,True
e1ad86d7-99d0-40ae-8890-248ad619ae29,2022,first_quarter,1A,1st Quarter - Amendment,2022-04-20T10:21:30-04:00,401106168,"COUPANG, INC.",211631,"COUPANG, INC.",direct_client,https://lda.gov/filings/public/filing/e1ad86d7-99d0-40ae-8890-248ad619ae29/print/,3,TRD,Trade (domestic/foreign),- Discussion of economic benefits of Coupang's participation in and expansion to foreign markets. (no specific legislation) - Encouragement of expanded SME participation on Coupang's e-commerce platform. (no specific legislation) - Discussion of issues facing U.S. firms when participating in and expanding to foreign markets. (no specific legislation),,39,"State, Dept of (DOS)",True
e1ad86d7-99d0-40ae-8890-248ad619ae29,2022,first_quarter,1A,1st Quarter - Amendment,2022-04-20T10:21:30-04:00,401106168,"COUPANG, INC.",211631,"COUPANG, INC.",direct_client,https://lda.gov/filings/public/filing/e1ad86d7-99d0-40ae-8890-248ad619ae29/print/,3,TRD,Trade (domestic/foreign),- Discussion of economic benefits of Coupang's participation in and expansion to foreign markets. (no specific legislation) - Encouragement of expanded SME participation on Coupang's e-commerce platform. (no specific legislation) - Discussion of issues facing U.S. firms when participating in and expanding to foreign markets. (no specific legislation),,22,U.S. Trade Representative (USTR),True
b63db9f3-96c7-4d20-b8c9-14931c589afd,2022,second_quarter,Q2,2nd Quarter - Report,2022-07-20T10:01:29-04:00,401106168,"COUPANG, INC.",211631,"COUPANG, INC.",direct_client,https://lda.gov/filings/public/filing/b63db9f3-96c7-4d20-b8c9-14931c589afd/print/,1,ECN,Economics/Economic Development,Encouragement of expanded small- and medium-sized enterprise (SME) participation in Coupang's platform (no specific legislation). Discussion of job creation and sustainability gains made possible by Coupang's business model and innovation (no specific legislation).,,24,"Commerce, Dept of (DOC)",True
b63db9f3-96c7-4d20-b8c9-14931c589afd,2022,second_quarter,Q2,2nd Quarter - Report,2022-07-20T10:01:29-04:00,401106168,"COUPANG, INC.",211631,"COUPANG, INC.",direct_client,https://lda.gov/filings/public/filing/b63db9f3-96c7-4d20-b8c9-14931c589afd/print/,1,ECN,Economics/Economic Development,Encouragement of expanded small- and medium-sized enterprise (SME) participation in Coupang's platform (no specific legislation). Discussion of job creation and sustainability gains made possible by Coupang's business model and innovation (no specific legislation).,,1,SENATE,True
b63db9f3-96c7-4d20-b8c9-14931c589afd,2022,second_quarter,Q2,2nd Quarter - Report,2022-07-20T10:01:29-04:00,401106168,"COUPANG, INC.",211631,"COUPANG, INC.",direct_client,https://lda.gov/filings/public/filing/b63db9f3-96c7-4d20-b8c9-14931c589afd/print/,1,ECN,Economics/Economic Development,Encouragement of expanded small- and medium-sized enterprise (SME) participation in Coupang's platform (no specific legislation). Discussion of job creation and sustainability gains made possible by Coupang's business model and innovation (no specific legislation).,,90,Small Business Administration (SBA),True
b63db9f3-96c7-4d20-b8c9-14931c589afd,2022,second_quarter,Q2,2nd Quarter - Report,2022-07-20T10:01:29-04:00,401106168,"COUPANG, INC.",211631,"COUPANG, INC.",direct_client,https://lda.gov/filings/public/filing/b63db9f3-96c7-4d20-b8c9-14931c589afd/print/,1,ECN,Economics/Economic Development,Encouragement of expanded small- and medium-sized enterprise (SME) participation in Coupang's platform (no specific legislation). Discussion of job creation and sustainability gains made possible by Coupang's business model and innovation (no specific legislation).,,39,"State, Dept of (DOS)",True
b63db9f3-96c7-4d20-b8c9-14931c589afd,2022,second_quarter,Q2,2nd Quarter - Report,2022-07-20T10:01:29-04:00,401106168,"COUPANG, INC.",211631,"COUPANG, INC.",direct_client,https://lda.gov/filings/public/filing/b63db9f3-96c7-4d20-b8c9-14931c589afd/print/,1,ECN,Economics/Economic Development,Encouragement of expanded small- and medium-sized enterprise (SME) participation in Coupang's platform (no specific legislation). Discussion of job creation and sustainability gains made possible by Coupang's business model and innovation (no specific legislation).,,22,U.S. Trade Representative (USTR),True
b63db9f3-96c7-4d20-b8c9-14931c589afd,2022,second_quarter,Q2,2nd Quarter - Report,2022-07-20T10:01:29-04:00,401106168,"COUPANG, INC.",211631,"COUPANG, INC.",direct_client,https://lda.gov/filings/public/filing/b63db9f3-96c7-4d20-b8c9-14931c589afd/print/,2,SMB,Small Business,Encouragement of expanded SME participation in Coupang's platform (no specific legislation).,,24,"Commerce, Dept of (DOC)",True
b63db9f3-96c7-4d20-b8c9-14931c589afd,2022,second_quarter,Q2,2nd Quarter - Report,2022-07-20T10:01:29-04:00,401106168,"COUPANG, INC.",211631,"COUPANG, INC.",direct_client,https://lda.gov/filings/public/filing/b63db9f3-96c7-4d20-b8c9-14931c589afd/print/,2,SMB,Small Business,Encouragement of expanded SME participation in Coupang's platform (no specific legislation).,,1,SENATE,True
b63db9f3-96c7-4d20-b8c9-14931c589afd,2022,second_quarter,Q2,2nd Quarter - Report,2022-07-20T10:01:29-04:00,401106168,"COUPANG, INC.",211631,"COUPANG, INC.",direct_client,https://lda.gov/filings/public/filing/b63db9f3-96c7-4d20-b8c9-14931c589afd/print/,2,SMB,Small Business,Encouragement of expanded SME participation in Coupang's platform (no specific legislation).,,90,Small Business Administration (SBA),True
b63db9f3-96c7-4d20-b8c9-14931c589afd,2022,second_quarter,Q2,2nd Quarter - Report,2022-07-20T10:01:29-04:00,401106168,"COUPANG, INC.",211631,"COUPANG, INC.",direct_client,https://lda.gov/filings/public/filing/b63db9f3-96c7-4d20-b8c9-14931c589afd/print/,2,SMB,Small Business,Encouragement of expanded SME participation in Coupang's platform (no specific legislation).,,39,"State, Dept of (DOS)",True
b63db9f3-96c7-4d20-b8c9-14931c589afd,2022,second_quarter,Q2,2nd Quarter - Report,2022-07-20T10:01:29-04:00,401106168,"COUPANG, INC.",211631,"COUPANG, INC.",direct_client,https://lda.gov/filings/public/filing/b63db9f3-96c7-4d20-b8c9-14931c589afd/print/,2,SMB,Small Business,Encouragement of expanded SME participation in Coupang's platform (no specific legislation).,,22,U.S. Trade Representative (USTR),True
b63db9f3-96c7-4d20-b8c9-14931c589afd,2022,second_quarter,Q2,2nd Quarter - Report,2022-07-20T10:01:29-04:00,401106168,"COUPANG, INC.",211631,"COUPANG, INC.",direct_client,https://lda.gov/filings/public/filing/b63db9f3-96c7-4d20-b8c9-14931c589afd/print/,3,TRD,Trade (domestic/foreign),- Discussion of economic benefits of Coupang's participation in and expansion to foreign markets. (no specific legislation) - Encouragement of expanded SME participation on Coupang's e-commerce platform. (no specific legislation) - Discussion of issues facing U.S. firms when participating in and expanding to foreign markets. (no specific legislation),,24,"Commerce, Dept of (DOC)",True
b63db9f3-96c7-4d20-b8c9-14931c589afd,2022,second_quarter,Q2,2nd Quarter - Report,2022-07-20T10:01:29-04:00,401106168,"COUPANG, INC.",211631,"COUPANG, INC.",direct_client,https://lda.gov/filings/public/filing/b63db9f3-96c7-4d20-b8c9-14931c589afd/print/,3,TRD,Trade (domestic/foreign),- Discussion of economic benefits of Coupang's participation in and expansion to foreign markets. (no specific legislation) - Encouragement of expanded SME participation on Coupang's e-commerce platform. (no specific legislation) - Discussion of issues facing U.S. firms when participating in and expanding to foreign markets. (no specific legislation),,16,Natl Security Council (NSC),True
b63db9f3-96c7-4d20-b8c9-14931c589afd,2022,second_quarter,Q2,2nd Quarter - Report,2022-07-20T10:01:29-04:00,401106168,"COUPANG, INC.",211631,"COUPANG, INC.",direct_client,https://lda.gov/filings/public/filing/b63db9f3-96c7-4d20-b8c9-14931c589afd/print/,3,TRD,Trade (domestic/foreign),- Discussion of economic benefits of Coupang's participation in and expansion to foreign markets. (no specific legislation) - Encouragement of expanded SME participation on Coupang's e-commerce platform. (no specific legislation) - Discussion of issues facing U.S. firms when participating in and expanding to foreign markets. (no specific legislation),,1,SENATE,True
b63db9f3-96c7-4d20-b8c9-14931c589afd,2022,second_quarter,Q2,2nd Quarter - Report,2022-07-20T10:01:29-04:00,401106168,"COUPANG, INC.",211631,"COUPANG, INC.",direct_client,https://lda.gov/filings/public/filing/b63db9f3-96c7-4d20-b8c9-14931c589afd/print/,3,TRD,Trade (domestic/foreign),- Discussion of economic benefits of Coupang's participation in and expansion to foreign markets. (no specific legislation) - Encouragement of expanded SME participation on Coupang's e-commerce platform. (no specific legislation) - Discussion of issues facing U.S. firms when participating in and expanding to foreign markets. (no specific legislation),,39,"State, Dept of (DOS)",True
b63db9f3-96c7-4d20-b8c9-14931c589afd,2022,second_quarter,Q2,2nd Quarter - Report,2022-07-20T10:01:29-04:00,401106168,"COUPANG, INC.",211631,"COUPANG, INC.",direct_client,https://lda.gov/filings/public/filing/b63db9f3-96c7-4d20-b8c9-14931c589afd/print/,3,TRD,Trade (domestic/foreign),- Discussion of economic benefits of Coupang's participation in and expansion to foreign markets. (no specific legislation) - Encouragement of expanded SME participation on Coupang's e-commerce platform. (no specific legislation) - Discussion of issues facing U.S. firms when participating in and expanding to foreign markets. (no specific legislation),,22,U.S. Trade Representative (USTR),True
6978c97b-e9cc-4b45-a7f6-7a1a5f6c8c06,2022,second_quarter,Q2,2nd Quarter - Report,2022-07-20T13:24:28-04:00,682,AKIN GUMP STRAUSS HAUER & FELD,211969,"COUPANG, INC.",direct_client,https://lda.gov/filings/public/filing/6978c97b-e9cc-4b45-a7f6-7a1a5f6c8c06/print/,1,SMB,Small Business,Issues related to export promotion.,,90,Small Business Administration (SBA),True
6978c97b-e9cc-4b45-a7f6-7a1a5f6c8c06,2022,second_quarter,Q2,2nd Quarter - Report,2022-07-20T13:24:28-04:00,682,AKIN GUMP STRAUSS HAUER & FELD,211969,"COUPANG, INC.",direct_client,https://lda.gov/filings/public/filing/6978c97b-e9cc-4b45-a7f6-7a1a5f6c8c06/print/,2,TRD,Trade (domestic/foreign),Issues related to export promotion.,,24,"Commerce, Dept of (DOC)",True
6978c97b-e9cc-4b45-a7f6-7a1a5f6c8c06,2022,second_quarter,Q2,2nd Quarter - Report,2022-07-20T13:24:28-04:00,682,AKIN GUMP STRAUSS HAUER & FELD,211969,"COUPANG, INC.",direct_client,https://lda.gov/filings/public/filing/6978c97b-e9cc-4b45-a7f6-7a1a5f6c8c06/print/,2,TRD,Trade (domestic/foreign),Issues related to export promotion.,,11,Executive Office of the President (EOP),True
6978c97b-e9cc-4b45-a7f6-7a1a5f6c8c06,2022,second_quarter,Q2,2nd Quarter - Report,2022-07-20T13:24:28-04:00,682,AKIN GUMP STRAUSS HAUER & FELD,211969,"COUPANG, INC.",direct_client,https://lda.gov/filings/public/filing/6978c97b-e9cc-4b45-a7f6-7a1a5f6c8c06/print/,2,TRD,Trade (domestic/foreign),Issues related to export promotion.,,90,Small Business Administration (SBA),True
6978c97b-e9cc-4b45-a7f6-7a1a5f6c8c06,2022,second_quarter,Q2,2nd Quarter - Report,2022-07-20T13:24:28-04:00,682,AKIN GUMP STRAUSS HAUER & FELD,211969,"COUPANG, INC.",direct_client,https://lda.gov/filings/public/filing/6978c97b-e9cc-4b45-a7f6-7a1a5f6c8c06/print/,2,TRD,Trade (domestic/foreign),Issues related to export promotion.,,39,"State, Dept of (DOS)",True
6978c97b-e9cc-4b45-a7f6-7a1a5f6c8c06,2022,second_quarter,Q2,2nd Quarter - Report,2022-07-20T13:24:28-04:00,682,AKIN GUMP STRAUSS HAUER & FELD,211969,"COUPANG, INC.",direct_client,https://lda.gov/filings/public/filing/6978c97b-e9cc-4b45-a7f6-7a1a5f6c8c06/print/,3,ECN,Economics/Economic Development,Advancing economic development goals through Coupangs expansion in current and new markets.; Issues related to export promotion.,,24,"Commerce, Dept of (DOC)",True
6978c97b-e9cc-4b45-a7f6-7a1a5f6c8c06,2022,second_quarter,Q2,2nd Quarter - Report,2022-07-20T13:24:28-04:00,682,AKIN GUMP STRAUSS HAUER & FELD,211969,"COUPANG, INC.",direct_client,https://lda.gov/filings/public/filing/6978c97b-e9cc-4b45-a7f6-7a1a5f6c8c06/print/,3,ECN,Economics/Economic Development,Advancing economic development goals through Coupangs expansion in current and new markets.; Issues related to export promotion.,,11,Executive Office of the President (EOP),True
6978c97b-e9cc-4b45-a7f6-7a1a5f6c8c06,2022,second_quarter,Q2,2nd Quarter - Report,2022-07-20T13:24:28-04:00,682,AKIN GUMP STRAUSS HAUER & FELD,211969,"COUPANG, INC.",direct_client,https://lda.gov/filings/public/filing/6978c97b-e9cc-4b45-a7f6-7a1a5f6c8c06/print/,3,ECN,Economics/Economic Development,Advancing economic development goals through Coupangs expansion in current and new markets.; Issues related to export promotion.,,90,Small Business Administration (SBA),True
6978c97b-e9cc-4b45-a7f6-7a1a5f6c8c06,2022,second_quarter,Q2,2nd Quarter - Report,2022-07-20T13:24:28-04:00,682,AKIN GUMP STRAUSS HAUER & FELD,211969,"COUPANG, INC.",direct_client,https://lda.gov/filings/public/filing/6978c97b-e9cc-4b45-a7f6-7a1a5f6c8c06/print/,3,ECN,Economics/Economic Development,Advancing economic development goals through Coupangs expansion in current and new markets.; Issues related to export promotion.,,39,"State, Dept of (DOS)",True
40550f86-bcb7-4157-8ac0-08c0e318a0e9,2022,third_quarter,Q3,3rd Quarter - Report,2022-10-20T10:39:33-04:00,401106168,"COUPANG, INC.",211631,"COUPANG, INC.",direct_client,https://lda.gov/filings/public/filing/40550f86-bcb7-4157-8ac0-08c0e318a0e9/print/,1,SMB,Small Business,Encouragement of expanded SME participation in Coupang's platform (no specific legislation).,,24,"Commerce, Dept of (DOC)",True
40550f86-bcb7-4157-8ac0-08c0e318a0e9,2022,third_quarter,Q3,3rd Quarter - Report,2022-10-20T10:39:33-04:00,401106168,"COUPANG, INC.",211631,"COUPANG, INC.",direct_client,https://lda.gov/filings/public/filing/40550f86-bcb7-4157-8ac0-08c0e318a0e9/print/,1,SMB,Small Business,Encouragement of expanded SME participation in Coupang's platform (no specific legislation).,,1,SENATE,True
40550f86-bcb7-4157-8ac0-08c0e318a0e9,2022,third_quarter,Q3,3rd Quarter - Report,2022-10-20T10:39:33-04:00,401106168,"COUPANG, INC.",211631,"COUPANG, INC.",direct_client,https://lda.gov/filings/public/filing/40550f86-bcb7-4157-8ac0-08c0e318a0e9/print/,1,SMB,Small Business,Encouragement of expanded SME participation in Coupang's platform (no specific legislation).,,90,Small Business Administration (SBA),True
40550f86-bcb7-4157-8ac0-08c0e318a0e9,2022,third_quarter,Q3,3rd Quarter - Report,2022-10-20T10:39:33-04:00,401106168,"COUPANG, INC.",211631,"COUPANG, INC.",direct_client,https://lda.gov/filings/public/filing/40550f86-bcb7-4157-8ac0-08c0e318a0e9/print/,1,SMB,Small Business,Encouragement of expanded SME participation in Coupang's platform (no specific legislation).,,39,"State, Dept of (DOS)",True
40550f86-bcb7-4157-8ac0-08c0e318a0e9,2022,third_quarter,Q3,3rd Quarter - Report,2022-10-20T10:39:33-04:00,401106168,"COUPANG, INC.",211631,"COUPANG, INC.",direct_client,https://lda.gov/filings/public/filing/40550f86-bcb7-4157-8ac0-08c0e318a0e9/print/,1,SMB,Small Business,Encouragement of expanded SME participation in Coupang's platform (no specific legislation).,,22,U.S. Trade Representative (USTR),True
40550f86-bcb7-4157-8ac0-08c0e318a0e9,2022,third_quarter,Q3,3rd Quarter - Report,2022-10-20T10:39:33-04:00,401106168,"COUPANG, INC.",211631,"COUPANG, INC.",direct_client,https://lda.gov/filings/public/filing/40550f86-bcb7-4157-8ac0-08c0e318a0e9/print/,2,ECN,Economics/Economic Development,Encouragement of expanded small- and medium-sized enterprise (SME) participation in Coupang's platform (no specific legislation). Discussion of job creation and sustainability gains made possible by Coupang's business model and innovation (no specific legislation).,,24,"Commerce, Dept of (DOC)",True
40550f86-bcb7-4157-8ac0-08c0e318a0e9,2022,third_quarter,Q3,3rd Quarter - Report,2022-10-20T10:39:33-04:00,401106168,"COUPANG, INC.",211631,"COUPANG, INC.",direct_client,https://lda.gov/filings/public/filing/40550f86-bcb7-4157-8ac0-08c0e318a0e9/print/,2,ECN,Economics/Economic Development,Encouragement of expanded small- and medium-sized enterprise (SME) participation in Coupang's platform (no specific legislation). Discussion of job creation and sustainability gains made possible by Coupang's business model and innovation (no specific legislation).,,1,SENATE,True
40550f86-bcb7-4157-8ac0-08c0e318a0e9,2022,third_quarter,Q3,3rd Quarter - Report,2022-10-20T10:39:33-04:00,401106168,"COUPANG, INC.",211631,"COUPANG, INC.",direct_client,https://lda.gov/filings/public/filing/40550f86-bcb7-4157-8ac0-08c0e318a0e9/print/,2,ECN,Economics/Economic Development,Encouragement of expanded small- and medium-sized enterprise (SME) participation in Coupang's platform (no specific legislation). Discussion of job creation and sustainability gains made possible by Coupang's business model and innovation (no specific legislation).,,90,Small Business Administration (SBA),True
40550f86-bcb7-4157-8ac0-08c0e318a0e9,2022,third_quarter,Q3,3rd Quarter - Report,2022-10-20T10:39:33-04:00,401106168,"COUPANG, INC.",211631,"COUPANG, INC.",direct_client,https://lda.gov/filings/public/filing/40550f86-bcb7-4157-8ac0-08c0e318a0e9/print/,2,ECN,Economics/Economic Development,Encouragement of expanded small- and medium-sized enterprise (SME) participation in Coupang's platform (no specific legislation). Discussion of job creation and sustainability gains made possible by Coupang's business model and innovation (no specific legislation).,,39,"State, Dept of (DOS)",True
40550f86-bcb7-4157-8ac0-08c0e318a0e9,2022,third_quarter,Q3,3rd Quarter - Report,2022-10-20T10:39:33-04:00,401106168,"COUPANG, INC.",211631,"COUPANG, INC.",direct_client,https://lda.gov/filings/public/filing/40550f86-bcb7-4157-8ac0-08c0e318a0e9/print/,2,ECN,Economics/Economic Development,Encouragement of expanded small- and medium-sized enterprise (SME) participation in Coupang's platform (no specific legislation). Discussion of job creation and sustainability gains made possible by Coupang's business model and innovation (no specific legislation).,,22,U.S. Trade Representative (USTR),True
40550f86-bcb7-4157-8ac0-08c0e318a0e9,2022,third_quarter,Q3,3rd Quarter - Report,2022-10-20T10:39:33-04:00,401106168,"COUPANG, INC.",211631,"COUPANG, INC.",direct_client,https://lda.gov/filings/public/filing/40550f86-bcb7-4157-8ac0-08c0e318a0e9/print/,3,TRD,Trade (domestic/foreign),- Discussion of economic benefits of Coupang's participation in and expansion to foreign markets. (no specific legislation) - Encouragement of expanded SME participation on Coupang's e-commerce platform. (no specific legislation) - Discussion of issues facing U.S. firms when participating in and expanding to foreign markets. (no specific legislation),,24,"Commerce, Dept of (DOC)",True
40550f86-bcb7-4157-8ac0-08c0e318a0e9,2022,third_quarter,Q3,3rd Quarter - Report,2022-10-20T10:39:33-04:00,401106168,"COUPANG, INC.",211631,"COUPANG, INC.",direct_client,https://lda.gov/filings/public/filing/40550f86-bcb7-4157-8ac0-08c0e318a0e9/print/,3,TRD,Trade (domestic/foreign),- Discussion of economic benefits of Coupang's participation in and expansion to foreign markets. (no specific legislation) - Encouragement of expanded SME participation on Coupang's e-commerce platform. (no specific legislation) - Discussion of issues facing U.S. firms when participating in and expanding to foreign markets. (no specific legislation),,1,SENATE,True
40550f86-bcb7-4157-8ac0-08c0e318a0e9,2022,third_quarter,Q3,3rd Quarter - Report,2022-10-20T10:39:33-04:00,401106168,"COUPANG, INC.",211631,"COUPANG, INC.",direct_client,https://lda.gov/filings/public/filing/40550f86-bcb7-4157-8ac0-08c0e318a0e9/print/,3,TRD,Trade (domestic/foreign),- Discussion of economic benefits of Coupang's participation in and expansion to foreign markets. (no specific legislation) - Encouragement of expanded SME participation on Coupang's e-commerce platform. (no specific legislation) - Discussion of issues facing U.S. firms when participating in and expanding to foreign markets. (no specific legislation),,39,"State, Dept of (DOS)",True
40550f86-bcb7-4157-8ac0-08c0e318a0e9,2022,third_quarter,Q3,3rd Quarter - Report,2022-10-20T10:39:33-04:00,401106168,"COUPANG, INC.",211631,"COUPANG, INC.",direct_client,https://lda.gov/filings/public/filing/40550f86-bcb7-4157-8ac0-08c0e318a0e9/print/,3,TRD,Trade (domestic/foreign),- Discussion of economic benefits of Coupang's participation in and expansion to foreign markets. (no specific legislation) - Encouragement of expanded SME participation on Coupang's e-commerce platform. (no specific legislation) - Discussion of issues facing U.S. firms when participating in and expanding to foreign markets. (no specific legislation),,22,U.S. Trade Representative (USTR),True
add3f543-0c76-4aba-b994-734b49c5a12d,2022,third_quarter,Q3,3rd Quarter - Report,2022-10-20T16:51:24-04:00,682,AKIN GUMP STRAUSS HAUER & FELD,211969,"COUPANG, INC.",direct_client,https://lda.gov/filings/public/filing/add3f543-0c76-4aba-b994-734b49c5a12d/print/,1,SMB,Small Business,Issues related to export promotion.,,24,"Commerce, Dept of (DOC)",True
add3f543-0c76-4aba-b994-734b49c5a12d,2022,third_quarter,Q3,3rd Quarter - Report,2022-10-20T16:51:24-04:00,682,AKIN GUMP STRAUSS HAUER & FELD,211969,"COUPANG, INC.",direct_client,https://lda.gov/filings/public/filing/add3f543-0c76-4aba-b994-734b49c5a12d/print/,1,SMB,Small Business,Issues related to export promotion.,,22,U.S. Trade Representative (USTR),True
add3f543-0c76-4aba-b994-734b49c5a12d,2022,third_quarter,Q3,3rd Quarter - Report,2022-10-20T16:51:24-04:00,682,AKIN GUMP STRAUSS HAUER & FELD,211969,"COUPANG, INC.",direct_client,https://lda.gov/filings/public/filing/add3f543-0c76-4aba-b994-734b49c5a12d/print/,2,TRD,Trade (domestic/foreign),Issues related to export promotion.,,24,"Commerce, Dept of (DOC)",True
add3f543-0c76-4aba-b994-734b49c5a12d,2022,third_quarter,Q3,3rd Quarter - Report,2022-10-20T16:51:24-04:00,682,AKIN GUMP STRAUSS HAUER & FELD,211969,"COUPANG, INC.",direct_client,https://lda.gov/filings/public/filing/add3f543-0c76-4aba-b994-734b49c5a12d/print/,2,TRD,Trade (domestic/foreign),Issues related to export promotion.,,22,U.S. Trade Representative (USTR),True
add3f543-0c76-4aba-b994-734b49c5a12d,2022,third_quarter,Q3,3rd Quarter - Report,2022-10-20T16:51:24-04:00,682,AKIN GUMP STRAUSS HAUER & FELD,211969,"COUPANG, INC.",direct_client,https://lda.gov/filings/public/filing/add3f543-0c76-4aba-b994-734b49c5a12d/print/,3,ECN,Economics/Economic Development,Advancing economic development goals through Coupangs expansion in current and new markets; Issues related to export promotion.,,24,"Commerce, Dept of (DOC)",True
add3f543-0c76-4aba-b994-734b49c5a12d,2022,third_quarter,Q3,3rd Quarter - Report,2022-10-20T16:51:24-04:00,682,AKIN GUMP STRAUSS HAUER & FELD,211969,"COUPANG, INC.",direct_client,https://lda.gov/filings/public/filing/add3f543-0c76-4aba-b994-734b49c5a12d/print/,3,ECN,Economics/Economic Development,Advancing economic development goals through Coupangs expansion in current and new markets; Issues related to export promotion.,,22,U.S. Trade Representative (USTR),True
a5d037e5-8ce6-4ecb-9cdb-42ef9f217338,2022,fourth_quarter,Q4,4th Quarter - Report,2023-01-19T10:19:11-05:00,401106168,"COUPANG, INC.",211631,"COUPANG, INC.",direct_client,https://lda.gov/filings/public/filing/a5d037e5-8ce6-4ecb-9cdb-42ef9f217338/print/,1,ECN,Economics/Economic Development,Encouragement of expanded small- and medium-sized enterprise (SME) participation in Coupang's platform (no specific legislation). Discussion of job creation and sustainability gains made possible by Coupang's business model and innovation (no specific legislation).,,24,"Commerce, Dept of (DOC)",True
a5d037e5-8ce6-4ecb-9cdb-42ef9f217338,2022,fourth_quarter,Q4,4th Quarter - Report,2023-01-19T10:19:11-05:00,401106168,"COUPANG, INC.",211631,"COUPANG, INC.",direct_client,https://lda.gov/filings/public/filing/a5d037e5-8ce6-4ecb-9cdb-42ef9f217338/print/,1,ECN,Economics/Economic Development,Encouragement of expanded small- and medium-sized enterprise (SME) participation in Coupang's platform (no specific legislation). Discussion of job creation and sustainability gains made possible by Coupang's business model and innovation (no specific legislation).,,39,"State, Dept of (DOS)",True
a5d037e5-8ce6-4ecb-9cdb-42ef9f217338,2022,fourth_quarter,Q4,4th Quarter - Report,2023-01-19T10:19:11-05:00,401106168,"COUPANG, INC.",211631,"COUPANG, INC.",direct_client,https://lda.gov/filings/public/filing/a5d037e5-8ce6-4ecb-9cdb-42ef9f217338/print/,1,ECN,Economics/Economic Development,Encouragement of expanded small- and medium-sized enterprise (SME) participation in Coupang's platform (no specific legislation). Discussion of job creation and sustainability gains made possible by Coupang's business model and innovation (no specific legislation).,,22,U.S. Trade Representative (USTR),True
a5d037e5-8ce6-4ecb-9cdb-42ef9f217338,2022,fourth_quarter,Q4,4th Quarter - Report,2023-01-19T10:19:11-05:00,401106168,"COUPANG, INC.",211631,"COUPANG, INC.",direct_client,https://lda.gov/filings/public/filing/a5d037e5-8ce6-4ecb-9cdb-42ef9f217338/print/,2,SMB,Small Business,Encouragement of expanded SME participation in Coupang's platform (no specific legislation).,,24,"Commerce, Dept of (DOC)",True
a5d037e5-8ce6-4ecb-9cdb-42ef9f217338,2022,fourth_quarter,Q4,4th Quarter - Report,2023-01-19T10:19:11-05:00,401106168,"COUPANG, INC.",211631,"COUPANG, INC.",direct_client,https://lda.gov/filings/public/filing/a5d037e5-8ce6-4ecb-9cdb-42ef9f217338/print/,2,SMB,Small Business,Encouragement of expanded SME participation in Coupang's platform (no specific legislation).,,39,"State, Dept of (DOS)",True
a5d037e5-8ce6-4ecb-9cdb-42ef9f217338,2022,fourth_quarter,Q4,4th Quarter - Report,2023-01-19T10:19:11-05:00,401106168,"COUPANG, INC.",211631,"COUPANG, INC.",direct_client,https://lda.gov/filings/public/filing/a5d037e5-8ce6-4ecb-9cdb-42ef9f217338/print/,2,SMB,Small Business,Encouragement of expanded SME participation in Coupang's platform (no specific legislation).,,22,U.S. Trade Representative (USTR),True
a5d037e5-8ce6-4ecb-9cdb-42ef9f217338,2022,fourth_quarter,Q4,4th Quarter - Report,2023-01-19T10:19:11-05:00,401106168,"COUPANG, INC.",211631,"COUPANG, INC.",direct_client,https://lda.gov/filings/public/filing/a5d037e5-8ce6-4ecb-9cdb-42ef9f217338/print/,3,TRD,Trade (domestic/foreign),- Discussion of economic benefits of Coupang's participation in and expansion to foreign markets. (no specific legislation) - Encouragement of expanded SME participation on Coupang's e-commerce platform. (no specific legislation) - Discussion of issues facing U.S. firms when participating in and expanding to foreign markets. (no specific legislation),,24,"Commerce, Dept of (DOC)",True
a5d037e5-8ce6-4ecb-9cdb-42ef9f217338,2022,fourth_quarter,Q4,4th Quarter - Report,2023-01-19T10:19:11-05:00,401106168,"COUPANG, INC.",211631,"COUPANG, INC.",direct_client,https://lda.gov/filings/public/filing/a5d037e5-8ce6-4ecb-9cdb-42ef9f217338/print/,3,TRD,Trade (domestic/foreign),- Discussion of economic benefits of Coupang's participation in and expansion to foreign markets. (no specific legislation) - Encouragement of expanded SME participation on Coupang's e-commerce platform. (no specific legislation) - Discussion of issues facing U.S. firms when participating in and expanding to foreign markets. (no specific legislation),,39,"State, Dept of (DOS)",True
a5d037e5-8ce6-4ecb-9cdb-42ef9f217338,2022,fourth_quarter,Q4,4th Quarter - Report,2023-01-19T10:19:11-05:00,401106168,"COUPANG, INC.",211631,"COUPANG, INC.",direct_client,https://lda.gov/filings/public/filing/a5d037e5-8ce6-4ecb-9cdb-42ef9f217338/print/,3,TRD,Trade (domestic/foreign),- Discussion of economic benefits of Coupang's participation in and expansion to foreign markets. (no specific legislation) - Encouragement of expanded SME participation on Coupang's e-commerce platform. (no specific legislation) - Discussion of issues facing U.S. firms when participating in and expanding to foreign markets. (no specific legislation),,22,U.S. Trade Representative (USTR),True
1ded797f-87c0-47af-bedc-9f8a7eca8367,2022,fourth_quarter,Q4,4th Quarter - Report,2023-01-20T13:38:54-05:00,682,AKIN GUMP STRAUSS HAUER & FELD,211969,"COUPANG, INC.",direct_client,https://lda.gov/filings/public/filing/1ded797f-87c0-47af-bedc-9f8a7eca8367/print/,1,ECN,Economics/Economic Development,Advancing economic development goals through Coupangs expansion in current and new markets.; Issues related to export promotion.,,24,"Commerce, Dept of (DOC)",True
1ded797f-87c0-47af-bedc-9f8a7eca8367,2022,fourth_quarter,Q4,4th Quarter - Report,2023-01-20T13:38:54-05:00,682,AKIN GUMP STRAUSS HAUER & FELD,211969,"COUPANG, INC.",direct_client,https://lda.gov/filings/public/filing/1ded797f-87c0-47af-bedc-9f8a7eca8367/print/,1,ECN,Economics/Economic Development,Advancing economic development goals through Coupangs expansion in current and new markets.; Issues related to export promotion.,,22,U.S. Trade Representative (USTR),True
2a3fd9cc-e9e9-4897-8288-69ffb47eb132,2023,first_quarter,Q1,1st Quarter - Report,2023-04-19T03:54:25-04:00,401106168,"COUPANG, INC.",211631,"COUPANG, INC.",direct_client,https://lda.gov/filings/public/filing/2a3fd9cc-e9e9-4897-8288-69ffb47eb132/print/,1,ECN,Economics/Economic Development,Encouragement of expanded small- and medium-sized enterprise (SME) participation in Coupang's e-commerce offering (no specific legislation). Discussion of job creation and sustainability gains made possible by Coupang's business model and innovation (no specific legislation).,,24,"Commerce, Dept of (DOC)",True
2a3fd9cc-e9e9-4897-8288-69ffb47eb132,2023,first_quarter,Q1,1st Quarter - Report,2023-04-19T03:54:25-04:00,401106168,"COUPANG, INC.",211631,"COUPANG, INC.",direct_client,https://lda.gov/filings/public/filing/2a3fd9cc-e9e9-4897-8288-69ffb47eb132/print/,1,ECN,Economics/Economic Development,Encouragement of expanded small- and medium-sized enterprise (SME) participation in Coupang's e-commerce offering (no specific legislation). Discussion of job creation and sustainability gains made possible by Coupang's business model and innovation (no specific legislation).,,2,HOUSE OF REPRESENTATIVES,True
2a3fd9cc-e9e9-4897-8288-69ffb47eb132,2023,first_quarter,Q1,1st Quarter - Report,2023-04-19T03:54:25-04:00,401106168,"COUPANG, INC.",211631,"COUPANG, INC.",direct_client,https://lda.gov/filings/public/filing/2a3fd9cc-e9e9-4897-8288-69ffb47eb132/print/,1,ECN,Economics/Economic Development,Encouragement of expanded small- and medium-sized enterprise (SME) participation in Coupang's e-commerce offering (no specific legislation). Discussion of job creation and sustainability gains made possible by Coupang's business model and innovation (no specific legislation).,,39,"State, Dept of (DOS)",True
2a3fd9cc-e9e9-4897-8288-69ffb47eb132,2023,first_quarter,Q1,1st Quarter - Report,2023-04-19T03:54:25-04:00,401106168,"COUPANG, INC.",211631,"COUPANG, INC.",direct_client,https://lda.gov/filings/public/filing/2a3fd9cc-e9e9-4897-8288-69ffb47eb132/print/,1,ECN,Economics/Economic Development,Encouragement of expanded small- and medium-sized enterprise (SME) participation in Coupang's e-commerce offering (no specific legislation). Discussion of job creation and sustainability gains made possible by Coupang's business model and innovation (no specific legislation).,,22,U.S. Trade Representative (USTR),True
2a3fd9cc-e9e9-4897-8288-69ffb47eb132,2023,first_quarter,Q1,1st Quarter - Report,2023-04-19T03:54:25-04:00,401106168,"COUPANG, INC.",211631,"COUPANG, INC.",direct_client,https://lda.gov/filings/public/filing/2a3fd9cc-e9e9-4897-8288-69ffb47eb132/print/,2,SMB,Small Business,Encouragement of expanded SME participation in Coupang's e-commerce offering (no specific legislation).,,24,"Commerce, Dept of (DOC)",True
2a3fd9cc-e9e9-4897-8288-69ffb47eb132,2023,first_quarter,Q1,1st Quarter - Report,2023-04-19T03:54:25-04:00,401106168,"COUPANG, INC.",211631,"COUPANG, INC.",direct_client,https://lda.gov/filings/public/filing/2a3fd9cc-e9e9-4897-8288-69ffb47eb132/print/,2,SMB,Small Business,Encouragement of expanded SME participation in Coupang's e-commerce offering (no specific legislation).,,2,HOUSE OF REPRESENTATIVES,True
2a3fd9cc-e9e9-4897-8288-69ffb47eb132,2023,first_quarter,Q1,1st Quarter - Report,2023-04-19T03:54:25-04:00,401106168,"COUPANG, INC.",211631,"COUPANG, INC.",direct_client,https://lda.gov/filings/public/filing/2a3fd9cc-e9e9-4897-8288-69ffb47eb132/print/,2,SMB,Small Business,Encouragement of expanded SME participation in Coupang's e-commerce offering (no specific legislation).,,39,"State, Dept of (DOS)",True
2a3fd9cc-e9e9-4897-8288-69ffb47eb132,2023,first_quarter,Q1,1st Quarter - Report,2023-04-19T03:54:25-04:00,401106168,"COUPANG, INC.",211631,"COUPANG, INC.",direct_client,https://lda.gov/filings/public/filing/2a3fd9cc-e9e9-4897-8288-69ffb47eb132/print/,2,SMB,Small Business,Encouragement of expanded SME participation in Coupang's e-commerce offering (no specific legislation).,,22,U.S. Trade Representative (USTR),True
2a3fd9cc-e9e9-4897-8288-69ffb47eb132,2023,first_quarter,Q1,1st Quarter - Report,2023-04-19T03:54:25-04:00,401106168,"COUPANG, INC.",211631,"COUPANG, INC.",direct_client,https://lda.gov/filings/public/filing/2a3fd9cc-e9e9-4897-8288-69ffb47eb132/print/,3,TRD,Trade (domestic/foreign),- Discussion of economic benefits of Coupang's participation in and expansion to foreign markets. (no specific legislation) - Encouragement of expanded SME participation in Coupang's e-commerce offering. (no specific legislation) - Discussion of issues facing U.S. firms when participating in and expanding to foreign markets. (no specific legislation),,24,"Commerce, Dept of (DOC)",True
2a3fd9cc-e9e9-4897-8288-69ffb47eb132,2023,first_quarter,Q1,1st Quarter - Report,2023-04-19T03:54:25-04:00,401106168,"COUPANG, INC.",211631,"COUPANG, INC.",direct_client,https://lda.gov/filings/public/filing/2a3fd9cc-e9e9-4897-8288-69ffb47eb132/print/,3,TRD,Trade (domestic/foreign),- Discussion of economic benefits of Coupang's participation in and expansion to foreign markets. (no specific legislation) - Encouragement of expanded SME participation in Coupang's e-commerce offering. (no specific legislation) - Discussion of issues facing U.S. firms when participating in and expanding to foreign markets. (no specific legislation),,39,"State, Dept of (DOS)",True
2a3fd9cc-e9e9-4897-8288-69ffb47eb132,2023,first_quarter,Q1,1st Quarter - Report,2023-04-19T03:54:25-04:00,401106168,"COUPANG, INC.",211631,"COUPANG, INC.",direct_client,https://lda.gov/filings/public/filing/2a3fd9cc-e9e9-4897-8288-69ffb47eb132/print/,3,TRD,Trade (domestic/foreign),- Discussion of economic benefits of Coupang's participation in and expansion to foreign markets. (no specific legislation) - Encouragement of expanded SME participation in Coupang's e-commerce offering. (no specific legislation) - Discussion of issues facing U.S. firms when participating in and expanding to foreign markets. (no specific legislation),,22,U.S. Trade Representative (USTR),True
8d276392-de6a-43b7-895b-0ce97135a2eb,2023,first_quarter,Q1,1st Quarter - Report,2023-04-20T13:48:17-04:00,682,AKIN GUMP STRAUSS HAUER & FELD,211969,"COUPANG, INC.",direct_client,https://lda.gov/filings/public/filing/8d276392-de6a-43b7-895b-0ce97135a2eb/print/,1,ECN,Economics/Economic Development,Advancing economic development goals through Coupangs expansion in current and new markets.; Issues related to export promotion.,,24,"Commerce, Dept of (DOC)",True
8d276392-de6a-43b7-895b-0ce97135a2eb,2023,first_quarter,Q1,1st Quarter - Report,2023-04-20T13:48:17-04:00,682,AKIN GUMP STRAUSS HAUER & FELD,211969,"COUPANG, INC.",direct_client,https://lda.gov/filings/public/filing/8d276392-de6a-43b7-895b-0ce97135a2eb/print/,1,ECN,Economics/Economic Development,Advancing economic development goals through Coupangs expansion in current and new markets.; Issues related to export promotion.,,22,U.S. Trade Representative (USTR),True
bbaa803f-6dea-43a1-bf5b-a316680000e5,2023,second_quarter,Q2,2nd Quarter - Report,2023-07-20T09:38:11-04:00,401106168,"COUPANG, INC.",211631,"COUPANG, INC.",direct_client,https://lda.gov/filings/public/filing/bbaa803f-6dea-43a1-bf5b-a316680000e5/print/,1,ECN,Economics/Economic Development,Encouragement of expanded small- and medium-sized enterprise (SME) participation in Coupang's e-commerce offering (no specific legislation). Discussion of job creation and sustainability gains made possible by Coupang's business model and innovation (no specific legislation).,,24,"Commerce, Dept of (DOC)",True
bbaa803f-6dea-43a1-bf5b-a316680000e5,2023,second_quarter,Q2,2nd Quarter - Report,2023-07-20T09:38:11-04:00,401106168,"COUPANG, INC.",211631,"COUPANG, INC.",direct_client,https://lda.gov/filings/public/filing/bbaa803f-6dea-43a1-bf5b-a316680000e5/print/,1,ECN,Economics/Economic Development,Encouragement of expanded small- and medium-sized enterprise (SME) participation in Coupang's e-commerce offering (no specific legislation). Discussion of job creation and sustainability gains made possible by Coupang's business model and innovation (no specific legislation).,,2,HOUSE OF REPRESENTATIVES,True
bbaa803f-6dea-43a1-bf5b-a316680000e5,2023,second_quarter,Q2,2nd Quarter - Report,2023-07-20T09:38:11-04:00,401106168,"COUPANG, INC.",211631,"COUPANG, INC.",direct_client,https://lda.gov/filings/public/filing/bbaa803f-6dea-43a1-bf5b-a316680000e5/print/,1,ECN,Economics/Economic Development,Encouragement of expanded small- and medium-sized enterprise (SME) participation in Coupang's e-commerce offering (no specific legislation). Discussion of job creation and sustainability gains made possible by Coupang's business model and innovation (no specific legislation).,,39,"State, Dept of (DOS)",True
bbaa803f-6dea-43a1-bf5b-a316680000e5,2023,second_quarter,Q2,2nd Quarter - Report,2023-07-20T09:38:11-04:00,401106168,"COUPANG, INC.",211631,"COUPANG, INC.",direct_client,https://lda.gov/filings/public/filing/bbaa803f-6dea-43a1-bf5b-a316680000e5/print/,1,ECN,Economics/Economic Development,Encouragement of expanded small- and medium-sized enterprise (SME) participation in Coupang's e-commerce offering (no specific legislation). Discussion of job creation and sustainability gains made possible by Coupang's business model and innovation (no specific legislation).,,22,U.S. Trade Representative (USTR),True
bbaa803f-6dea-43a1-bf5b-a316680000e5,2023,second_quarter,Q2,2nd Quarter - Report,2023-07-20T09:38:11-04:00,401106168,"COUPANG, INC.",211631,"COUPANG, INC.",direct_client,https://lda.gov/filings/public/filing/bbaa803f-6dea-43a1-bf5b-a316680000e5/print/,2,SMB,Small Business,Encouragement of expanded SME participation in Coupang's e-commerce offering (no specific legislation).,,24,"Commerce, Dept of (DOC)",True
bbaa803f-6dea-43a1-bf5b-a316680000e5,2023,second_quarter,Q2,2nd Quarter - Report,2023-07-20T09:38:11-04:00,401106168,"COUPANG, INC.",211631,"COUPANG, INC.",direct_client,https://lda.gov/filings/public/filing/bbaa803f-6dea-43a1-bf5b-a316680000e5/print/,2,SMB,Small Business,Encouragement of expanded SME participation in Coupang's e-commerce offering (no specific legislation).,,2,HOUSE OF REPRESENTATIVES,True
bbaa803f-6dea-43a1-bf5b-a316680000e5,2023,second_quarter,Q2,2nd Quarter - Report,2023-07-20T09:38:11-04:00,401106168,"COUPANG, INC.",211631,"COUPANG, INC.",direct_client,https://lda.gov/filings/public/filing/bbaa803f-6dea-43a1-bf5b-a316680000e5/print/,2,SMB,Small Business,Encouragement of expanded SME participation in Coupang's e-commerce offering (no specific legislation).,,39,"State, Dept of (DOS)",True
bbaa803f-6dea-43a1-bf5b-a316680000e5,2023,second_quarter,Q2,2nd Quarter - Report,2023-07-20T09:38:11-04:00,401106168,"COUPANG, INC.",211631,"COUPANG, INC.",direct_client,https://lda.gov/filings/public/filing/bbaa803f-6dea-43a1-bf5b-a316680000e5/print/,2,SMB,Small Business,Encouragement of expanded SME participation in Coupang's e-commerce offering (no specific legislation).,,22,U.S. Trade Representative (USTR),True
bbaa803f-6dea-43a1-bf5b-a316680000e5,2023,second_quarter,Q2,2nd Quarter - Report,2023-07-20T09:38:11-04:00,401106168,"COUPANG, INC.",211631,"COUPANG, INC.",direct_client,https://lda.gov/filings/public/filing/bbaa803f-6dea-43a1-bf5b-a316680000e5/print/,3,TRD,Trade (domestic/foreign),- Discussion of economic benefits of Coupang's participation in and expansion to foreign markets. (no specific legislation) - Encouragement of expanded SME participation in Coupang's e-commerce offering. (no specific legislation) - Discussion of issues facing U.S. firms when participating in and expanding to foreign markets. (no specific legislation),,24,"Commerce, Dept of (DOC)",True
bbaa803f-6dea-43a1-bf5b-a316680000e5,2023,second_quarter,Q2,2nd Quarter - Report,2023-07-20T09:38:11-04:00,401106168,"COUPANG, INC.",211631,"COUPANG, INC.",direct_client,https://lda.gov/filings/public/filing/bbaa803f-6dea-43a1-bf5b-a316680000e5/print/,3,TRD,Trade (domestic/foreign),- Discussion of economic benefits of Coupang's participation in and expansion to foreign markets. (no specific legislation) - Encouragement of expanded SME participation in Coupang's e-commerce offering. (no specific legislation) - Discussion of issues facing U.S. firms when participating in and expanding to foreign markets. (no specific legislation),,2,HOUSE OF REPRESENTATIVES,True
bbaa803f-6dea-43a1-bf5b-a316680000e5,2023,second_quarter,Q2,2nd Quarter - Report,2023-07-20T09:38:11-04:00,401106168,"COUPANG, INC.",211631,"COUPANG, INC.",direct_client,https://lda.gov/filings/public/filing/bbaa803f-6dea-43a1-bf5b-a316680000e5/print/,3,TRD,Trade (domestic/foreign),- Discussion of economic benefits of Coupang's participation in and expansion to foreign markets. (no specific legislation) - Encouragement of expanded SME participation in Coupang's e-commerce offering. (no specific legislation) - Discussion of issues facing U.S. firms when participating in and expanding to foreign markets. (no specific legislation),,39,"State, Dept of (DOS)",True
bbaa803f-6dea-43a1-bf5b-a316680000e5,2023,second_quarter,Q2,2nd Quarter - Report,2023-07-20T09:38:11-04:00,401106168,"COUPANG, INC.",211631,"COUPANG, INC.",direct_client,https://lda.gov/filings/public/filing/bbaa803f-6dea-43a1-bf5b-a316680000e5/print/,3,TRD,Trade (domestic/foreign),- Discussion of economic benefits of Coupang's participation in and expansion to foreign markets. (no specific legislation) - Encouragement of expanded SME participation in Coupang's e-commerce offering. (no specific legislation) - Discussion of issues facing U.S. firms when participating in and expanding to foreign markets. (no specific legislation),,22,U.S. Trade Representative (USTR),True
662585dc-dcf3-4f45-8d30-0981fbe406e0,2023,second_quarter,Q2,2nd Quarter - Report,2023-07-20T09:55:06-04:00,682,AKIN GUMP STRAUSS HAUER & FELD,211969,"COUPANG, INC.",direct_client,https://lda.gov/filings/public/filing/662585dc-dcf3-4f45-8d30-0981fbe406e0/print/,1,ECN,Economics/Economic Development,Advancing economic development goals through Coupangs expansion in current and new markets; Issues related to export promotion.,,24,"Commerce, Dept of (DOC)",True
662585dc-dcf3-4f45-8d30-0981fbe406e0,2023,second_quarter,Q2,2nd Quarter - Report,2023-07-20T09:55:06-04:00,682,AKIN GUMP STRAUSS HAUER & FELD,211969,"COUPANG, INC.",direct_client,https://lda.gov/filings/public/filing/662585dc-dcf3-4f45-8d30-0981fbe406e0/print/,1,ECN,Economics/Economic Development,Advancing economic development goals through Coupangs expansion in current and new markets; Issues related to export promotion.,,2,HOUSE OF REPRESENTATIVES,True
662585dc-dcf3-4f45-8d30-0981fbe406e0,2023,second_quarter,Q2,2nd Quarter - Report,2023-07-20T09:55:06-04:00,682,AKIN GUMP STRAUSS HAUER & FELD,211969,"COUPANG, INC.",direct_client,https://lda.gov/filings/public/filing/662585dc-dcf3-4f45-8d30-0981fbe406e0/print/,1,ECN,Economics/Economic Development,Advancing economic development goals through Coupangs expansion in current and new markets; Issues related to export promotion.,,22,U.S. Trade Representative (USTR),True
76981786-c4f3-49c8-95ce-56e33a0cc44b,2023,third_quarter,Q3,3rd Quarter - Report,2023-10-20T10:42:42-04:00,682,AKIN GUMP STRAUSS HAUER & FELD,211969,"COUPANG, INC.",direct_client,https://lda.gov/filings/public/filing/76981786-c4f3-49c8-95ce-56e33a0cc44b/print/,2,ECN,Economics/Economic Development,Advancing economic development goals through Coupangs expansion in current and new markets; Issues related to export promotion.,,24,"Commerce, Dept of (DOC)",True
76981786-c4f3-49c8-95ce-56e33a0cc44b,2023,third_quarter,Q3,3rd Quarter - Report,2023-10-20T10:42:42-04:00,682,AKIN GUMP STRAUSS HAUER & FELD,211969,"COUPANG, INC.",direct_client,https://lda.gov/filings/public/filing/76981786-c4f3-49c8-95ce-56e33a0cc44b/print/,2,ECN,Economics/Economic Development,Advancing economic development goals through Coupangs expansion in current and new markets; Issues related to export promotion.,,2,HOUSE OF REPRESENTATIVES,True
76981786-c4f3-49c8-95ce-56e33a0cc44b,2023,third_quarter,Q3,3rd Quarter - Report,2023-10-20T10:42:42-04:00,682,AKIN GUMP STRAUSS HAUER & FELD,211969,"COUPANG, INC.",direct_client,https://lda.gov/filings/public/filing/76981786-c4f3-49c8-95ce-56e33a0cc44b/print/,2,ECN,Economics/Economic Development,Advancing economic development goals through Coupangs expansion in current and new markets; Issues related to export promotion.,,1,SENATE,True
76981786-c4f3-49c8-95ce-56e33a0cc44b,2023,third_quarter,Q3,3rd Quarter - Report,2023-10-20T10:42:42-04:00,682,AKIN GUMP STRAUSS HAUER & FELD,211969,"COUPANG, INC.",direct_client,https://lda.gov/filings/public/filing/76981786-c4f3-49c8-95ce-56e33a0cc44b/print/,2,ECN,Economics/Economic Development,Advancing economic development goals through Coupangs expansion in current and new markets; Issues related to export promotion.,,22,U.S. Trade Representative (USTR),True
1e73332b-0b6f-4f59-8b5f-c754edc0011c,2023,third_quarter,Q3,3rd Quarter - Report,2023-10-20T14:10:57-04:00,401106168,"COUPANG, INC.",211631,"COUPANG, INC.",direct_client,https://lda.gov/filings/public/filing/1e73332b-0b6f-4f59-8b5f-c754edc0011c/print/,1,ECN,Economics/Economic Development,Encouragement of expanded small- and medium-sized enterprise (SME) participation in Coupang's e-commerce offering (no specific legislation). Discussion of job creation and sustainability gains made possible by Coupang's business model and innovation (no specific legislation).,,24,"Commerce, Dept of (DOC)",True
1e73332b-0b6f-4f59-8b5f-c754edc0011c,2023,third_quarter,Q3,3rd Quarter - Report,2023-10-20T14:10:57-04:00,401106168,"COUPANG, INC.",211631,"COUPANG, INC.",direct_client,https://lda.gov/filings/public/filing/1e73332b-0b6f-4f59-8b5f-c754edc0011c/print/,1,ECN,Economics/Economic Development,Encouragement of expanded small- and medium-sized enterprise (SME) participation in Coupang's e-commerce offering (no specific legislation). Discussion of job creation and sustainability gains made possible by Coupang's business model and innovation (no specific legislation).,,39,"State, Dept of (DOS)",True
1e73332b-0b6f-4f59-8b5f-c754edc0011c,2023,third_quarter,Q3,3rd Quarter - Report,2023-10-20T14:10:57-04:00,401106168,"COUPANG, INC.",211631,"COUPANG, INC.",direct_client,https://lda.gov/filings/public/filing/1e73332b-0b6f-4f59-8b5f-c754edc0011c/print/,1,ECN,Economics/Economic Development,Encouragement of expanded small- and medium-sized enterprise (SME) participation in Coupang's e-commerce offering (no specific legislation). Discussion of job creation and sustainability gains made possible by Coupang's business model and innovation (no specific legislation).,,22,U.S. Trade Representative (USTR),True
1e73332b-0b6f-4f59-8b5f-c754edc0011c,2023,third_quarter,Q3,3rd Quarter - Report,2023-10-20T14:10:57-04:00,401106168,"COUPANG, INC.",211631,"COUPANG, INC.",direct_client,https://lda.gov/filings/public/filing/1e73332b-0b6f-4f59-8b5f-c754edc0011c/print/,2,SMB,Small Business,Encouragement of expanded SME participation in Coupang's e-commerce offering (no specific legislation).,,24,"Commerce, Dept of (DOC)",True
1e73332b-0b6f-4f59-8b5f-c754edc0011c,2023,third_quarter,Q3,3rd Quarter - Report,2023-10-20T14:10:57-04:00,401106168,"COUPANG, INC.",211631,"COUPANG, INC.",direct_client,https://lda.gov/filings/public/filing/1e73332b-0b6f-4f59-8b5f-c754edc0011c/print/,2,SMB,Small Business,Encouragement of expanded SME participation in Coupang's e-commerce offering (no specific legislation).,,39,"State, Dept of (DOS)",True
1e73332b-0b6f-4f59-8b5f-c754edc0011c,2023,third_quarter,Q3,3rd Quarter - Report,2023-10-20T14:10:57-04:00,401106168,"COUPANG, INC.",211631,"COUPANG, INC.",direct_client,https://lda.gov/filings/public/filing/1e73332b-0b6f-4f59-8b5f-c754edc0011c/print/,2,SMB,Small Business,Encouragement of expanded SME participation in Coupang's e-commerce offering (no specific legislation).,,22,U.S. Trade Representative (USTR),True
1e73332b-0b6f-4f59-8b5f-c754edc0011c,2023,third_quarter,Q3,3rd Quarter - Report,2023-10-20T14:10:57-04:00,401106168,"COUPANG, INC.",211631,"COUPANG, INC.",direct_client,https://lda.gov/filings/public/filing/1e73332b-0b6f-4f59-8b5f-c754edc0011c/print/,3,TRD,Trade (domestic/foreign),- Discussion of economic benefits of Coupang's participation in and expansion to foreign markets. (no specific legislation) - Encouragement of expanded SME participation in Coupang's e-commerce offering. (no specific legislation) - Discussion of issues facing U.S. firms when participating in and expanding to foreign markets. (no specific legislation) - Discussion of IPEF provisions and their effect on operations of U.S. companies in foreign markets (no specific legislation),,24,"Commerce, Dept of (DOC)",True
1e73332b-0b6f-4f59-8b5f-c754edc0011c,2023,third_quarter,Q3,3rd Quarter - Report,2023-10-20T14:10:57-04:00,401106168,"COUPANG, INC.",211631,"COUPANG, INC.",direct_client,https://lda.gov/filings/public/filing/1e73332b-0b6f-4f59-8b5f-c754edc0011c/print/,3,TRD,Trade (domestic/foreign),- Discussion of economic benefits of Coupang's participation in and expansion to foreign markets. (no specific legislation) - Encouragement of expanded SME participation in Coupang's e-commerce offering. (no specific legislation) - Discussion of issues facing U.S. firms when participating in and expanding to foreign markets. (no specific legislation) - Discussion of IPEF provisions and their effect on operations of U.S. companies in foreign markets (no specific legislation),,2,HOUSE OF REPRESENTATIVES,True
1e73332b-0b6f-4f59-8b5f-c754edc0011c,2023,third_quarter,Q3,3rd Quarter - Report,2023-10-20T14:10:57-04:00,401106168,"COUPANG, INC.",211631,"COUPANG, INC.",direct_client,https://lda.gov/filings/public/filing/1e73332b-0b6f-4f59-8b5f-c754edc0011c/print/,3,TRD,Trade (domestic/foreign),- Discussion of economic benefits of Coupang's participation in and expansion to foreign markets. (no specific legislation) - Encouragement of expanded SME participation in Coupang's e-commerce offering. (no specific legislation) - Discussion of issues facing U.S. firms when participating in and expanding to foreign markets. (no specific legislation) - Discussion of IPEF provisions and their effect on operations of U.S. companies in foreign markets (no specific legislation),,1,SENATE,True
1e73332b-0b6f-4f59-8b5f-c754edc0011c,2023,third_quarter,Q3,3rd Quarter - Report,2023-10-20T14:10:57-04:00,401106168,"COUPANG, INC.",211631,"COUPANG, INC.",direct_client,https://lda.gov/filings/public/filing/1e73332b-0b6f-4f59-8b5f-c754edc0011c/print/,3,TRD,Trade (domestic/foreign),- Discussion of economic benefits of Coupang's participation in and expansion to foreign markets. (no specific legislation) - Encouragement of expanded SME participation in Coupang's e-commerce offering. (no specific legislation) - Discussion of issues facing U.S. firms when participating in and expanding to foreign markets. (no specific legislation) - Discussion of IPEF provisions and their effect on operations of U.S. companies in foreign markets (no specific legislation),,39,"State, Dept of (DOS)",True
1e73332b-0b6f-4f59-8b5f-c754edc0011c,2023,third_quarter,Q3,3rd Quarter - Report,2023-10-20T14:10:57-04:00,401106168,"COUPANG, INC.",211631,"COUPANG, INC.",direct_client,https://lda.gov/filings/public/filing/1e73332b-0b6f-4f59-8b5f-c754edc0011c/print/,3,TRD,Trade (domestic/foreign),- Discussion of economic benefits of Coupang's participation in and expansion to foreign markets. (no specific legislation) - Encouragement of expanded SME participation in Coupang's e-commerce offering. (no specific legislation) - Discussion of issues facing U.S. firms when participating in and expanding to foreign markets. (no specific legislation) - Discussion of IPEF provisions and their effect on operations of U.S. companies in foreign markets (no specific legislation),,22,U.S. Trade Representative (USTR),True
16618357-20f6-4259-b150-91acaf80e7e2,2023,fourth_quarter,Q4,4th Quarter - Report,2024-01-19T11:22:04-05:00,682,AKIN GUMP STRAUSS HAUER & FELD,211969,"COUPANG, INC.",direct_client,https://lda.gov/filings/public/filing/16618357-20f6-4259-b150-91acaf80e7e2/print/,1,ECN,Economics/Economic Development,Advancing economic development goals through Coupangs expansion in current and new markets; Issues related to export promotion.,SVF Investments (UK) Ltd. has a financial interest in filer and the outcome of the lobbying issues listed.,24,"Commerce, Dept of (DOC)",True
16618357-20f6-4259-b150-91acaf80e7e2,2023,fourth_quarter,Q4,4th Quarter - Report,2024-01-19T11:22:04-05:00,682,AKIN GUMP STRAUSS HAUER & FELD,211969,"COUPANG, INC.",direct_client,https://lda.gov/filings/public/filing/16618357-20f6-4259-b150-91acaf80e7e2/print/,1,ECN,Economics/Economic Development,Advancing economic development goals through Coupangs expansion in current and new markets; Issues related to export promotion.,SVF Investments (UK) Ltd. has a financial interest in filer and the outcome of the lobbying issues listed.,2,HOUSE OF REPRESENTATIVES,True
16618357-20f6-4259-b150-91acaf80e7e2,2023,fourth_quarter,Q4,4th Quarter - Report,2024-01-19T11:22:04-05:00,682,AKIN GUMP STRAUSS HAUER & FELD,211969,"COUPANG, INC.",direct_client,https://lda.gov/filings/public/filing/16618357-20f6-4259-b150-91acaf80e7e2/print/,1,ECN,Economics/Economic Development,Advancing economic development goals through Coupangs expansion in current and new markets; Issues related to export promotion.,SVF Investments (UK) Ltd. has a financial interest in filer and the outcome of the lobbying issues listed.,1,SENATE,True
16618357-20f6-4259-b150-91acaf80e7e2,2023,fourth_quarter,Q4,4th Quarter - Report,2024-01-19T11:22:04-05:00,682,AKIN GUMP STRAUSS HAUER & FELD,211969,"COUPANG, INC.",direct_client,https://lda.gov/filings/public/filing/16618357-20f6-4259-b150-91acaf80e7e2/print/,1,ECN,Economics/Economic Development,Advancing economic development goals through Coupangs expansion in current and new markets; Issues related to export promotion.,SVF Investments (UK) Ltd. has a financial interest in filer and the outcome of the lobbying issues listed.,22,U.S. Trade Representative (USTR),True
0c3f4a5c-5ffa-4feb-b1ab-0da421c1e463,2023,fourth_quarter,Q4,4th Quarter - Report,2024-01-19T15:59:58-05:00,287394,PUTALASTRATEGIES,58096,"COUPANG, INC.",direct_client,https://lda.gov/filings/public/filing/0c3f4a5c-5ffa-4feb-b1ab-0da421c1e463/print/,1,TRD,Trade (domestic/foreign),Policies and proposals to support U.S. exports and business growth in international markets.,"SVF Investments (UK), Ltd., identified on Registration (LD-1), has an ownership interest in client, and, as an investor, in the lobbying issues listed above.",24,"Commerce, Dept of (DOC)",True
0c3f4a5c-5ffa-4feb-b1ab-0da421c1e463,2023,fourth_quarter,Q4,4th Quarter - Report,2024-01-19T15:59:58-05:00,287394,PUTALASTRATEGIES,58096,"COUPANG, INC.",direct_client,https://lda.gov/filings/public/filing/0c3f4a5c-5ffa-4feb-b1ab-0da421c1e463/print/,1,TRD,Trade (domestic/foreign),Policies and proposals to support U.S. exports and business growth in international markets.,"SVF Investments (UK), Ltd., identified on Registration (LD-1), has an ownership interest in client, and, as an investor, in the lobbying issues listed above.",1,SENATE,True
0c3f4a5c-5ffa-4feb-b1ab-0da421c1e463,2023,fourth_quarter,Q4,4th Quarter - Report,2024-01-19T15:59:58-05:00,287394,PUTALASTRATEGIES,58096,"COUPANG, INC.",direct_client,https://lda.gov/filings/public/filing/0c3f4a5c-5ffa-4feb-b1ab-0da421c1e463/print/,1,TRD,Trade (domestic/foreign),Policies and proposals to support U.S. exports and business growth in international markets.,"SVF Investments (UK), Ltd., identified on Registration (LD-1), has an ownership interest in client, and, as an investor, in the lobbying issues listed above.",12,White House Office,True
f16b4ef3-377c-408c-8510-96aefaced84e,2023,fourth_quarter,Q4,4th Quarter - Report,2024-01-19T16:19:04-05:00,401106168,"COUPANG, INC.",211631,"COUPANG, INC.",direct_client,https://lda.gov/filings/public/filing/f16b4ef3-377c-408c-8510-96aefaced84e/print/,1,ECN,Economics/Economic Development,Encouragement of expanded small- and medium-sized enterprise (SME) participation in Coupang's e-commerce offering (no specific legislation). Discussion of job creation and sustainability gains made possible by Coupang's business model and innovation (no specific legislation).,"SVF Investments (UK), Ltd., identified on Registration (LD-1), has an ownership interest in registrant and, as an investor, in the lobbying issues listed above.",24,"Commerce, Dept of (DOC)",True
f16b4ef3-377c-408c-8510-96aefaced84e,2023,fourth_quarter,Q4,4th Quarter - Report,2024-01-19T16:19:04-05:00,401106168,"COUPANG, INC.",211631,"COUPANG, INC.",direct_client,https://lda.gov/filings/public/filing/f16b4ef3-377c-408c-8510-96aefaced84e/print/,1,ECN,Economics/Economic Development,Encouragement of expanded small- and medium-sized enterprise (SME) participation in Coupang's e-commerce offering (no specific legislation). Discussion of job creation and sustainability gains made possible by Coupang's business model and innovation (no specific legislation).,"SVF Investments (UK), Ltd., identified on Registration (LD-1), has an ownership interest in registrant and, as an investor, in the lobbying issues listed above.",2,HOUSE OF REPRESENTATIVES,True
f16b4ef3-377c-408c-8510-96aefaced84e,2023,fourth_quarter,Q4,4th Quarter - Report,2024-01-19T16:19:04-05:00,401106168,"COUPANG, INC.",211631,"COUPANG, INC.",direct_client,https://lda.gov/filings/public/filing/f16b4ef3-377c-408c-8510-96aefaced84e/print/,1,ECN,Economics/Economic Development,Encouragement of expanded small- and medium-sized enterprise (SME) participation in Coupang's e-commerce offering (no specific legislation). Discussion of job creation and sustainability gains made possible by Coupang's business model and innovation (no specific legislation).,"SVF Investments (UK), Ltd., identified on Registration (LD-1), has an ownership interest in registrant and, as an investor, in the lobbying issues listed above.",1,SENATE,True
f16b4ef3-377c-408c-8510-96aefaced84e,2023,fourth_quarter,Q4,4th Quarter - Report,2024-01-19T16:19:04-05:00,401106168,"COUPANG, INC.",211631,"COUPANG, INC.",direct_client,https://lda.gov/filings/public/filing/f16b4ef3-377c-408c-8510-96aefaced84e/print/,1,ECN,Economics/Economic Development,Encouragement of expanded small- and medium-sized enterprise (SME) participation in Coupang's e-commerce offering (no specific legislation). Discussion of job creation and sustainability gains made possible by Coupang's business model and innovation (no specific legislation).,"SVF Investments (UK), Ltd., identified on Registration (LD-1), has an ownership interest in registrant and, as an investor, in the lobbying issues listed above.",39,"State, Dept of (DOS)",True
f16b4ef3-377c-408c-8510-96aefaced84e,2023,fourth_quarter,Q4,4th Quarter - Report,2024-01-19T16:19:04-05:00,401106168,"COUPANG, INC.",211631,"COUPANG, INC.",direct_client,https://lda.gov/filings/public/filing/f16b4ef3-377c-408c-8510-96aefaced84e/print/,1,ECN,Economics/Economic Development,Encouragement of expanded small- and medium-sized enterprise (SME) participation in Coupang's e-commerce offering (no specific legislation). Discussion of job creation and sustainability gains made possible by Coupang's business model and innovation (no specific legislation).,"SVF Investments (UK), Ltd., identified on Registration (LD-1), has an ownership interest in registrant and, as an investor, in the lobbying issues listed above.",22,U.S. Trade Representative (USTR),True
f16b4ef3-377c-408c-8510-96aefaced84e,2023,fourth_quarter,Q4,4th Quarter - Report,2024-01-19T16:19:04-05:00,401106168,"COUPANG, INC.",211631,"COUPANG, INC.",direct_client,https://lda.gov/filings/public/filing/f16b4ef3-377c-408c-8510-96aefaced84e/print/,2,SMB,Small Business,Encouragement of expanded SME participation in Coupang's e-commerce offering (no specific legislation).,"SVF Investments (UK), Ltd., identified on Registration (LD-1), has an ownership interest in registrant and, as an investor, in the lobbying issues listed above.",24,"Commerce, Dept of (DOC)",True
f16b4ef3-377c-408c-8510-96aefaced84e,2023,fourth_quarter,Q4,4th Quarter - Report,2024-01-19T16:19:04-05:00,401106168,"COUPANG, INC.",211631,"COUPANG, INC.",direct_client,https://lda.gov/filings/public/filing/f16b4ef3-377c-408c-8510-96aefaced84e/print/,2,SMB,Small Business,Encouragement of expanded SME participation in Coupang's e-commerce offering (no specific legislation).,"SVF Investments (UK), Ltd., identified on Registration (LD-1), has an ownership interest in registrant and, as an investor, in the lobbying issues listed above.",2,HOUSE OF REPRESENTATIVES,True
f16b4ef3-377c-408c-8510-96aefaced84e,2023,fourth_quarter,Q4,4th Quarter - Report,2024-01-19T16:19:04-05:00,401106168,"COUPANG, INC.",211631,"COUPANG, INC.",direct_client,https://lda.gov/filings/public/filing/f16b4ef3-377c-408c-8510-96aefaced84e/print/,2,SMB,Small Business,Encouragement of expanded SME participation in Coupang's e-commerce offering (no specific legislation).,"SVF Investments (UK), Ltd., identified on Registration (LD-1), has an ownership interest in registrant and, as an investor, in the lobbying issues listed above.",1,SENATE,True
f16b4ef3-377c-408c-8510-96aefaced84e,2023,fourth_quarter,Q4,4th Quarter - Report,2024-01-19T16:19:04-05:00,401106168,"COUPANG, INC.",211631,"COUPANG, INC.",direct_client,https://lda.gov/filings/public/filing/f16b4ef3-377c-408c-8510-96aefaced84e/print/,2,SMB,Small Business,Encouragement of expanded SME participation in Coupang's e-commerce offering (no specific legislation).,"SVF Investments (UK), Ltd., identified on Registration (LD-1), has an ownership interest in registrant and, as an investor, in the lobbying issues listed above.",39,"State, Dept of (DOS)",True
f16b4ef3-377c-408c-8510-96aefaced84e,2023,fourth_quarter,Q4,4th Quarter - Report,2024-01-19T16:19:04-05:00,401106168,"COUPANG, INC.",211631,"COUPANG, INC.",direct_client,https://lda.gov/filings/public/filing/f16b4ef3-377c-408c-8510-96aefaced84e/print/,2,SMB,Small Business,Encouragement of expanded SME participation in Coupang's e-commerce offering (no specific legislation).,"SVF Investments (UK), Ltd., identified on Registration (LD-1), has an ownership interest in registrant and, as an investor, in the lobbying issues listed above.",22,U.S. Trade Representative (USTR),True
f16b4ef3-377c-408c-8510-96aefaced84e,2023,fourth_quarter,Q4,4th Quarter - Report,2024-01-19T16:19:04-05:00,401106168,"COUPANG, INC.",211631,"COUPANG, INC.",direct_client,https://lda.gov/filings/public/filing/f16b4ef3-377c-408c-8510-96aefaced84e/print/,3,TRD,Trade (domestic/foreign),- Discussion of economic benefits of Coupang's participation in and expansion to foreign markets. (no specific legislation) - Encouragement of expanded SME participation in Coupang's e-commerce offering. (no specific legislation) - Discussion of issues facing U.S. firms when participating in and expanding to foreign markets. (no specific legislation) - Discussion of IPEF provisions and their effect on operations of U.S. companies in foreign markets (no specific legislation),"SVF Investments (UK), Ltd., identified on Registration (LD-1), has an ownership interest in registrant and, as an investor, in the lobbying issues listed above.",24,"Commerce, Dept of (DOC)",True
f16b4ef3-377c-408c-8510-96aefaced84e,2023,fourth_quarter,Q4,4th Quarter - Report,2024-01-19T16:19:04-05:00,401106168,"COUPANG, INC.",211631,"COUPANG, INC.",direct_client,https://lda.gov/filings/public/filing/f16b4ef3-377c-408c-8510-96aefaced84e/print/,3,TRD,Trade (domestic/foreign),- Discussion of economic benefits of Coupang's participation in and expansion to foreign markets. (no specific legislation) - Encouragement of expanded SME participation in Coupang's e-commerce offering. (no specific legislation) - Discussion of issues facing U.S. firms when participating in and expanding to foreign markets. (no specific legislation) - Discussion of IPEF provisions and their effect on operations of U.S. companies in foreign markets (no specific legislation),"SVF Investments (UK), Ltd., identified on Registration (LD-1), has an ownership interest in registrant and, as an investor, in the lobbying issues listed above.",2,HOUSE OF REPRESENTATIVES,True
f16b4ef3-377c-408c-8510-96aefaced84e,2023,fourth_quarter,Q4,4th Quarter - Report,2024-01-19T16:19:04-05:00,401106168,"COUPANG, INC.",211631,"COUPANG, INC.",direct_client,https://lda.gov/filings/public/filing/f16b4ef3-377c-408c-8510-96aefaced84e/print/,3,TRD,Trade (domestic/foreign),- Discussion of economic benefits of Coupang's participation in and expansion to foreign markets. (no specific legislation) - Encouragement of expanded SME participation in Coupang's e-commerce offering. (no specific legislation) - Discussion of issues facing U.S. firms when participating in and expanding to foreign markets. (no specific legislation) - Discussion of IPEF provisions and their effect on operations of U.S. companies in foreign markets (no specific legislation),"SVF Investments (UK), Ltd., identified on Registration (LD-1), has an ownership interest in registrant and, as an investor, in the lobbying issues listed above.",1,SENATE,True
f16b4ef3-377c-408c-8510-96aefaced84e,2023,fourth_quarter,Q4,4th Quarter - Report,2024-01-19T16:19:04-05:00,401106168,"COUPANG, INC.",211631,"COUPANG, INC.",direct_client,https://lda.gov/filings/public/filing/f16b4ef3-377c-408c-8510-96aefaced84e/print/,3,TRD,Trade (domestic/foreign),- Discussion of economic benefits of Coupang's participation in and expansion to foreign markets. (no specific legislation) - Encouragement of expanded SME participation in Coupang's e-commerce offering. (no specific legislation) - Discussion of issues facing U.S. firms when participating in and expanding to foreign markets. (no specific legislation) - Discussion of IPEF provisions and their effect on operations of U.S. companies in foreign markets (no specific legislation),"SVF Investments (UK), Ltd., identified on Registration (LD-1), has an ownership interest in registrant and, as an investor, in the lobbying issues listed above.",39,"State, Dept of (DOS)",True
f16b4ef3-377c-408c-8510-96aefaced84e,2023,fourth_quarter,Q4,4th Quarter - Report,2024-01-19T16:19:04-05:00,401106168,"COUPANG, INC.",211631,"COUPANG, INC.",direct_client,https://lda.gov/filings/public/filing/f16b4ef3-377c-408c-8510-96aefaced84e/print/,3,TRD,Trade (domestic/foreign),- Discussion of economic benefits of Coupang's participation in and expansion to foreign markets. (no specific legislation) - Encouragement of expanded SME participation in Coupang's e-commerce offering. (no specific legislation) - Discussion of issues facing U.S. firms when participating in and expanding to foreign markets. (no specific legislation) - Discussion of IPEF provisions and their effect on operations of U.S. companies in foreign markets (no specific legislation),"SVF Investments (UK), Ltd., identified on Registration (LD-1), has an ownership interest in registrant and, as an investor, in the lobbying issues listed above.",22,U.S. Trade Representative (USTR),True
6b8c6061-7930-449e-b199-a5c120f4c217,2024,first_quarter,Q1,1st Quarter - Report,2024-04-19T11:07:03-04:00,682,AKIN GUMP STRAUSS HAUER & FELD,211969,"COUPANG, INC.",direct_client,https://lda.gov/filings/public/filing/6b8c6061-7930-449e-b199-a5c120f4c217/print/,1,ECN,Economics/Economic Development,Advancing economic development goals through Coupangs expansion in current and new markets; Issues related to export promotion.,SVF Investments (UK) Ltd. has a financial interest in filer and the outcome of the lobbying issues listed.,24,"Commerce, Dept of (DOC)",True
6b8c6061-7930-449e-b199-a5c120f4c217,2024,first_quarter,Q1,1st Quarter - Report,2024-04-19T11:07:03-04:00,682,AKIN GUMP STRAUSS HAUER & FELD,211969,"COUPANG, INC.",direct_client,https://lda.gov/filings/public/filing/6b8c6061-7930-449e-b199-a5c120f4c217/print/,1,ECN,Economics/Economic Development,Advancing economic development goals through Coupangs expansion in current and new markets; Issues related to export promotion.,SVF Investments (UK) Ltd. has a financial interest in filer and the outcome of the lobbying issues listed.,2,HOUSE OF REPRESENTATIVES,True
6b8c6061-7930-449e-b199-a5c120f4c217,2024,first_quarter,Q1,1st Quarter - Report,2024-04-19T11:07:03-04:00,682,AKIN GUMP STRAUSS HAUER & FELD,211969,"COUPANG, INC.",direct_client,https://lda.gov/filings/public/filing/6b8c6061-7930-449e-b199-a5c120f4c217/print/,1,ECN,Economics/Economic Development,Advancing economic development goals through Coupangs expansion in current and new markets; Issues related to export promotion.,SVF Investments (UK) Ltd. has a financial interest in filer and the outcome of the lobbying issues listed.,1,SENATE,True
6b8c6061-7930-449e-b199-a5c120f4c217,2024,first_quarter,Q1,1st Quarter - Report,2024-04-19T11:07:03-04:00,682,AKIN GUMP STRAUSS HAUER & FELD,211969,"COUPANG, INC.",direct_client,https://lda.gov/filings/public/filing/6b8c6061-7930-449e-b199-a5c120f4c217/print/,1,ECN,Economics/Economic Development,Advancing economic development goals through Coupangs expansion in current and new markets; Issues related to export promotion.,SVF Investments (UK) Ltd. has a financial interest in filer and the outcome of the lobbying issues listed.,22,U.S. Trade Representative (USTR),True
6b8c6061-7930-449e-b199-a5c120f4c217,2024,first_quarter,Q1,1st Quarter - Report,2024-04-19T11:07:03-04:00,682,AKIN GUMP STRAUSS HAUER & FELD,211969,"COUPANG, INC.",direct_client,https://lda.gov/filings/public/filing/6b8c6061-7930-449e-b199-a5c120f4c217/print/,2,TRD,Trade (domestic/foreign),Issues related to export promotion.,SVF Investments (UK) Ltd. has a financial interest in filer and the outcome of the lobbying issues listed.,24,"Commerce, Dept of (DOC)",True
6b8c6061-7930-449e-b199-a5c120f4c217,2024,first_quarter,Q1,1st Quarter - Report,2024-04-19T11:07:03-04:00,682,AKIN GUMP STRAUSS HAUER & FELD,211969,"COUPANG, INC.",direct_client,https://lda.gov/filings/public/filing/6b8c6061-7930-449e-b199-a5c120f4c217/print/,2,TRD,Trade (domestic/foreign),Issues related to export promotion.,SVF Investments (UK) Ltd. has a financial interest in filer and the outcome of the lobbying issues listed.,2,HOUSE OF REPRESENTATIVES,True
6b8c6061-7930-449e-b199-a5c120f4c217,2024,first_quarter,Q1,1st Quarter - Report,2024-04-19T11:07:03-04:00,682,AKIN GUMP STRAUSS HAUER & FELD,211969,"COUPANG, INC.",direct_client,https://lda.gov/filings/public/filing/6b8c6061-7930-449e-b199-a5c120f4c217/print/,2,TRD,Trade (domestic/foreign),Issues related to export promotion.,SVF Investments (UK) Ltd. has a financial interest in filer and the outcome of the lobbying issues listed.,1,SENATE,True
6b8c6061-7930-449e-b199-a5c120f4c217,2024,first_quarter,Q1,1st Quarter - Report,2024-04-19T11:07:03-04:00,682,AKIN GUMP STRAUSS HAUER & FELD,211969,"COUPANG, INC.",direct_client,https://lda.gov/filings/public/filing/6b8c6061-7930-449e-b199-a5c120f4c217/print/,2,TRD,Trade (domestic/foreign),Issues related to export promotion.,SVF Investments (UK) Ltd. has a financial interest in filer and the outcome of the lobbying issues listed.,22,U.S. Trade Representative (USTR),True
3d0e5407-5ddf-44cf-aa75-958ec2620e1b,2024,first_quarter,Q1,1st Quarter - Report,2024-04-19T14:37:05-04:00,287394,PUTALASTRATEGIES,58096,"COUPANG, INC.",direct_client,https://lda.gov/filings/public/filing/3d0e5407-5ddf-44cf-aa75-958ec2620e1b/print/,1,TRD,Trade (domestic/foreign),Policies and proposals to support U.S. exports and business growth in international markets.,"SVF Investments (UK), Ltd., identified on Registration (LD-1), has an ownership interest in client, and, as an investor, in the lobbying issues listed above.",24,"Commerce, Dept of (DOC)",True
3d0e5407-5ddf-44cf-aa75-958ec2620e1b,2024,first_quarter,Q1,1st Quarter - Report,2024-04-19T14:37:05-04:00,287394,PUTALASTRATEGIES,58096,"COUPANG, INC.",direct_client,https://lda.gov/filings/public/filing/3d0e5407-5ddf-44cf-aa75-958ec2620e1b/print/,1,TRD,Trade (domestic/foreign),Policies and proposals to support U.S. exports and business growth in international markets.,"SVF Investments (UK), Ltd., identified on Registration (LD-1), has an ownership interest in client, and, as an investor, in the lobbying issues listed above.",1,SENATE,True
3d0e5407-5ddf-44cf-aa75-958ec2620e1b,2024,first_quarter,Q1,1st Quarter - Report,2024-04-19T14:37:05-04:00,287394,PUTALASTRATEGIES,58096,"COUPANG, INC.",direct_client,https://lda.gov/filings/public/filing/3d0e5407-5ddf-44cf-aa75-958ec2620e1b/print/,1,TRD,Trade (domestic/foreign),Policies and proposals to support U.S. exports and business growth in international markets.,"SVF Investments (UK), Ltd., identified on Registration (LD-1), has an ownership interest in client, and, as an investor, in the lobbying issues listed above.",12,White House Office,True
47f0d26e-ea57-4fbe-b16d-ea2e2bc3e5a8,2024,first_quarter,Q1,1st Quarter - Report,2024-04-22T14:48:07-04:00,401106168,"COUPANG, INC.",211631,"COUPANG, INC.",direct_client,https://lda.gov/filings/public/filing/47f0d26e-ea57-4fbe-b16d-ea2e2bc3e5a8/print/,1,ECN,Economics/Economic Development,Encouragement of expanded small- and medium-sized enterprise (SME) participation in Coupang's e-commerce offering (no specific legislation). Discussion of job creation and sustainability gains made possible by Coupang's business model and innovation (no specific legislation).,"SVF Investments (UK), Ltd., identified on Registration (LD-1), has an ownership interest in registrant and, as an investor, in the lobbying issues listed above.",24,"Commerce, Dept of (DOC)",True
47f0d26e-ea57-4fbe-b16d-ea2e2bc3e5a8,2024,first_quarter,Q1,1st Quarter - Report,2024-04-22T14:48:07-04:00,401106168,"COUPANG, INC.",211631,"COUPANG, INC.",direct_client,https://lda.gov/filings/public/filing/47f0d26e-ea57-4fbe-b16d-ea2e2bc3e5a8/print/,1,ECN,Economics/Economic Development,Encouragement of expanded small- and medium-sized enterprise (SME) participation in Coupang's e-commerce offering (no specific legislation). Discussion of job creation and sustainability gains made possible by Coupang's business model and innovation (no specific legislation).,"SVF Investments (UK), Ltd., identified on Registration (LD-1), has an ownership interest in registrant and, as an investor, in the lobbying issues listed above.",2,HOUSE OF REPRESENTATIVES,True
47f0d26e-ea57-4fbe-b16d-ea2e2bc3e5a8,2024,first_quarter,Q1,1st Quarter - Report,2024-04-22T14:48:07-04:00,401106168,"COUPANG, INC.",211631,"COUPANG, INC.",direct_client,https://lda.gov/filings/public/filing/47f0d26e-ea57-4fbe-b16d-ea2e2bc3e5a8/print/,1,ECN,Economics/Economic Development,Encouragement of expanded small- and medium-sized enterprise (SME) participation in Coupang's e-commerce offering (no specific legislation). Discussion of job creation and sustainability gains made possible by Coupang's business model and innovation (no specific legislation).,"SVF Investments (UK), Ltd., identified on Registration (LD-1), has an ownership interest in registrant and, as an investor, in the lobbying issues listed above.",1,SENATE,True
47f0d26e-ea57-4fbe-b16d-ea2e2bc3e5a8,2024,first_quarter,Q1,1st Quarter - Report,2024-04-22T14:48:07-04:00,401106168,"COUPANG, INC.",211631,"COUPANG, INC.",direct_client,https://lda.gov/filings/public/filing/47f0d26e-ea57-4fbe-b16d-ea2e2bc3e5a8/print/,1,ECN,Economics/Economic Development,Encouragement of expanded small- and medium-sized enterprise (SME) participation in Coupang's e-commerce offering (no specific legislation). Discussion of job creation and sustainability gains made possible by Coupang's business model and innovation (no specific legislation).,"SVF Investments (UK), Ltd., identified on Registration (LD-1), has an ownership interest in registrant and, as an investor, in the lobbying issues listed above.",39,"State, Dept of (DOS)",True
47f0d26e-ea57-4fbe-b16d-ea2e2bc3e5a8,2024,first_quarter,Q1,1st Quarter - Report,2024-04-22T14:48:07-04:00,401106168,"COUPANG, INC.",211631,"COUPANG, INC.",direct_client,https://lda.gov/filings/public/filing/47f0d26e-ea57-4fbe-b16d-ea2e2bc3e5a8/print/,2,SMB,Small Business,Encouragement of expanded SME participation in Coupang's e-commerce offering (no specific legislation).,"SVF Investments (UK), Ltd., identified on Registration (LD-1), has an ownership interest in registrant and, as an investor, in the lobbying issues listed above.",24,"Commerce, Dept of (DOC)",True
47f0d26e-ea57-4fbe-b16d-ea2e2bc3e5a8,2024,first_quarter,Q1,1st Quarter - Report,2024-04-22T14:48:07-04:00,401106168,"COUPANG, INC.",211631,"COUPANG, INC.",direct_client,https://lda.gov/filings/public/filing/47f0d26e-ea57-4fbe-b16d-ea2e2bc3e5a8/print/,2,SMB,Small Business,Encouragement of expanded SME participation in Coupang's e-commerce offering (no specific legislation).,"SVF Investments (UK), Ltd., identified on Registration (LD-1), has an ownership interest in registrant and, as an investor, in the lobbying issues listed above.",2,HOUSE OF REPRESENTATIVES,True
47f0d26e-ea57-4fbe-b16d-ea2e2bc3e5a8,2024,first_quarter,Q1,1st Quarter - Report,2024-04-22T14:48:07-04:00,401106168,"COUPANG, INC.",211631,"COUPANG, INC.",direct_client,https://lda.gov/filings/public/filing/47f0d26e-ea57-4fbe-b16d-ea2e2bc3e5a8/print/,2,SMB,Small Business,Encouragement of expanded SME participation in Coupang's e-commerce offering (no specific legislation).,"SVF Investments (UK), Ltd., identified on Registration (LD-1), has an ownership interest in registrant and, as an investor, in the lobbying issues listed above.",1,SENATE,True
47f0d26e-ea57-4fbe-b16d-ea2e2bc3e5a8,2024,first_quarter,Q1,1st Quarter - Report,2024-04-22T14:48:07-04:00,401106168,"COUPANG, INC.",211631,"COUPANG, INC.",direct_client,https://lda.gov/filings/public/filing/47f0d26e-ea57-4fbe-b16d-ea2e2bc3e5a8/print/,2,SMB,Small Business,Encouragement of expanded SME participation in Coupang's e-commerce offering (no specific legislation).,"SVF Investments (UK), Ltd., identified on Registration (LD-1), has an ownership interest in registrant and, as an investor, in the lobbying issues listed above.",39,"State, Dept of (DOS)",True
47f0d26e-ea57-4fbe-b16d-ea2e2bc3e5a8,2024,first_quarter,Q1,1st Quarter - Report,2024-04-22T14:48:07-04:00,401106168,"COUPANG, INC.",211631,"COUPANG, INC.",direct_client,https://lda.gov/filings/public/filing/47f0d26e-ea57-4fbe-b16d-ea2e2bc3e5a8/print/,3,TRD,Trade (domestic/foreign),- Discussion of economic benefits of Coupang's participation in and expansion to foreign markets. (no specific legislation) - Encouragement of expanded SME participation in Coupang's e-commerce offering. (no specific legislation) - Discussion of issues facing U.S. firms when participating in and expanding to foreign markets. (no specific legislation),"SVF Investments (UK), Ltd., identified on Registration (LD-1), has an ownership interest in registrant and, as an investor, in the lobbying issues listed above.",24,"Commerce, Dept of (DOC)",True
47f0d26e-ea57-4fbe-b16d-ea2e2bc3e5a8,2024,first_quarter,Q1,1st Quarter - Report,2024-04-22T14:48:07-04:00,401106168,"COUPANG, INC.",211631,"COUPANG, INC.",direct_client,https://lda.gov/filings/public/filing/47f0d26e-ea57-4fbe-b16d-ea2e2bc3e5a8/print/,3,TRD,Trade (domestic/foreign),- Discussion of economic benefits of Coupang's participation in and expansion to foreign markets. (no specific legislation) - Encouragement of expanded SME participation in Coupang's e-commerce offering. (no specific legislation) - Discussion of issues facing U.S. firms when participating in and expanding to foreign markets. (no specific legislation),"SVF Investments (UK), Ltd., identified on Registration (LD-1), has an ownership interest in registrant and, as an investor, in the lobbying issues listed above.",2,HOUSE OF REPRESENTATIVES,True
47f0d26e-ea57-4fbe-b16d-ea2e2bc3e5a8,2024,first_quarter,Q1,1st Quarter - Report,2024-04-22T14:48:07-04:00,401106168,"COUPANG, INC.",211631,"COUPANG, INC.",direct_client,https://lda.gov/filings/public/filing/47f0d26e-ea57-4fbe-b16d-ea2e2bc3e5a8/print/,3,TRD,Trade (domestic/foreign),- Discussion of economic benefits of Coupang's participation in and expansion to foreign markets. (no specific legislation) - Encouragement of expanded SME participation in Coupang's e-commerce offering. (no specific legislation) - Discussion of issues facing U.S. firms when participating in and expanding to foreign markets. (no specific legislation),"SVF Investments (UK), Ltd., identified on Registration (LD-1), has an ownership interest in registrant and, as an investor, in the lobbying issues listed above.",16,Natl Security Council (NSC),True
47f0d26e-ea57-4fbe-b16d-ea2e2bc3e5a8,2024,first_quarter,Q1,1st Quarter - Report,2024-04-22T14:48:07-04:00,401106168,"COUPANG, INC.",211631,"COUPANG, INC.",direct_client,https://lda.gov/filings/public/filing/47f0d26e-ea57-4fbe-b16d-ea2e2bc3e5a8/print/,3,TRD,Trade (domestic/foreign),- Discussion of economic benefits of Coupang's participation in and expansion to foreign markets. (no specific legislation) - Encouragement of expanded SME participation in Coupang's e-commerce offering. (no specific legislation) - Discussion of issues facing U.S. firms when participating in and expanding to foreign markets. (no specific legislation),"SVF Investments (UK), Ltd., identified on Registration (LD-1), has an ownership interest in registrant and, as an investor, in the lobbying issues listed above.",1,SENATE,True
47f0d26e-ea57-4fbe-b16d-ea2e2bc3e5a8,2024,first_quarter,Q1,1st Quarter - Report,2024-04-22T14:48:07-04:00,401106168,"COUPANG, INC.",211631,"COUPANG, INC.",direct_client,https://lda.gov/filings/public/filing/47f0d26e-ea57-4fbe-b16d-ea2e2bc3e5a8/print/,3,TRD,Trade (domestic/foreign),- Discussion of economic benefits of Coupang's participation in and expansion to foreign markets. (no specific legislation) - Encouragement of expanded SME participation in Coupang's e-commerce offering. (no specific legislation) - Discussion of issues facing U.S. firms when participating in and expanding to foreign markets. (no specific legislation),"SVF Investments (UK), Ltd., identified on Registration (LD-1), has an ownership interest in registrant and, as an investor, in the lobbying issues listed above.",39,"State, Dept of (DOS)",True
47f0d26e-ea57-4fbe-b16d-ea2e2bc3e5a8,2024,first_quarter,Q1,1st Quarter - Report,2024-04-22T14:48:07-04:00,401106168,"COUPANG, INC.",211631,"COUPANG, INC.",direct_client,https://lda.gov/filings/public/filing/47f0d26e-ea57-4fbe-b16d-ea2e2bc3e5a8/print/,3,TRD,Trade (domestic/foreign),- Discussion of economic benefits of Coupang's participation in and expansion to foreign markets. (no specific legislation) - Encouragement of expanded SME participation in Coupang's e-commerce offering. (no specific legislation) - Discussion of issues facing U.S. firms when participating in and expanding to foreign markets. (no specific legislation),"SVF Investments (UK), Ltd., identified on Registration (LD-1), has an ownership interest in registrant and, as an investor, in the lobbying issues listed above.",22,U.S. Trade Representative (USTR),True
a0fbdd3f-041a-4ac4-a184-2b19d9bd8293,2024,second_quarter,Q2,2nd Quarter - Report,2024-07-19T10:47:16-04:00,682,AKIN GUMP STRAUSS HAUER & FELD,211969,"COUPANG, INC.",direct_client,https://lda.gov/filings/public/filing/a0fbdd3f-041a-4ac4-a184-2b19d9bd8293/print/,1,ECN,Economics/Economic Development,Advancing economic development goals through Coupangs expansion in current and new markets.; Issues related to export promotion.,SVF Investments (UK) Ltd. has a financial interest in filer and the outcome of the lobbying issues listed.,24,"Commerce, Dept of (DOC)",True
a0fbdd3f-041a-4ac4-a184-2b19d9bd8293,2024,second_quarter,Q2,2nd Quarter - Report,2024-07-19T10:47:16-04:00,682,AKIN GUMP STRAUSS HAUER & FELD,211969,"COUPANG, INC.",direct_client,https://lda.gov/filings/public/filing/a0fbdd3f-041a-4ac4-a184-2b19d9bd8293/print/,1,ECN,Economics/Economic Development,Advancing economic development goals through Coupangs expansion in current and new markets.; Issues related to export promotion.,SVF Investments (UK) Ltd. has a financial interest in filer and the outcome of the lobbying issues listed.,2,HOUSE OF REPRESENTATIVES,True
a0fbdd3f-041a-4ac4-a184-2b19d9bd8293,2024,second_quarter,Q2,2nd Quarter - Report,2024-07-19T10:47:16-04:00,682,AKIN GUMP STRAUSS HAUER & FELD,211969,"COUPANG, INC.",direct_client,https://lda.gov/filings/public/filing/a0fbdd3f-041a-4ac4-a184-2b19d9bd8293/print/,1,ECN,Economics/Economic Development,Advancing economic development goals through Coupangs expansion in current and new markets.; Issues related to export promotion.,SVF Investments (UK) Ltd. has a financial interest in filer and the outcome of the lobbying issues listed.,1,SENATE,True
a0fbdd3f-041a-4ac4-a184-2b19d9bd8293,2024,second_quarter,Q2,2nd Quarter - Report,2024-07-19T10:47:16-04:00,682,AKIN GUMP STRAUSS HAUER & FELD,211969,"COUPANG, INC.",direct_client,https://lda.gov/filings/public/filing/a0fbdd3f-041a-4ac4-a184-2b19d9bd8293/print/,1,ECN,Economics/Economic Development,Advancing economic development goals through Coupangs expansion in current and new markets.; Issues related to export promotion.,SVF Investments (UK) Ltd. has a financial interest in filer and the outcome of the lobbying issues listed.,22,U.S. Trade Representative (USTR),True
a0fbdd3f-041a-4ac4-a184-2b19d9bd8293,2024,second_quarter,Q2,2nd Quarter - Report,2024-07-19T10:47:16-04:00,682,AKIN GUMP STRAUSS HAUER & FELD,211969,"COUPANG, INC.",direct_client,https://lda.gov/filings/public/filing/a0fbdd3f-041a-4ac4-a184-2b19d9bd8293/print/,1,ECN,Economics/Economic Development,Advancing economic development goals through Coupangs expansion in current and new markets.; Issues related to export promotion.,SVF Investments (UK) Ltd. has a financial interest in filer and the outcome of the lobbying issues listed.,12,White House Office,True
a0fbdd3f-041a-4ac4-a184-2b19d9bd8293,2024,second_quarter,Q2,2nd Quarter - Report,2024-07-19T10:47:16-04:00,682,AKIN GUMP STRAUSS HAUER & FELD,211969,"COUPANG, INC.",direct_client,https://lda.gov/filings/public/filing/a0fbdd3f-041a-4ac4-a184-2b19d9bd8293/print/,2,TRD,Trade (domestic/foreign),Issues related to export promotion.,SVF Investments (UK) Ltd. has a financial interest in filer and the outcome of the lobbying issues listed.,24,"Commerce, Dept of (DOC)",True
a0fbdd3f-041a-4ac4-a184-2b19d9bd8293,2024,second_quarter,Q2,2nd Quarter - Report,2024-07-19T10:47:16-04:00,682,AKIN GUMP STRAUSS HAUER & FELD,211969,"COUPANG, INC.",direct_client,https://lda.gov/filings/public/filing/a0fbdd3f-041a-4ac4-a184-2b19d9bd8293/print/,2,TRD,Trade (domestic/foreign),Issues related to export promotion.,SVF Investments (UK) Ltd. has a financial interest in filer and the outcome of the lobbying issues listed.,2,HOUSE OF REPRESENTATIVES,True
a0fbdd3f-041a-4ac4-a184-2b19d9bd8293,2024,second_quarter,Q2,2nd Quarter - Report,2024-07-19T10:47:16-04:00,682,AKIN GUMP STRAUSS HAUER & FELD,211969,"COUPANG, INC.",direct_client,https://lda.gov/filings/public/filing/a0fbdd3f-041a-4ac4-a184-2b19d9bd8293/print/,2,TRD,Trade (domestic/foreign),Issues related to export promotion.,SVF Investments (UK) Ltd. has a financial interest in filer and the outcome of the lobbying issues listed.,1,SENATE,True
a0fbdd3f-041a-4ac4-a184-2b19d9bd8293,2024,second_quarter,Q2,2nd Quarter - Report,2024-07-19T10:47:16-04:00,682,AKIN GUMP STRAUSS HAUER & FELD,211969,"COUPANG, INC.",direct_client,https://lda.gov/filings/public/filing/a0fbdd3f-041a-4ac4-a184-2b19d9bd8293/print/,2,TRD,Trade (domestic/foreign),Issues related to export promotion.,SVF Investments (UK) Ltd. has a financial interest in filer and the outcome of the lobbying issues listed.,22,U.S. Trade Representative (USTR),True
a0fbdd3f-041a-4ac4-a184-2b19d9bd8293,2024,second_quarter,Q2,2nd Quarter - Report,2024-07-19T10:47:16-04:00,682,AKIN GUMP STRAUSS HAUER & FELD,211969,"COUPANG, INC.",direct_client,https://lda.gov/filings/public/filing/a0fbdd3f-041a-4ac4-a184-2b19d9bd8293/print/,2,TRD,Trade (domestic/foreign),Issues related to export promotion.,SVF Investments (UK) Ltd. has a financial interest in filer and the outcome of the lobbying issues listed.,12,White House Office,True
59409478-4672-4412-b819-46c740ff9cdb,2024,second_quarter,Q2,2nd Quarter - Report,2024-07-19T17:14:30-04:00,401106168,"COUPANG, INC.",211631,"COUPANG, INC.",direct_client,https://lda.gov/filings/public/filing/59409478-4672-4412-b819-46c740ff9cdb/print/,1,TRD,Trade (domestic/foreign),Discussion of economic benefits of Coupang's participation in and expansion to foreign markets (no specific legislation). Encouragement of expanded SME participation in Coupang's e-commerce offering (no specific legislation). Discussion of issues facing U.S. firms when participating in and expanding to foreign markets (no specific legislation).,"SVF Investments (UK), Ltd., identified on Registration (LD-1), has an ownership interest in registrant and, as an investor, in the lobbying issues listed above.",24,"Commerce, Dept of (DOC)",True
59409478-4672-4412-b819-46c740ff9cdb,2024,second_quarter,Q2,2nd Quarter - Report,2024-07-19T17:14:30-04:00,401106168,"COUPANG, INC.",211631,"COUPANG, INC.",direct_client,https://lda.gov/filings/public/filing/59409478-4672-4412-b819-46c740ff9cdb/print/,1,TRD,Trade (domestic/foreign),Discussion of economic benefits of Coupang's participation in and expansion to foreign markets (no specific legislation). Encouragement of expanded SME participation in Coupang's e-commerce offering (no specific legislation). Discussion of issues facing U.S. firms when participating in and expanding to foreign markets (no specific legislation).,"SVF Investments (UK), Ltd., identified on Registration (LD-1), has an ownership interest in registrant and, as an investor, in the lobbying issues listed above.",64,Federal Trade Commission (FTC),True
59409478-4672-4412-b819-46c740ff9cdb,2024,second_quarter,Q2,2nd Quarter - Report,2024-07-19T17:14:30-04:00,401106168,"COUPANG, INC.",211631,"COUPANG, INC.",direct_client,https://lda.gov/filings/public/filing/59409478-4672-4412-b819-46c740ff9cdb/print/,1,TRD,Trade (domestic/foreign),Discussion of economic benefits of Coupang's participation in and expansion to foreign markets (no specific legislation). Encouragement of expanded SME participation in Coupang's e-commerce offering (no specific legislation). Discussion of issues facing U.S. firms when participating in and expanding to foreign markets (no specific legislation).,"SVF Investments (UK), Ltd., identified on Registration (LD-1), has an ownership interest in registrant and, as an investor, in the lobbying issues listed above.",2,HOUSE OF REPRESENTATIVES,True
59409478-4672-4412-b819-46c740ff9cdb,2024,second_quarter,Q2,2nd Quarter - Report,2024-07-19T17:14:30-04:00,401106168,"COUPANG, INC.",211631,"COUPANG, INC.",direct_client,https://lda.gov/filings/public/filing/59409478-4672-4412-b819-46c740ff9cdb/print/,1,TRD,Trade (domestic/foreign),Discussion of economic benefits of Coupang's participation in and expansion to foreign markets (no specific legislation). Encouragement of expanded SME participation in Coupang's e-commerce offering (no specific legislation). Discussion of issues facing U.S. firms when participating in and expanding to foreign markets (no specific legislation).,"SVF Investments (UK), Ltd., identified on Registration (LD-1), has an ownership interest in registrant and, as an investor, in the lobbying issues listed above.",16,Natl Security Council (NSC),True
59409478-4672-4412-b819-46c740ff9cdb,2024,second_quarter,Q2,2nd Quarter - Report,2024-07-19T17:14:30-04:00,401106168,"COUPANG, INC.",211631,"COUPANG, INC.",direct_client,https://lda.gov/filings/public/filing/59409478-4672-4412-b819-46c740ff9cdb/print/,1,TRD,Trade (domestic/foreign),Discussion of economic benefits of Coupang's participation in and expansion to foreign markets (no specific legislation). Encouragement of expanded SME participation in Coupang's e-commerce offering (no specific legislation). Discussion of issues facing U.S. firms when participating in and expanding to foreign markets (no specific legislation).,"SVF Investments (UK), Ltd., identified on Registration (LD-1), has an ownership interest in registrant and, as an investor, in the lobbying issues listed above.",1,SENATE,True
59409478-4672-4412-b819-46c740ff9cdb,2024,second_quarter,Q2,2nd Quarter - Report,2024-07-19T17:14:30-04:00,401106168,"COUPANG, INC.",211631,"COUPANG, INC.",direct_client,https://lda.gov/filings/public/filing/59409478-4672-4412-b819-46c740ff9cdb/print/,1,TRD,Trade (domestic/foreign),Discussion of economic benefits of Coupang's participation in and expansion to foreign markets (no specific legislation). Encouragement of expanded SME participation in Coupang's e-commerce offering (no specific legislation). Discussion of issues facing U.S. firms when participating in and expanding to foreign markets (no specific legislation).,"SVF Investments (UK), Ltd., identified on Registration (LD-1), has an ownership interest in registrant and, as an investor, in the lobbying issues listed above.",39,"State, Dept of (DOS)",True
59409478-4672-4412-b819-46c740ff9cdb,2024,second_quarter,Q2,2nd Quarter - Report,2024-07-19T17:14:30-04:00,401106168,"COUPANG, INC.",211631,"COUPANG, INC.",direct_client,https://lda.gov/filings/public/filing/59409478-4672-4412-b819-46c740ff9cdb/print/,2,ECN,Economics/Economic Development,Encouragement of expanded small- and medium-sized enterprise (SME) participation in Coupang's e-commerce offering (no specific legislation). Discussion of job creation and sustainability gains made possible by Coupang's business model and innovation (no specific legislation).,"SVF Investments (UK), Ltd., identified on Registration (LD-1), has an ownership interest in registrant and, as an investor, in the lobbying issues listed above.",24,"Commerce, Dept of (DOC)",True
59409478-4672-4412-b819-46c740ff9cdb,2024,second_quarter,Q2,2nd Quarter - Report,2024-07-19T17:14:30-04:00,401106168,"COUPANG, INC.",211631,"COUPANG, INC.",direct_client,https://lda.gov/filings/public/filing/59409478-4672-4412-b819-46c740ff9cdb/print/,2,ECN,Economics/Economic Development,Encouragement of expanded small- and medium-sized enterprise (SME) participation in Coupang's e-commerce offering (no specific legislation). Discussion of job creation and sustainability gains made possible by Coupang's business model and innovation (no specific legislation).,"SVF Investments (UK), Ltd., identified on Registration (LD-1), has an ownership interest in registrant and, as an investor, in the lobbying issues listed above.",2,HOUSE OF REPRESENTATIVES,True
59409478-4672-4412-b819-46c740ff9cdb,2024,second_quarter,Q2,2nd Quarter - Report,2024-07-19T17:14:30-04:00,401106168,"COUPANG, INC.",211631,"COUPANG, INC.",direct_client,https://lda.gov/filings/public/filing/59409478-4672-4412-b819-46c740ff9cdb/print/,2,ECN,Economics/Economic Development,Encouragement of expanded small- and medium-sized enterprise (SME) participation in Coupang's e-commerce offering (no specific legislation). Discussion of job creation and sustainability gains made possible by Coupang's business model and innovation (no specific legislation).,"SVF Investments (UK), Ltd., identified on Registration (LD-1), has an ownership interest in registrant and, as an investor, in the lobbying issues listed above.",1,SENATE,True
59409478-4672-4412-b819-46c740ff9cdb,2024,second_quarter,Q2,2nd Quarter - Report,2024-07-19T17:14:30-04:00,401106168,"COUPANG, INC.",211631,"COUPANG, INC.",direct_client,https://lda.gov/filings/public/filing/59409478-4672-4412-b819-46c740ff9cdb/print/,2,ECN,Economics/Economic Development,Encouragement of expanded small- and medium-sized enterprise (SME) participation in Coupang's e-commerce offering (no specific legislation). Discussion of job creation and sustainability gains made possible by Coupang's business model and innovation (no specific legislation).,"SVF Investments (UK), Ltd., identified on Registration (LD-1), has an ownership interest in registrant and, as an investor, in the lobbying issues listed above.",39,"State, Dept of (DOS)",True
59409478-4672-4412-b819-46c740ff9cdb,2024,second_quarter,Q2,2nd Quarter - Report,2024-07-19T17:14:30-04:00,401106168,"COUPANG, INC.",211631,"COUPANG, INC.",direct_client,https://lda.gov/filings/public/filing/59409478-4672-4412-b819-46c740ff9cdb/print/,3,SMB,Small Business,Encouragement of expanded SME participation in Coupang's e-commerce offering (no specific legislation).,"SVF Investments (UK), Ltd., identified on Registration (LD-1), has an ownership interest in registrant and, as an investor, in the lobbying issues listed above.",24,"Commerce, Dept of (DOC)",True
59409478-4672-4412-b819-46c740ff9cdb,2024,second_quarter,Q2,2nd Quarter - Report,2024-07-19T17:14:30-04:00,401106168,"COUPANG, INC.",211631,"COUPANG, INC.",direct_client,https://lda.gov/filings/public/filing/59409478-4672-4412-b819-46c740ff9cdb/print/,3,SMB,Small Business,Encouragement of expanded SME participation in Coupang's e-commerce offering (no specific legislation).,"SVF Investments (UK), Ltd., identified on Registration (LD-1), has an ownership interest in registrant and, as an investor, in the lobbying issues listed above.",2,HOUSE OF REPRESENTATIVES,True
59409478-4672-4412-b819-46c740ff9cdb,2024,second_quarter,Q2,2nd Quarter - Report,2024-07-19T17:14:30-04:00,401106168,"COUPANG, INC.",211631,"COUPANG, INC.",direct_client,https://lda.gov/filings/public/filing/59409478-4672-4412-b819-46c740ff9cdb/print/,3,SMB,Small Business,Encouragement of expanded SME participation in Coupang's e-commerce offering (no specific legislation).,"SVF Investments (UK), Ltd., identified on Registration (LD-1), has an ownership interest in registrant and, as an investor, in the lobbying issues listed above.",1,SENATE,True
59409478-4672-4412-b819-46c740ff9cdb,2024,second_quarter,Q2,2nd Quarter - Report,2024-07-19T17:14:30-04:00,401106168,"COUPANG, INC.",211631,"COUPANG, INC.",direct_client,https://lda.gov/filings/public/filing/59409478-4672-4412-b819-46c740ff9cdb/print/,3,SMB,Small Business,Encouragement of expanded SME participation in Coupang's e-commerce offering (no specific legislation).,"SVF Investments (UK), Ltd., identified on Registration (LD-1), has an ownership interest in registrant and, as an investor, in the lobbying issues listed above.",39,"State, Dept of (DOS)",True
7eb3510e-cdb6-46cb-b5a6-72cc6f6514fa,2024,second_quarter,Q2,2nd Quarter - Report,2024-07-20T22:07:30-04:00,287394,PUTALASTRATEGIES,58096,"COUPANG, INC.",direct_client,https://lda.gov/filings/public/filing/7eb3510e-cdb6-46cb-b5a6-72cc6f6514fa/print/,1,TRD,Trade (domestic/foreign),Policies and proposals to support U.S. exports and business growth in international markets.,"SVF Investments (UK), Ltd., identified on Registration (LD-1), has an ownership interest in client, and, as an investor, in the lobbying issues listed above.",24,"Commerce, Dept of (DOC)",True
7eb3510e-cdb6-46cb-b5a6-72cc6f6514fa,2024,second_quarter,Q2,2nd Quarter - Report,2024-07-20T22:07:30-04:00,287394,PUTALASTRATEGIES,58096,"COUPANG, INC.",direct_client,https://lda.gov/filings/public/filing/7eb3510e-cdb6-46cb-b5a6-72cc6f6514fa/print/,1,TRD,Trade (domestic/foreign),Policies and proposals to support U.S. exports and business growth in international markets.,"SVF Investments (UK), Ltd., identified on Registration (LD-1), has an ownership interest in client, and, as an investor, in the lobbying issues listed above.",1,SENATE,True
7eb3510e-cdb6-46cb-b5a6-72cc6f6514fa,2024,second_quarter,Q2,2nd Quarter - Report,2024-07-20T22:07:30-04:00,287394,PUTALASTRATEGIES,58096,"COUPANG, INC.",direct_client,https://lda.gov/filings/public/filing/7eb3510e-cdb6-46cb-b5a6-72cc6f6514fa/print/,1,TRD,Trade (domestic/foreign),Policies and proposals to support U.S. exports and business growth in international markets.,"SVF Investments (UK), Ltd., identified on Registration (LD-1), has an ownership interest in client, and, as an investor, in the lobbying issues listed above.",12,White House Office,True
7f1a20a0-72fb-4b41-8f22-673c74a4a792,2024,third_quarter,Q3,3rd Quarter - Report,2024-10-18T13:03:53-04:00,401106168,"COUPANG, INC.",211631,"COUPANG, INC.",direct_client,https://lda.gov/filings/public/filing/7f1a20a0-72fb-4b41-8f22-673c74a4a792/print/,1,ECN,Economics/Economic Development,Encouragement of expanded small- and medium-sized enterprise (SME) participation in Coupang's e-commerce offering (no specific legislation). Discussion of job creation and sustainability gains made possible by Coupang's business model and innovation (no specific legislation).,"SVF Investments (UK), Ltd., identified on Registration (LD-1), has an ownership interest in registrant and, as an investor, in the lobbying issues listed above.",24,"Commerce, Dept of (DOC)",True
7f1a20a0-72fb-4b41-8f22-673c74a4a792,2024,third_quarter,Q3,3rd Quarter - Report,2024-10-18T13:03:53-04:00,401106168,"COUPANG, INC.",211631,"COUPANG, INC.",direct_client,https://lda.gov/filings/public/filing/7f1a20a0-72fb-4b41-8f22-673c74a4a792/print/,1,ECN,Economics/Economic Development,Encouragement of expanded small- and medium-sized enterprise (SME) participation in Coupang's e-commerce offering (no specific legislation). Discussion of job creation and sustainability gains made possible by Coupang's business model and innovation (no specific legislation).,"SVF Investments (UK), Ltd., identified on Registration (LD-1), has an ownership interest in registrant and, as an investor, in the lobbying issues listed above.",2,HOUSE OF REPRESENTATIVES,True
7f1a20a0-72fb-4b41-8f22-673c74a4a792,2024,third_quarter,Q3,3rd Quarter - Report,2024-10-18T13:03:53-04:00,401106168,"COUPANG, INC.",211631,"COUPANG, INC.",direct_client,https://lda.gov/filings/public/filing/7f1a20a0-72fb-4b41-8f22-673c74a4a792/print/,1,ECN,Economics/Economic Development,Encouragement of expanded small- and medium-sized enterprise (SME) participation in Coupang's e-commerce offering (no specific legislation). Discussion of job creation and sustainability gains made possible by Coupang's business model and innovation (no specific legislation).,"SVF Investments (UK), Ltd., identified on Registration (LD-1), has an ownership interest in registrant and, as an investor, in the lobbying issues listed above.",1,SENATE,True
7f1a20a0-72fb-4b41-8f22-673c74a4a792,2024,third_quarter,Q3,3rd Quarter - Report,2024-10-18T13:03:53-04:00,401106168,"COUPANG, INC.",211631,"COUPANG, INC.",direct_client,https://lda.gov/filings/public/filing/7f1a20a0-72fb-4b41-8f22-673c74a4a792/print/,1,ECN,Economics/Economic Development,Encouragement of expanded small- and medium-sized enterprise (SME) participation in Coupang's e-commerce offering (no specific legislation). Discussion of job creation and sustainability gains made possible by Coupang's business model and innovation (no specific legislation).,"SVF Investments (UK), Ltd., identified on Registration (LD-1), has an ownership interest in registrant and, as an investor, in the lobbying issues listed above.",39,"State, Dept of (DOS)",True
7f1a20a0-72fb-4b41-8f22-673c74a4a792,2024,third_quarter,Q3,3rd Quarter - Report,2024-10-18T13:03:53-04:00,401106168,"COUPANG, INC.",211631,"COUPANG, INC.",direct_client,https://lda.gov/filings/public/filing/7f1a20a0-72fb-4b41-8f22-673c74a4a792/print/,2,SMB,Small Business,Encouragement of expanded SME participation in Coupang's e-commerce offering (no specific legislation).,"SVF Investments (UK), Ltd., identified on Registration (LD-1), has an ownership interest in registrant and, as an investor, in the lobbying issues listed above.",24,"Commerce, Dept of (DOC)",True
7f1a20a0-72fb-4b41-8f22-673c74a4a792,2024,third_quarter,Q3,3rd Quarter - Report,2024-10-18T13:03:53-04:00,401106168,"COUPANG, INC.",211631,"COUPANG, INC.",direct_client,https://lda.gov/filings/public/filing/7f1a20a0-72fb-4b41-8f22-673c74a4a792/print/,2,SMB,Small Business,Encouragement of expanded SME participation in Coupang's e-commerce offering (no specific legislation).,"SVF Investments (UK), Ltd., identified on Registration (LD-1), has an ownership interest in registrant and, as an investor, in the lobbying issues listed above.",2,HOUSE OF REPRESENTATIVES,True
7f1a20a0-72fb-4b41-8f22-673c74a4a792,2024,third_quarter,Q3,3rd Quarter - Report,2024-10-18T13:03:53-04:00,401106168,"COUPANG, INC.",211631,"COUPANG, INC.",direct_client,https://lda.gov/filings/public/filing/7f1a20a0-72fb-4b41-8f22-673c74a4a792/print/,2,SMB,Small Business,Encouragement of expanded SME participation in Coupang's e-commerce offering (no specific legislation).,"SVF Investments (UK), Ltd., identified on Registration (LD-1), has an ownership interest in registrant and, as an investor, in the lobbying issues listed above.",1,SENATE,True
7f1a20a0-72fb-4b41-8f22-673c74a4a792,2024,third_quarter,Q3,3rd Quarter - Report,2024-10-18T13:03:53-04:00,401106168,"COUPANG, INC.",211631,"COUPANG, INC.",direct_client,https://lda.gov/filings/public/filing/7f1a20a0-72fb-4b41-8f22-673c74a4a792/print/,2,SMB,Small Business,Encouragement of expanded SME participation in Coupang's e-commerce offering (no specific legislation).,"SVF Investments (UK), Ltd., identified on Registration (LD-1), has an ownership interest in registrant and, as an investor, in the lobbying issues listed above.",39,"State, Dept of (DOS)",True
7f1a20a0-72fb-4b41-8f22-673c74a4a792,2024,third_quarter,Q3,3rd Quarter - Report,2024-10-18T13:03:53-04:00,401106168,"COUPANG, INC.",211631,"COUPANG, INC.",direct_client,https://lda.gov/filings/public/filing/7f1a20a0-72fb-4b41-8f22-673c74a4a792/print/,3,TRD,Trade (domestic/foreign),Discussion of economic benefits of Coupang's participation in and expansion to foreign markets (no specific legislation). Encouragement of expanded SME participation in Coupang's e-commerce offering (no specific legislation). Discussion of issues facing U.S. firms when participating in and expanding to foreign markets (no specific legislation).,"SVF Investments (UK), Ltd., identified on Registration (LD-1), has an ownership interest in registrant and, as an investor, in the lobbying issues listed above.",24,"Commerce, Dept of (DOC)",True
7f1a20a0-72fb-4b41-8f22-673c74a4a792,2024,third_quarter,Q3,3rd Quarter - Report,2024-10-18T13:03:53-04:00,401106168,"COUPANG, INC.",211631,"COUPANG, INC.",direct_client,https://lda.gov/filings/public/filing/7f1a20a0-72fb-4b41-8f22-673c74a4a792/print/,3,TRD,Trade (domestic/foreign),Discussion of economic benefits of Coupang's participation in and expansion to foreign markets (no specific legislation). Encouragement of expanded SME participation in Coupang's e-commerce offering (no specific legislation). Discussion of issues facing U.S. firms when participating in and expanding to foreign markets (no specific legislation).,"SVF Investments (UK), Ltd., identified on Registration (LD-1), has an ownership interest in registrant and, as an investor, in the lobbying issues listed above.",2,HOUSE OF REPRESENTATIVES,True
7f1a20a0-72fb-4b41-8f22-673c74a4a792,2024,third_quarter,Q3,3rd Quarter - Report,2024-10-18T13:03:53-04:00,401106168,"COUPANG, INC.",211631,"COUPANG, INC.",direct_client,https://lda.gov/filings/public/filing/7f1a20a0-72fb-4b41-8f22-673c74a4a792/print/,3,TRD,Trade (domestic/foreign),Discussion of economic benefits of Coupang's participation in and expansion to foreign markets (no specific legislation). Encouragement of expanded SME participation in Coupang's e-commerce offering (no specific legislation). Discussion of issues facing U.S. firms when participating in and expanding to foreign markets (no specific legislation).,"SVF Investments (UK), Ltd., identified on Registration (LD-1), has an ownership interest in registrant and, as an investor, in the lobbying issues listed above.",16,Natl Security Council (NSC),True
7f1a20a0-72fb-4b41-8f22-673c74a4a792,2024,third_quarter,Q3,3rd Quarter - Report,2024-10-18T13:03:53-04:00,401106168,"COUPANG, INC.",211631,"COUPANG, INC.",direct_client,https://lda.gov/filings/public/filing/7f1a20a0-72fb-4b41-8f22-673c74a4a792/print/,3,TRD,Trade (domestic/foreign),Discussion of economic benefits of Coupang's participation in and expansion to foreign markets (no specific legislation). Encouragement of expanded SME participation in Coupang's e-commerce offering (no specific legislation). Discussion of issues facing U.S. firms when participating in and expanding to foreign markets (no specific legislation).,"SVF Investments (UK), Ltd., identified on Registration (LD-1), has an ownership interest in registrant and, as an investor, in the lobbying issues listed above.",1,SENATE,True
7f1a20a0-72fb-4b41-8f22-673c74a4a792,2024,third_quarter,Q3,3rd Quarter - Report,2024-10-18T13:03:53-04:00,401106168,"COUPANG, INC.",211631,"COUPANG, INC.",direct_client,https://lda.gov/filings/public/filing/7f1a20a0-72fb-4b41-8f22-673c74a4a792/print/,3,TRD,Trade (domestic/foreign),Discussion of economic benefits of Coupang's participation in and expansion to foreign markets (no specific legislation). Encouragement of expanded SME participation in Coupang's e-commerce offering (no specific legislation). Discussion of issues facing U.S. firms when participating in and expanding to foreign markets (no specific legislation).,"SVF Investments (UK), Ltd., identified on Registration (LD-1), has an ownership interest in registrant and, as an investor, in the lobbying issues listed above.",39,"State, Dept of (DOS)",True
a08d6fcd-a3cc-4fa7-9db9-e1c28a56e68d,2024,third_quarter,Q3,3rd Quarter - Report,2024-10-19T13:56:37-04:00,287394,PUTALASTRATEGIES,58096,"COUPANG, INC.",direct_client,https://lda.gov/filings/public/filing/a08d6fcd-a3cc-4fa7-9db9-e1c28a56e68d/print/,1,TRD,Trade (domestic/foreign),Policies and proposals to support U.S. exports and business growth in international markets.,"SVF Investments (UK), Ltd., identified on Registration (LD-1), has an ownership interest in client, and, as an investor, in the lobbying issues listed above.",24,"Commerce, Dept of (DOC)",True
a08d6fcd-a3cc-4fa7-9db9-e1c28a56e68d,2024,third_quarter,Q3,3rd Quarter - Report,2024-10-19T13:56:37-04:00,287394,PUTALASTRATEGIES,58096,"COUPANG, INC.",direct_client,https://lda.gov/filings/public/filing/a08d6fcd-a3cc-4fa7-9db9-e1c28a56e68d/print/,1,TRD,Trade (domestic/foreign),Policies and proposals to support U.S. exports and business growth in international markets.,"SVF Investments (UK), Ltd., identified on Registration (LD-1), has an ownership interest in client, and, as an investor, in the lobbying issues listed above.",1,SENATE,True
a08d6fcd-a3cc-4fa7-9db9-e1c28a56e68d,2024,third_quarter,Q3,3rd Quarter - Report,2024-10-19T13:56:37-04:00,287394,PUTALASTRATEGIES,58096,"COUPANG, INC.",direct_client,https://lda.gov/filings/public/filing/a08d6fcd-a3cc-4fa7-9db9-e1c28a56e68d/print/,1,TRD,Trade (domestic/foreign),Policies and proposals to support U.S. exports and business growth in international markets.,"SVF Investments (UK), Ltd., identified on Registration (LD-1), has an ownership interest in client, and, as an investor, in the lobbying issues listed above.",12,White House Office,True
626ad078-4796-45f9-97d2-3bb16aa43be4,2024,third_quarter,Q3,3rd Quarter - Report,2024-10-21T17:20:27-04:00,682,AKIN GUMP STRAUSS HAUER & FELD,211969,"COUPANG, INC.",direct_client,https://lda.gov/filings/public/filing/626ad078-4796-45f9-97d2-3bb16aa43be4/print/,1,ECN,Economics/Economic Development,Advancing economic development goals through Coupangs expansion in current and new markets.,,2,HOUSE OF REPRESENTATIVES,True
626ad078-4796-45f9-97d2-3bb16aa43be4,2024,third_quarter,Q3,3rd Quarter - Report,2024-10-21T17:20:27-04:00,682,AKIN GUMP STRAUSS HAUER & FELD,211969,"COUPANG, INC.",direct_client,https://lda.gov/filings/public/filing/626ad078-4796-45f9-97d2-3bb16aa43be4/print/,1,ECN,Economics/Economic Development,Advancing economic development goals through Coupangs expansion in current and new markets.,,1,SENATE,True
626ad078-4796-45f9-97d2-3bb16aa43be4,2024,third_quarter,Q3,3rd Quarter - Report,2024-10-21T17:20:27-04:00,682,AKIN GUMP STRAUSS HAUER & FELD,211969,"COUPANG, INC.",direct_client,https://lda.gov/filings/public/filing/626ad078-4796-45f9-97d2-3bb16aa43be4/print/,2,TRD,Trade (domestic/foreign),Issues related to export promotion.,,2,HOUSE OF REPRESENTATIVES,True
626ad078-4796-45f9-97d2-3bb16aa43be4,2024,third_quarter,Q3,3rd Quarter - Report,2024-10-21T17:20:27-04:00,682,AKIN GUMP STRAUSS HAUER & FELD,211969,"COUPANG, INC.",direct_client,https://lda.gov/filings/public/filing/626ad078-4796-45f9-97d2-3bb16aa43be4/print/,2,TRD,Trade (domestic/foreign),Issues related to export promotion.,,1,SENATE,True
4e77bb1e-a3e5-488a-9a99-9f96c8edc2df,2024,fourth_quarter,4T,4th Quarter - Termination,2025-01-18T13:31:12-05:00,287394,PUTALASTRATEGIES,58096,"COUPANG, INC.",direct_client,https://lda.gov/filings/public/filing/4e77bb1e-a3e5-488a-9a99-9f96c8edc2df/print/,1,TRD,Trade (domestic/foreign),Policies and proposals to support U.S. exports and business growth in international markets.,"SVF Investments (UK), Ltd., identified on Registration (LD-1), has an ownership interest in client, and, as an investor, in the lobbying issues listed above.",24,"Commerce, Dept of (DOC)",True
4e77bb1e-a3e5-488a-9a99-9f96c8edc2df,2024,fourth_quarter,4T,4th Quarter - Termination,2025-01-18T13:31:12-05:00,287394,PUTALASTRATEGIES,58096,"COUPANG, INC.",direct_client,https://lda.gov/filings/public/filing/4e77bb1e-a3e5-488a-9a99-9f96c8edc2df/print/,1,TRD,Trade (domestic/foreign),Policies and proposals to support U.S. exports and business growth in international markets.,"SVF Investments (UK), Ltd., identified on Registration (LD-1), has an ownership interest in client, and, as an investor, in the lobbying issues listed above.",1,SENATE,True
4e77bb1e-a3e5-488a-9a99-9f96c8edc2df,2024,fourth_quarter,4T,4th Quarter - Termination,2025-01-18T13:31:12-05:00,287394,PUTALASTRATEGIES,58096,"COUPANG, INC.",direct_client,https://lda.gov/filings/public/filing/4e77bb1e-a3e5-488a-9a99-9f96c8edc2df/print/,1,TRD,Trade (domestic/foreign),Policies and proposals to support U.S. exports and business growth in international markets.,"SVF Investments (UK), Ltd., identified on Registration (LD-1), has an ownership interest in client, and, as an investor, in the lobbying issues listed above.",12,White House Office,True
afd21958-3eb1-43d6-8b65-1a5c5f4872a6,2024,fourth_quarter,Q4,4th Quarter - Report,2025-01-21T10:04:35-05:00,401106168,"COUPANG, INC.",211631,"COUPANG, INC.",direct_client,https://lda.gov/filings/public/filing/afd21958-3eb1-43d6-8b65-1a5c5f4872a6/print/,1,SMB,Small Business,Encouragement of expanded SME participation in Coupang's e-commerce offering and increased market access (no specific legislation).,"SVF Investments (UK), Ltd., identified on Registration (LD-1), has an ownership interest in registrant and, as an investor, in the lobbying issues listed above.",24,"Commerce, Dept of (DOC)",True
afd21958-3eb1-43d6-8b65-1a5c5f4872a6,2024,fourth_quarter,Q4,4th Quarter - Report,2025-01-21T10:04:35-05:00,401106168,"COUPANG, INC.",211631,"COUPANG, INC.",direct_client,https://lda.gov/filings/public/filing/afd21958-3eb1-43d6-8b65-1a5c5f4872a6/print/,1,SMB,Small Business,Encouragement of expanded SME participation in Coupang's e-commerce offering and increased market access (no specific legislation).,"SVF Investments (UK), Ltd., identified on Registration (LD-1), has an ownership interest in registrant and, as an investor, in the lobbying issues listed above.",2,HOUSE OF REPRESENTATIVES,True
afd21958-3eb1-43d6-8b65-1a5c5f4872a6,2024,fourth_quarter,Q4,4th Quarter - Report,2025-01-21T10:04:35-05:00,401106168,"COUPANG, INC.",211631,"COUPANG, INC.",direct_client,https://lda.gov/filings/public/filing/afd21958-3eb1-43d6-8b65-1a5c5f4872a6/print/,1,SMB,Small Business,Encouragement of expanded SME participation in Coupang's e-commerce offering and increased market access (no specific legislation).,"SVF Investments (UK), Ltd., identified on Registration (LD-1), has an ownership interest in registrant and, as an investor, in the lobbying issues listed above.",1,SENATE,True
afd21958-3eb1-43d6-8b65-1a5c5f4872a6,2024,fourth_quarter,Q4,4th Quarter - Report,2025-01-21T10:04:35-05:00,401106168,"COUPANG, INC.",211631,"COUPANG, INC.",direct_client,https://lda.gov/filings/public/filing/afd21958-3eb1-43d6-8b65-1a5c5f4872a6/print/,1,SMB,Small Business,Encouragement of expanded SME participation in Coupang's e-commerce offering and increased market access (no specific legislation).,"SVF Investments (UK), Ltd., identified on Registration (LD-1), has an ownership interest in registrant and, as an investor, in the lobbying issues listed above.",39,"State, Dept of (DOS)",True
afd21958-3eb1-43d6-8b65-1a5c5f4872a6,2024,fourth_quarter,Q4,4th Quarter - Report,2025-01-21T10:04:35-05:00,401106168,"COUPANG, INC.",211631,"COUPANG, INC.",direct_client,https://lda.gov/filings/public/filing/afd21958-3eb1-43d6-8b65-1a5c5f4872a6/print/,2,TRD,Trade (domestic/foreign),Discussion of economic benefits of Coupang's participation in and expansion to foreign markets. Encouragement of expanded SME participation in Coupang's e-commerce offering. Discussion of issues facing U.S. firms when participating in and expanding to foreign markets (no specific legislation).,"SVF Investments (UK), Ltd., identified on Registration (LD-1), has an ownership interest in registrant and, as an investor, in the lobbying issues listed above.",24,"Commerce, Dept of (DOC)",True
afd21958-3eb1-43d6-8b65-1a5c5f4872a6,2024,fourth_quarter,Q4,4th Quarter - Report,2025-01-21T10:04:35-05:00,401106168,"COUPANG, INC.",211631,"COUPANG, INC.",direct_client,https://lda.gov/filings/public/filing/afd21958-3eb1-43d6-8b65-1a5c5f4872a6/print/,2,TRD,Trade (domestic/foreign),Discussion of economic benefits of Coupang's participation in and expansion to foreign markets. Encouragement of expanded SME participation in Coupang's e-commerce offering. Discussion of issues facing U.S. firms when participating in and expanding to foreign markets (no specific legislation).,"SVF Investments (UK), Ltd., identified on Registration (LD-1), has an ownership interest in registrant and, as an investor, in the lobbying issues listed above.",2,HOUSE OF REPRESENTATIVES,True
afd21958-3eb1-43d6-8b65-1a5c5f4872a6,2024,fourth_quarter,Q4,4th Quarter - Report,2025-01-21T10:04:35-05:00,401106168,"COUPANG, INC.",211631,"COUPANG, INC.",direct_client,https://lda.gov/filings/public/filing/afd21958-3eb1-43d6-8b65-1a5c5f4872a6/print/,2,TRD,Trade (domestic/foreign),Discussion of economic benefits of Coupang's participation in and expansion to foreign markets. Encouragement of expanded SME participation in Coupang's e-commerce offering. Discussion of issues facing U.S. firms when participating in and expanding to foreign markets (no specific legislation).,"SVF Investments (UK), Ltd., identified on Registration (LD-1), has an ownership interest in registrant and, as an investor, in the lobbying issues listed above.",16,Natl Security Council (NSC),True
afd21958-3eb1-43d6-8b65-1a5c5f4872a6,2024,fourth_quarter,Q4,4th Quarter - Report,2025-01-21T10:04:35-05:00,401106168,"COUPANG, INC.",211631,"COUPANG, INC.",direct_client,https://lda.gov/filings/public/filing/afd21958-3eb1-43d6-8b65-1a5c5f4872a6/print/,2,TRD,Trade (domestic/foreign),Discussion of economic benefits of Coupang's participation in and expansion to foreign markets. Encouragement of expanded SME participation in Coupang's e-commerce offering. Discussion of issues facing U.S. firms when participating in and expanding to foreign markets (no specific legislation).,"SVF Investments (UK), Ltd., identified on Registration (LD-1), has an ownership interest in registrant and, as an investor, in the lobbying issues listed above.",1,SENATE,True
afd21958-3eb1-43d6-8b65-1a5c5f4872a6,2024,fourth_quarter,Q4,4th Quarter - Report,2025-01-21T10:04:35-05:00,401106168,"COUPANG, INC.",211631,"COUPANG, INC.",direct_client,https://lda.gov/filings/public/filing/afd21958-3eb1-43d6-8b65-1a5c5f4872a6/print/,2,TRD,Trade (domestic/foreign),Discussion of economic benefits of Coupang's participation in and expansion to foreign markets. Encouragement of expanded SME participation in Coupang's e-commerce offering. Discussion of issues facing U.S. firms when participating in and expanding to foreign markets (no specific legislation).,"SVF Investments (UK), Ltd., identified on Registration (LD-1), has an ownership interest in registrant and, as an investor, in the lobbying issues listed above.",39,"State, Dept of (DOS)",True
afd21958-3eb1-43d6-8b65-1a5c5f4872a6,2024,fourth_quarter,Q4,4th Quarter - Report,2025-01-21T10:04:35-05:00,401106168,"COUPANG, INC.",211631,"COUPANG, INC.",direct_client,https://lda.gov/filings/public/filing/afd21958-3eb1-43d6-8b65-1a5c5f4872a6/print/,3,ECN,Economics/Economic Development,Encouragement of expanded small- and medium-sized enterprise (SME) participation in Coupang's e-commerce offering. Discussion of job creation gains made possible by Coupang's business model and innovation (no specific legislation).,"SVF Investments (UK), Ltd., identified on Registration (LD-1), has an ownership interest in registrant and, as an investor, in the lobbying issues listed above.",24,"Commerce, Dept of (DOC)",True
afd21958-3eb1-43d6-8b65-1a5c5f4872a6,2024,fourth_quarter,Q4,4th Quarter - Report,2025-01-21T10:04:35-05:00,401106168,"COUPANG, INC.",211631,"COUPANG, INC.",direct_client,https://lda.gov/filings/public/filing/afd21958-3eb1-43d6-8b65-1a5c5f4872a6/print/,3,ECN,Economics/Economic Development,Encouragement of expanded small- and medium-sized enterprise (SME) participation in Coupang's e-commerce offering. Discussion of job creation gains made possible by Coupang's business model and innovation (no specific legislation).,"SVF Investments (UK), Ltd., identified on Registration (LD-1), has an ownership interest in registrant and, as an investor, in the lobbying issues listed above.",2,HOUSE OF REPRESENTATIVES,True
afd21958-3eb1-43d6-8b65-1a5c5f4872a6,2024,fourth_quarter,Q4,4th Quarter - Report,2025-01-21T10:04:35-05:00,401106168,"COUPANG, INC.",211631,"COUPANG, INC.",direct_client,https://lda.gov/filings/public/filing/afd21958-3eb1-43d6-8b65-1a5c5f4872a6/print/,3,ECN,Economics/Economic Development,Encouragement of expanded small- and medium-sized enterprise (SME) participation in Coupang's e-commerce offering. Discussion of job creation gains made possible by Coupang's business model and innovation (no specific legislation).,"SVF Investments (UK), Ltd., identified on Registration (LD-1), has an ownership interest in registrant and, as an investor, in the lobbying issues listed above.",1,SENATE,True
afd21958-3eb1-43d6-8b65-1a5c5f4872a6,2024,fourth_quarter,Q4,4th Quarter - Report,2025-01-21T10:04:35-05:00,401106168,"COUPANG, INC.",211631,"COUPANG, INC.",direct_client,https://lda.gov/filings/public/filing/afd21958-3eb1-43d6-8b65-1a5c5f4872a6/print/,3,ECN,Economics/Economic Development,Encouragement of expanded small- and medium-sized enterprise (SME) participation in Coupang's e-commerce offering. Discussion of job creation gains made possible by Coupang's business model and innovation (no specific legislation).,"SVF Investments (UK), Ltd., identified on Registration (LD-1), has an ownership interest in registrant and, as an investor, in the lobbying issues listed above.",39,"State, Dept of (DOS)",True
276294f4-c2f1-4e08-8207-cdb57a69ef62,2024,fourth_quarter,Q4,4th Quarter - Report,2025-01-21T15:25:15-05:00,682,AKIN GUMP STRAUSS HAUER & FELD,211969,"COUPANG, INC.",direct_client,https://lda.gov/filings/public/filing/276294f4-c2f1-4e08-8207-cdb57a69ef62/print/,1,ECN,Economics/Economic Development,Advancing economic development goals through Coupangs expansion in current and new markets.,,2,HOUSE OF REPRESENTATIVES,True
276294f4-c2f1-4e08-8207-cdb57a69ef62,2024,fourth_quarter,Q4,4th Quarter - Report,2025-01-21T15:25:15-05:00,682,AKIN GUMP STRAUSS HAUER & FELD,211969,"COUPANG, INC.",direct_client,https://lda.gov/filings/public/filing/276294f4-c2f1-4e08-8207-cdb57a69ef62/print/,1,ECN,Economics/Economic Development,Advancing economic development goals through Coupangs expansion in current and new markets.,,1,SENATE,True
276294f4-c2f1-4e08-8207-cdb57a69ef62,2024,fourth_quarter,Q4,4th Quarter - Report,2025-01-21T15:25:15-05:00,682,AKIN GUMP STRAUSS HAUER & FELD,211969,"COUPANG, INC.",direct_client,https://lda.gov/filings/public/filing/276294f4-c2f1-4e08-8207-cdb57a69ef62/print/,2,TRD,Trade (domestic/foreign),Issues related to export promotion.,,2,HOUSE OF REPRESENTATIVES,True
276294f4-c2f1-4e08-8207-cdb57a69ef62,2024,fourth_quarter,Q4,4th Quarter - Report,2025-01-21T15:25:15-05:00,682,AKIN GUMP STRAUSS HAUER & FELD,211969,"COUPANG, INC.",direct_client,https://lda.gov/filings/public/filing/276294f4-c2f1-4e08-8207-cdb57a69ef62/print/,2,TRD,Trade (domestic/foreign),Issues related to export promotion.,,1,SENATE,True
18975d8f-9f25-4f5f-af99-88c77919252f,2025,first_quarter,Q1,1st Quarter - Report,2025-04-16T09:36:25-04:00,401106285,"CONTINENTAL STRATEGY, LLC",64134,COUPANG INC.,direct_client,https://lda.gov/filings/public/filing/18975d8f-9f25-4f5f-af99-88c77919252f/print/,1,ECN,Economics/Economic Development,Facilitating meetings and discussions on the expansion into foreign markets and E-commerce.,,39,"State, Dept of (DOS)",True
18975d8f-9f25-4f5f-af99-88c77919252f,2025,first_quarter,Q1,1st Quarter - Report,2025-04-16T09:36:25-04:00,401106285,"CONTINENTAL STRATEGY, LLC",64134,COUPANG INC.,direct_client,https://lda.gov/filings/public/filing/18975d8f-9f25-4f5f-af99-88c77919252f/print/,1,ECN,Economics/Economic Development,Facilitating meetings and discussions on the expansion into foreign markets and E-commerce.,,22,U.S. Trade Representative (USTR),True
18975d8f-9f25-4f5f-af99-88c77919252f,2025,first_quarter,Q1,1st Quarter - Report,2025-04-16T09:36:25-04:00,401106285,"CONTINENTAL STRATEGY, LLC",64134,COUPANG INC.,direct_client,https://lda.gov/filings/public/filing/18975d8f-9f25-4f5f-af99-88c77919252f/print/,1,ECN,Economics/Economic Development,Facilitating meetings and discussions on the expansion into foreign markets and E-commerce.,,12,White House Office,True
5fad11e6-0c8c-4430-8105-fce1c3677eea,2025,first_quarter,Q1,1st Quarter - Report,2025-04-21T14:18:54-04:00,682,AKIN GUMP STRAUSS HAUER & FELD,211969,"COUPANG, INC.",direct_client,https://lda.gov/filings/public/filing/5fad11e6-0c8c-4430-8105-fce1c3677eea/print/,1,ECN,Economics/Economic Development,Advancing economic development goals through Coupangs expansion in current and new markets.,,2,HOUSE OF REPRESENTATIVES,True
5fad11e6-0c8c-4430-8105-fce1c3677eea,2025,first_quarter,Q1,1st Quarter - Report,2025-04-21T14:18:54-04:00,682,AKIN GUMP STRAUSS HAUER & FELD,211969,"COUPANG, INC.",direct_client,https://lda.gov/filings/public/filing/5fad11e6-0c8c-4430-8105-fce1c3677eea/print/,1,ECN,Economics/Economic Development,Advancing economic development goals through Coupangs expansion in current and new markets.,,1,SENATE,True
5fad11e6-0c8c-4430-8105-fce1c3677eea,2025,first_quarter,Q1,1st Quarter - Report,2025-04-21T14:18:54-04:00,682,AKIN GUMP STRAUSS HAUER & FELD,211969,"COUPANG, INC.",direct_client,https://lda.gov/filings/public/filing/5fad11e6-0c8c-4430-8105-fce1c3677eea/print/,2,TRD,Trade (domestic/foreign),Issues related to export promotion.,,2,HOUSE OF REPRESENTATIVES,True
5fad11e6-0c8c-4430-8105-fce1c3677eea,2025,first_quarter,Q1,1st Quarter - Report,2025-04-21T14:18:54-04:00,682,AKIN GUMP STRAUSS HAUER & FELD,211969,"COUPANG, INC.",direct_client,https://lda.gov/filings/public/filing/5fad11e6-0c8c-4430-8105-fce1c3677eea/print/,2,TRD,Trade (domestic/foreign),Issues related to export promotion.,,1,SENATE,True
d6a62628-5116-407c-930b-e2ff2075e220,2025,first_quarter,Q1,1st Quarter - Report,2025-04-21T19:10:06-04:00,401106168,"COUPANG, INC.",211631,"COUPANG, INC.",direct_client,https://lda.gov/filings/public/filing/d6a62628-5116-407c-930b-e2ff2075e220/print/,1,ECN,Economics/Economic Development,Encouragement of expanded small- and medium-sized enterprise (SME) participation in Coupang's e-commerce offering. Discussion of job creation gains made possible by Coupang's business model and innovation (no specific legislation).,"SVF Investments (UK), Ltd., identified on Registration (LD-1), has an ownership interest in registrant and, as an investor, in the lobbying issues listed above.",24,"Commerce, Dept of (DOC)",True
d6a62628-5116-407c-930b-e2ff2075e220,2025,first_quarter,Q1,1st Quarter - Report,2025-04-21T19:10:06-04:00,401106168,"COUPANG, INC.",211631,"COUPANG, INC.",direct_client,https://lda.gov/filings/public/filing/d6a62628-5116-407c-930b-e2ff2075e220/print/,1,ECN,Economics/Economic Development,Encouragement of expanded small- and medium-sized enterprise (SME) participation in Coupang's e-commerce offering. Discussion of job creation gains made possible by Coupang's business model and innovation (no specific legislation).,"SVF Investments (UK), Ltd., identified on Registration (LD-1), has an ownership interest in registrant and, as an investor, in the lobbying issues listed above.",2,HOUSE OF REPRESENTATIVES,True
d6a62628-5116-407c-930b-e2ff2075e220,2025,first_quarter,Q1,1st Quarter - Report,2025-04-21T19:10:06-04:00,401106168,"COUPANG, INC.",211631,"COUPANG, INC.",direct_client,https://lda.gov/filings/public/filing/d6a62628-5116-407c-930b-e2ff2075e220/print/,1,ECN,Economics/Economic Development,Encouragement of expanded small- and medium-sized enterprise (SME) participation in Coupang's e-commerce offering. Discussion of job creation gains made possible by Coupang's business model and innovation (no specific legislation).,"SVF Investments (UK), Ltd., identified on Registration (LD-1), has an ownership interest in registrant and, as an investor, in the lobbying issues listed above.",1,SENATE,True
d6a62628-5116-407c-930b-e2ff2075e220,2025,first_quarter,Q1,1st Quarter - Report,2025-04-21T19:10:06-04:00,401106168,"COUPANG, INC.",211631,"COUPANG, INC.",direct_client,https://lda.gov/filings/public/filing/d6a62628-5116-407c-930b-e2ff2075e220/print/,1,ECN,Economics/Economic Development,Encouragement of expanded small- and medium-sized enterprise (SME) participation in Coupang's e-commerce offering. Discussion of job creation gains made possible by Coupang's business model and innovation (no specific legislation).,"SVF Investments (UK), Ltd., identified on Registration (LD-1), has an ownership interest in registrant and, as an investor, in the lobbying issues listed above.",39,"State, Dept of (DOS)",True
d6a62628-5116-407c-930b-e2ff2075e220,2025,first_quarter,Q1,1st Quarter - Report,2025-04-21T19:10:06-04:00,401106168,"COUPANG, INC.",211631,"COUPANG, INC.",direct_client,https://lda.gov/filings/public/filing/d6a62628-5116-407c-930b-e2ff2075e220/print/,1,ECN,Economics/Economic Development,Encouragement of expanded small- and medium-sized enterprise (SME) participation in Coupang's e-commerce offering. Discussion of job creation gains made possible by Coupang's business model and innovation (no specific legislation).,"SVF Investments (UK), Ltd., identified on Registration (LD-1), has an ownership interest in registrant and, as an investor, in the lobbying issues listed above.",22,U.S. Trade Representative (USTR),True
d6a62628-5116-407c-930b-e2ff2075e220,2025,first_quarter,Q1,1st Quarter - Report,2025-04-21T19:10:06-04:00,401106168,"COUPANG, INC.",211631,"COUPANG, INC.",direct_client,https://lda.gov/filings/public/filing/d6a62628-5116-407c-930b-e2ff2075e220/print/,2,SMB,Small Business,Encouragement of expanded SME participation in Coupang's e-commerce offering and increased market access (no specific legislation).,"SVF Investments (UK), Ltd., identified on Registration (LD-1), has an ownership interest in registrant and, as an investor, in the lobbying issues listed above.",24,"Commerce, Dept of (DOC)",True
d6a62628-5116-407c-930b-e2ff2075e220,2025,first_quarter,Q1,1st Quarter - Report,2025-04-21T19:10:06-04:00,401106168,"COUPANG, INC.",211631,"COUPANG, INC.",direct_client,https://lda.gov/filings/public/filing/d6a62628-5116-407c-930b-e2ff2075e220/print/,2,SMB,Small Business,Encouragement of expanded SME participation in Coupang's e-commerce offering and increased market access (no specific legislation).,"SVF Investments (UK), Ltd., identified on Registration (LD-1), has an ownership interest in registrant and, as an investor, in the lobbying issues listed above.",2,HOUSE OF REPRESENTATIVES,True
d6a62628-5116-407c-930b-e2ff2075e220,2025,first_quarter,Q1,1st Quarter - Report,2025-04-21T19:10:06-04:00,401106168,"COUPANG, INC.",211631,"COUPANG, INC.",direct_client,https://lda.gov/filings/public/filing/d6a62628-5116-407c-930b-e2ff2075e220/print/,2,SMB,Small Business,Encouragement of expanded SME participation in Coupang's e-commerce offering and increased market access (no specific legislation).,"SVF Investments (UK), Ltd., identified on Registration (LD-1), has an ownership interest in registrant and, as an investor, in the lobbying issues listed above.",1,SENATE,True
d6a62628-5116-407c-930b-e2ff2075e220,2025,first_quarter,Q1,1st Quarter - Report,2025-04-21T19:10:06-04:00,401106168,"COUPANG, INC.",211631,"COUPANG, INC.",direct_client,https://lda.gov/filings/public/filing/d6a62628-5116-407c-930b-e2ff2075e220/print/,2,SMB,Small Business,Encouragement of expanded SME participation in Coupang's e-commerce offering and increased market access (no specific legislation).,"SVF Investments (UK), Ltd., identified on Registration (LD-1), has an ownership interest in registrant and, as an investor, in the lobbying issues listed above.",39,"State, Dept of (DOS)",True
d6a62628-5116-407c-930b-e2ff2075e220,2025,first_quarter,Q1,1st Quarter - Report,2025-04-21T19:10:06-04:00,401106168,"COUPANG, INC.",211631,"COUPANG, INC.",direct_client,https://lda.gov/filings/public/filing/d6a62628-5116-407c-930b-e2ff2075e220/print/,2,SMB,Small Business,Encouragement of expanded SME participation in Coupang's e-commerce offering and increased market access (no specific legislation).,"SVF Investments (UK), Ltd., identified on Registration (LD-1), has an ownership interest in registrant and, as an investor, in the lobbying issues listed above.",22,U.S. Trade Representative (USTR),True
d6a62628-5116-407c-930b-e2ff2075e220,2025,first_quarter,Q1,1st Quarter - Report,2025-04-21T19:10:06-04:00,401106168,"COUPANG, INC.",211631,"COUPANG, INC.",direct_client,https://lda.gov/filings/public/filing/d6a62628-5116-407c-930b-e2ff2075e220/print/,3,TRD,Trade (domestic/foreign),Discussion of economic benefits of Coupang's participation in and expansion to foreign markets. Encouragement of expanded SME participation in Coupang's e-commerce offering. Discussion of issues facing U.S. firms when participating in and expanding to foreign markets (no specific legislation).,"SVF Investments (UK), Ltd., identified on Registration (LD-1), has an ownership interest in registrant and, as an investor, in the lobbying issues listed above.",24,"Commerce, Dept of (DOC)",True
d6a62628-5116-407c-930b-e2ff2075e220,2025,first_quarter,Q1,1st Quarter - Report,2025-04-21T19:10:06-04:00,401106168,"COUPANG, INC.",211631,"COUPANG, INC.",direct_client,https://lda.gov/filings/public/filing/d6a62628-5116-407c-930b-e2ff2075e220/print/,3,TRD,Trade (domestic/foreign),Discussion of economic benefits of Coupang's participation in and expansion to foreign markets. Encouragement of expanded SME participation in Coupang's e-commerce offering. Discussion of issues facing U.S. firms when participating in and expanding to foreign markets (no specific legislation).,"SVF Investments (UK), Ltd., identified on Registration (LD-1), has an ownership interest in registrant and, as an investor, in the lobbying issues listed above.",2,HOUSE OF REPRESENTATIVES,True
d6a62628-5116-407c-930b-e2ff2075e220,2025,first_quarter,Q1,1st Quarter - Report,2025-04-21T19:10:06-04:00,401106168,"COUPANG, INC.",211631,"COUPANG, INC.",direct_client,https://lda.gov/filings/public/filing/d6a62628-5116-407c-930b-e2ff2075e220/print/,3,TRD,Trade (domestic/foreign),Discussion of economic benefits of Coupang's participation in and expansion to foreign markets. Encouragement of expanded SME participation in Coupang's e-commerce offering. Discussion of issues facing U.S. firms when participating in and expanding to foreign markets (no specific legislation).,"SVF Investments (UK), Ltd., identified on Registration (LD-1), has an ownership interest in registrant and, as an investor, in the lobbying issues listed above.",16,Natl Security Council (NSC),True
d6a62628-5116-407c-930b-e2ff2075e220,2025,first_quarter,Q1,1st Quarter - Report,2025-04-21T19:10:06-04:00,401106168,"COUPANG, INC.",211631,"COUPANG, INC.",direct_client,https://lda.gov/filings/public/filing/d6a62628-5116-407c-930b-e2ff2075e220/print/,3,TRD,Trade (domestic/foreign),Discussion of economic benefits of Coupang's participation in and expansion to foreign markets. Encouragement of expanded SME participation in Coupang's e-commerce offering. Discussion of issues facing U.S. firms when participating in and expanding to foreign markets (no specific legislation).,"SVF Investments (UK), Ltd., identified on Registration (LD-1), has an ownership interest in registrant and, as an investor, in the lobbying issues listed above.",1,SENATE,True
d6a62628-5116-407c-930b-e2ff2075e220,2025,first_quarter,Q1,1st Quarter - Report,2025-04-21T19:10:06-04:00,401106168,"COUPANG, INC.",211631,"COUPANG, INC.",direct_client,https://lda.gov/filings/public/filing/d6a62628-5116-407c-930b-e2ff2075e220/print/,3,TRD,Trade (domestic/foreign),Discussion of economic benefits of Coupang's participation in and expansion to foreign markets. Encouragement of expanded SME participation in Coupang's e-commerce offering. Discussion of issues facing U.S. firms when participating in and expanding to foreign markets (no specific legislation).,"SVF Investments (UK), Ltd., identified on Registration (LD-1), has an ownership interest in registrant and, as an investor, in the lobbying issues listed above.",39,"State, Dept of (DOS)",True
d6a62628-5116-407c-930b-e2ff2075e220,2025,first_quarter,Q1,1st Quarter - Report,2025-04-21T19:10:06-04:00,401106168,"COUPANG, INC.",211631,"COUPANG, INC.",direct_client,https://lda.gov/filings/public/filing/d6a62628-5116-407c-930b-e2ff2075e220/print/,3,TRD,Trade (domestic/foreign),Discussion of economic benefits of Coupang's participation in and expansion to foreign markets. Encouragement of expanded SME participation in Coupang's e-commerce offering. Discussion of issues facing U.S. firms when participating in and expanding to foreign markets (no specific legislation).,"SVF Investments (UK), Ltd., identified on Registration (LD-1), has an ownership interest in registrant and, as an investor, in the lobbying issues listed above.",22,U.S. Trade Representative (USTR),True
2469e4d4-70a9-4ec2-bf59-899b701396c0,2025,first_quarter,Q1,1st Quarter - Report,2025-04-21T21:43:01-04:00,401104313,"MILLER STRATEGIES, LLC",63370,"COUPANG, INC.",direct_client,https://lda.gov/filings/public/filing/2469e4d4-70a9-4ec2-bf59-899b701396c0/print/,1,ECN,Economics/Economic Development,Advancing economic development goals through Coupang's expansion in current and new markets.,,109,Intl Trade Administration (ITA),True
2469e4d4-70a9-4ec2-bf59-899b701396c0,2025,first_quarter,Q1,1st Quarter - Report,2025-04-21T21:43:01-04:00,401104313,"MILLER STRATEGIES, LLC",63370,"COUPANG, INC.",direct_client,https://lda.gov/filings/public/filing/2469e4d4-70a9-4ec2-bf59-899b701396c0/print/,1,ECN,Economics/Economic Development,Advancing economic development goals through Coupang's expansion in current and new markets.,,22,U.S. Trade Representative (USTR),True
2469e4d4-70a9-4ec2-bf59-899b701396c0,2025,first_quarter,Q1,1st Quarter - Report,2025-04-21T21:43:01-04:00,401104313,"MILLER STRATEGIES, LLC",63370,"COUPANG, INC.",direct_client,https://lda.gov/filings/public/filing/2469e4d4-70a9-4ec2-bf59-899b701396c0/print/,2,TRD,Trade (domestic/foreign),Issues as they relate to export promotion.,,109,Intl Trade Administration (ITA),True
2469e4d4-70a9-4ec2-bf59-899b701396c0,2025,first_quarter,Q1,1st Quarter - Report,2025-04-21T21:43:01-04:00,401104313,"MILLER STRATEGIES, LLC",63370,"COUPANG, INC.",direct_client,https://lda.gov/filings/public/filing/2469e4d4-70a9-4ec2-bf59-899b701396c0/print/,2,TRD,Trade (domestic/foreign),Issues as they relate to export promotion.,,22,U.S. Trade Representative (USTR),True
8f3f0c3d-76df-4cfd-907a-78175ca57d5b,2025,second_quarter,Q2,2nd Quarter - Report,2025-07-18T16:16:13-04:00,401106285,"CONTINENTAL STRATEGY, LLC",64134,COUPANG INC.,direct_client,https://lda.gov/filings/public/filing/8f3f0c3d-76df-4cfd-907a-78175ca57d5b/print/,1,ECN,Economics/Economic Development,Facilitating meetings and discussions on the expansion into foreign markets and E-commerce.,,2,HOUSE OF REPRESENTATIVES,True
8f3f0c3d-76df-4cfd-907a-78175ca57d5b,2025,second_quarter,Q2,2nd Quarter - Report,2025-07-18T16:16:13-04:00,401106285,"CONTINENTAL STRATEGY, LLC",64134,COUPANG INC.,direct_client,https://lda.gov/filings/public/filing/8f3f0c3d-76df-4cfd-907a-78175ca57d5b/print/,1,ECN,Economics/Economic Development,Facilitating meetings and discussions on the expansion into foreign markets and E-commerce.,,198,Natl Economic Council (NEC),True
8f3f0c3d-76df-4cfd-907a-78175ca57d5b,2025,second_quarter,Q2,2nd Quarter - Report,2025-07-18T16:16:13-04:00,401106285,"CONTINENTAL STRATEGY, LLC",64134,COUPANG INC.,direct_client,https://lda.gov/filings/public/filing/8f3f0c3d-76df-4cfd-907a-78175ca57d5b/print/,1,ECN,Economics/Economic Development,Facilitating meetings and discussions on the expansion into foreign markets and E-commerce.,,16,Natl Security Council (NSC),True
8f3f0c3d-76df-4cfd-907a-78175ca57d5b,2025,second_quarter,Q2,2nd Quarter - Report,2025-07-18T16:16:13-04:00,401106285,"CONTINENTAL STRATEGY, LLC",64134,COUPANG INC.,direct_client,https://lda.gov/filings/public/filing/8f3f0c3d-76df-4cfd-907a-78175ca57d5b/print/,1,ECN,Economics/Economic Development,Facilitating meetings and discussions on the expansion into foreign markets and E-commerce.,,1,SENATE,True
8f3f0c3d-76df-4cfd-907a-78175ca57d5b,2025,second_quarter,Q2,2nd Quarter - Report,2025-07-18T16:16:13-04:00,401106285,"CONTINENTAL STRATEGY, LLC",64134,COUPANG INC.,direct_client,https://lda.gov/filings/public/filing/8f3f0c3d-76df-4cfd-907a-78175ca57d5b/print/,1,ECN,Economics/Economic Development,Facilitating meetings and discussions on the expansion into foreign markets and E-commerce.,,39,"State, Dept of (DOS)",True
8f3f0c3d-76df-4cfd-907a-78175ca57d5b,2025,second_quarter,Q2,2nd Quarter - Report,2025-07-18T16:16:13-04:00,401106285,"CONTINENTAL STRATEGY, LLC",64134,COUPANG INC.,direct_client,https://lda.gov/filings/public/filing/8f3f0c3d-76df-4cfd-907a-78175ca57d5b/print/,1,ECN,Economics/Economic Development,Facilitating meetings and discussions on the expansion into foreign markets and E-commerce.,,22,U.S. Trade Representative (USTR),True
f95d1984-a010-44b4-91b9-47eb25ea69bb,2025,second_quarter,Q2,2nd Quarter - Report,2025-07-21T15:44:58-04:00,682,AKIN GUMP STRAUSS HAUER & FELD,211969,"COUPANG, INC.",direct_client,https://lda.gov/filings/public/filing/f95d1984-a010-44b4-91b9-47eb25ea69bb/print/,1,ECN,Economics/Economic Development,Advancing economic development goals through Coupangs expansion in current and new markets.,,2,HOUSE OF REPRESENTATIVES,True
f95d1984-a010-44b4-91b9-47eb25ea69bb,2025,second_quarter,Q2,2nd Quarter - Report,2025-07-21T15:44:58-04:00,682,AKIN GUMP STRAUSS HAUER & FELD,211969,"COUPANG, INC.",direct_client,https://lda.gov/filings/public/filing/f95d1984-a010-44b4-91b9-47eb25ea69bb/print/,1,ECN,Economics/Economic Development,Advancing economic development goals through Coupangs expansion in current and new markets.,,1,SENATE,True
f95d1984-a010-44b4-91b9-47eb25ea69bb,2025,second_quarter,Q2,2nd Quarter - Report,2025-07-21T15:44:58-04:00,682,AKIN GUMP STRAUSS HAUER & FELD,211969,"COUPANG, INC.",direct_client,https://lda.gov/filings/public/filing/f95d1984-a010-44b4-91b9-47eb25ea69bb/print/,2,TRD,Trade (domestic/foreign),Issues related to export promotion.,,2,HOUSE OF REPRESENTATIVES,True
f95d1984-a010-44b4-91b9-47eb25ea69bb,2025,second_quarter,Q2,2nd Quarter - Report,2025-07-21T15:44:58-04:00,682,AKIN GUMP STRAUSS HAUER & FELD,211969,"COUPANG, INC.",direct_client,https://lda.gov/filings/public/filing/f95d1984-a010-44b4-91b9-47eb25ea69bb/print/,2,TRD,Trade (domestic/foreign),Issues related to export promotion.,,1,SENATE,True
5006b048-918f-41ee-a98f-7098bc992bb0,2025,second_quarter,Q2,2nd Quarter - Report,2025-07-21T17:18:26-04:00,401104313,"MILLER STRATEGIES, LLC",63370,"COUPANG, INC.",direct_client,https://lda.gov/filings/public/filing/5006b048-918f-41ee-a98f-7098bc992bb0/print/,1,ECN,Economics/Economic Development,Advancing economic development goals through Coupang's expansion in current and new markets.,,24,"Commerce, Dept of (DOC)",True
5006b048-918f-41ee-a98f-7098bc992bb0,2025,second_quarter,Q2,2nd Quarter - Report,2025-07-21T17:18:26-04:00,401104313,"MILLER STRATEGIES, LLC",63370,"COUPANG, INC.",direct_client,https://lda.gov/filings/public/filing/5006b048-918f-41ee-a98f-7098bc992bb0/print/,1,ECN,Economics/Economic Development,Advancing economic development goals through Coupang's expansion in current and new markets.,,11,Executive Office of the President (EOP),True
5006b048-918f-41ee-a98f-7098bc992bb0,2025,second_quarter,Q2,2nd Quarter - Report,2025-07-21T17:18:26-04:00,401104313,"MILLER STRATEGIES, LLC",63370,"COUPANG, INC.",direct_client,https://lda.gov/filings/public/filing/5006b048-918f-41ee-a98f-7098bc992bb0/print/,1,ECN,Economics/Economic Development,Advancing economic development goals through Coupang's expansion in current and new markets.,,2,HOUSE OF REPRESENTATIVES,True
5006b048-918f-41ee-a98f-7098bc992bb0,2025,second_quarter,Q2,2nd Quarter - Report,2025-07-21T17:18:26-04:00,401104313,"MILLER STRATEGIES, LLC",63370,"COUPANG, INC.",direct_client,https://lda.gov/filings/public/filing/5006b048-918f-41ee-a98f-7098bc992bb0/print/,1,ECN,Economics/Economic Development,Advancing economic development goals through Coupang's expansion in current and new markets.,,41,"Treasury, Dept of",True
5006b048-918f-41ee-a98f-7098bc992bb0,2025,second_quarter,Q2,2nd Quarter - Report,2025-07-21T17:18:26-04:00,401104313,"MILLER STRATEGIES, LLC",63370,"COUPANG, INC.",direct_client,https://lda.gov/filings/public/filing/5006b048-918f-41ee-a98f-7098bc992bb0/print/,1,ECN,Economics/Economic Development,Advancing economic development goals through Coupang's expansion in current and new markets.,,22,U.S. Trade Representative (USTR),True
5006b048-918f-41ee-a98f-7098bc992bb0,2025,second_quarter,Q2,2nd Quarter - Report,2025-07-21T17:18:26-04:00,401104313,"MILLER STRATEGIES, LLC",63370,"COUPANG, INC.",direct_client,https://lda.gov/filings/public/filing/5006b048-918f-41ee-a98f-7098bc992bb0/print/,2,TRD,Trade (domestic/foreign),Issues as they relate to export promotion.,,24,"Commerce, Dept of (DOC)",True
5006b048-918f-41ee-a98f-7098bc992bb0,2025,second_quarter,Q2,2nd Quarter - Report,2025-07-21T17:18:26-04:00,401104313,"MILLER STRATEGIES, LLC",63370,"COUPANG, INC.",direct_client,https://lda.gov/filings/public/filing/5006b048-918f-41ee-a98f-7098bc992bb0/print/,2,TRD,Trade (domestic/foreign),Issues as they relate to export promotion.,,11,Executive Office of the President (EOP),True
5006b048-918f-41ee-a98f-7098bc992bb0,2025,second_quarter,Q2,2nd Quarter - Report,2025-07-21T17:18:26-04:00,401104313,"MILLER STRATEGIES, LLC",63370,"COUPANG, INC.",direct_client,https://lda.gov/filings/public/filing/5006b048-918f-41ee-a98f-7098bc992bb0/print/,2,TRD,Trade (domestic/foreign),Issues as they relate to export promotion.,,2,HOUSE OF REPRESENTATIVES,True
5006b048-918f-41ee-a98f-7098bc992bb0,2025,second_quarter,Q2,2nd Quarter - Report,2025-07-21T17:18:26-04:00,401104313,"MILLER STRATEGIES, LLC",63370,"COUPANG, INC.",direct_client,https://lda.gov/filings/public/filing/5006b048-918f-41ee-a98f-7098bc992bb0/print/,2,TRD,Trade (domestic/foreign),Issues as they relate to export promotion.,,41,"Treasury, Dept of",True
5006b048-918f-41ee-a98f-7098bc992bb0,2025,second_quarter,Q2,2nd Quarter - Report,2025-07-21T17:18:26-04:00,401104313,"MILLER STRATEGIES, LLC",63370,"COUPANG, INC.",direct_client,https://lda.gov/filings/public/filing/5006b048-918f-41ee-a98f-7098bc992bb0/print/,2,TRD,Trade (domestic/foreign),Issues as they relate to export promotion.,,22,U.S. Trade Representative (USTR),True
b0183012-158e-42d0-9501-319b47a90178,2025,second_quarter,Q2,2nd Quarter - Report,2025-07-21T21:13:59-04:00,401106168,"COUPANG, INC.",211631,"COUPANG, INC.",direct_client,https://lda.gov/filings/public/filing/b0183012-158e-42d0-9501-319b47a90178/print/,1,ECN,Economics/Economic Development,Encouragement of expanded small- and medium-sized enterprise (SME) participation in Coupang's e-commerce offering. Discussion of job creation gains made possible by Coupang's business model and innovation (no specific legislation).,,24,"Commerce, Dept of (DOC)",True
b0183012-158e-42d0-9501-319b47a90178,2025,second_quarter,Q2,2nd Quarter - Report,2025-07-21T21:13:59-04:00,401106168,"COUPANG, INC.",211631,"COUPANG, INC.",direct_client,https://lda.gov/filings/public/filing/b0183012-158e-42d0-9501-319b47a90178/print/,1,ECN,Economics/Economic Development,Encouragement of expanded small- and medium-sized enterprise (SME) participation in Coupang's e-commerce offering. Discussion of job creation gains made possible by Coupang's business model and innovation (no specific legislation).,,2,HOUSE OF REPRESENTATIVES,True
b0183012-158e-42d0-9501-319b47a90178,2025,second_quarter,Q2,2nd Quarter - Report,2025-07-21T21:13:59-04:00,401106168,"COUPANG, INC.",211631,"COUPANG, INC.",direct_client,https://lda.gov/filings/public/filing/b0183012-158e-42d0-9501-319b47a90178/print/,1,ECN,Economics/Economic Development,Encouragement of expanded small- and medium-sized enterprise (SME) participation in Coupang's e-commerce offering. Discussion of job creation gains made possible by Coupang's business model and innovation (no specific legislation).,,1,SENATE,True
b0183012-158e-42d0-9501-319b47a90178,2025,second_quarter,Q2,2nd Quarter - Report,2025-07-21T21:13:59-04:00,401106168,"COUPANG, INC.",211631,"COUPANG, INC.",direct_client,https://lda.gov/filings/public/filing/b0183012-158e-42d0-9501-319b47a90178/print/,1,ECN,Economics/Economic Development,Encouragement of expanded small- and medium-sized enterprise (SME) participation in Coupang's e-commerce offering. Discussion of job creation gains made possible by Coupang's business model and innovation (no specific legislation).,,39,"State, Dept of (DOS)",True
b0183012-158e-42d0-9501-319b47a90178,2025,second_quarter,Q2,2nd Quarter - Report,2025-07-21T21:13:59-04:00,401106168,"COUPANG, INC.",211631,"COUPANG, INC.",direct_client,https://lda.gov/filings/public/filing/b0183012-158e-42d0-9501-319b47a90178/print/,1,ECN,Economics/Economic Development,Encouragement of expanded small- and medium-sized enterprise (SME) participation in Coupang's e-commerce offering. Discussion of job creation gains made possible by Coupang's business model and innovation (no specific legislation).,,41,"Treasury, Dept of",True
b0183012-158e-42d0-9501-319b47a90178,2025,second_quarter,Q2,2nd Quarter - Report,2025-07-21T21:13:59-04:00,401106168,"COUPANG, INC.",211631,"COUPANG, INC.",direct_client,https://lda.gov/filings/public/filing/b0183012-158e-42d0-9501-319b47a90178/print/,1,ECN,Economics/Economic Development,Encouragement of expanded small- and medium-sized enterprise (SME) participation in Coupang's e-commerce offering. Discussion of job creation gains made possible by Coupang's business model and innovation (no specific legislation).,,22,U.S. Trade Representative (USTR),True
b0183012-158e-42d0-9501-319b47a90178,2025,second_quarter,Q2,2nd Quarter - Report,2025-07-21T21:13:59-04:00,401106168,"COUPANG, INC.",211631,"COUPANG, INC.",direct_client,https://lda.gov/filings/public/filing/b0183012-158e-42d0-9501-319b47a90178/print/,2,SMB,Small Business,Encouragement of expanded SME participation in Coupang's e-commerce offering and increased market access (no specific legislation).,,24,"Commerce, Dept of (DOC)",True
b0183012-158e-42d0-9501-319b47a90178,2025,second_quarter,Q2,2nd Quarter - Report,2025-07-21T21:13:59-04:00,401106168,"COUPANG, INC.",211631,"COUPANG, INC.",direct_client,https://lda.gov/filings/public/filing/b0183012-158e-42d0-9501-319b47a90178/print/,2,SMB,Small Business,Encouragement of expanded SME participation in Coupang's e-commerce offering and increased market access (no specific legislation).,,2,HOUSE OF REPRESENTATIVES,True
b0183012-158e-42d0-9501-319b47a90178,2025,second_quarter,Q2,2nd Quarter - Report,2025-07-21T21:13:59-04:00,401106168,"COUPANG, INC.",211631,"COUPANG, INC.",direct_client,https://lda.gov/filings/public/filing/b0183012-158e-42d0-9501-319b47a90178/print/,2,SMB,Small Business,Encouragement of expanded SME participation in Coupang's e-commerce offering and increased market access (no specific legislation).,,1,SENATE,True
b0183012-158e-42d0-9501-319b47a90178,2025,second_quarter,Q2,2nd Quarter - Report,2025-07-21T21:13:59-04:00,401106168,"COUPANG, INC.",211631,"COUPANG, INC.",direct_client,https://lda.gov/filings/public/filing/b0183012-158e-42d0-9501-319b47a90178/print/,2,SMB,Small Business,Encouragement of expanded SME participation in Coupang's e-commerce offering and increased market access (no specific legislation).,,39,"State, Dept of (DOS)",True
b0183012-158e-42d0-9501-319b47a90178,2025,second_quarter,Q2,2nd Quarter - Report,2025-07-21T21:13:59-04:00,401106168,"COUPANG, INC.",211631,"COUPANG, INC.",direct_client,https://lda.gov/filings/public/filing/b0183012-158e-42d0-9501-319b47a90178/print/,2,SMB,Small Business,Encouragement of expanded SME participation in Coupang's e-commerce offering and increased market access (no specific legislation).,,22,U.S. Trade Representative (USTR),True
b0183012-158e-42d0-9501-319b47a90178,2025,second_quarter,Q2,2nd Quarter - Report,2025-07-21T21:13:59-04:00,401106168,"COUPANG, INC.",211631,"COUPANG, INC.",direct_client,https://lda.gov/filings/public/filing/b0183012-158e-42d0-9501-319b47a90178/print/,3,TRD,Trade (domestic/foreign),Discussion of economic benefits of Coupang's participation in and expansion to foreign markets. Encouragement of expanded SME participation in Coupang's e-commerce offering. Discussion of issues facing U.S. firms when participating in and expanding to foreign markets (no specific legislation).,,24,"Commerce, Dept of (DOC)",True
b0183012-158e-42d0-9501-319b47a90178,2025,second_quarter,Q2,2nd Quarter - Report,2025-07-21T21:13:59-04:00,401106168,"COUPANG, INC.",211631,"COUPANG, INC.",direct_client,https://lda.gov/filings/public/filing/b0183012-158e-42d0-9501-319b47a90178/print/,3,TRD,Trade (domestic/foreign),Discussion of economic benefits of Coupang's participation in and expansion to foreign markets. Encouragement of expanded SME participation in Coupang's e-commerce offering. Discussion of issues facing U.S. firms when participating in and expanding to foreign markets (no specific legislation).,,2,HOUSE OF REPRESENTATIVES,True
b0183012-158e-42d0-9501-319b47a90178,2025,second_quarter,Q2,2nd Quarter - Report,2025-07-21T21:13:59-04:00,401106168,"COUPANG, INC.",211631,"COUPANG, INC.",direct_client,https://lda.gov/filings/public/filing/b0183012-158e-42d0-9501-319b47a90178/print/,3,TRD,Trade (domestic/foreign),Discussion of economic benefits of Coupang's participation in and expansion to foreign markets. Encouragement of expanded SME participation in Coupang's e-commerce offering. Discussion of issues facing U.S. firms when participating in and expanding to foreign markets (no specific legislation).,,16,Natl Security Council (NSC),True
b0183012-158e-42d0-9501-319b47a90178,2025,second_quarter,Q2,2nd Quarter - Report,2025-07-21T21:13:59-04:00,401106168,"COUPANG, INC.",211631,"COUPANG, INC.",direct_client,https://lda.gov/filings/public/filing/b0183012-158e-42d0-9501-319b47a90178/print/,3,TRD,Trade (domestic/foreign),Discussion of economic benefits of Coupang's participation in and expansion to foreign markets. Encouragement of expanded SME participation in Coupang's e-commerce offering. Discussion of issues facing U.S. firms when participating in and expanding to foreign markets (no specific legislation).,,1,SENATE,True
b0183012-158e-42d0-9501-319b47a90178,2025,second_quarter,Q2,2nd Quarter - Report,2025-07-21T21:13:59-04:00,401106168,"COUPANG, INC.",211631,"COUPANG, INC.",direct_client,https://lda.gov/filings/public/filing/b0183012-158e-42d0-9501-319b47a90178/print/,3,TRD,Trade (domestic/foreign),Discussion of economic benefits of Coupang's participation in and expansion to foreign markets. Encouragement of expanded SME participation in Coupang's e-commerce offering. Discussion of issues facing U.S. firms when participating in and expanding to foreign markets (no specific legislation).,,39,"State, Dept of (DOS)",True
b0183012-158e-42d0-9501-319b47a90178,2025,second_quarter,Q2,2nd Quarter - Report,2025-07-21T21:13:59-04:00,401106168,"COUPANG, INC.",211631,"COUPANG, INC.",direct_client,https://lda.gov/filings/public/filing/b0183012-158e-42d0-9501-319b47a90178/print/,3,TRD,Trade (domestic/foreign),Discussion of economic benefits of Coupang's participation in and expansion to foreign markets. Encouragement of expanded SME participation in Coupang's e-commerce offering. Discussion of issues facing U.S. firms when participating in and expanding to foreign markets (no specific legislation).,,22,U.S. Trade Representative (USTR),True
2ae293de-2e5a-49d9-8e74-d21f7afb70ca,2025,second_quarter,Q2,2nd Quarter - Report,2025-08-12T13:51:45-04:00,308775,MONUMENT ADVOCACY,68107,COUPANG,direct_client,https://lda.gov/filings/public/filing/2ae293de-2e5a-49d9-8e74-d21f7afb70ca/print/,1,TRD,Trade (domestic/foreign),Issues related to e-commerce and digital trade.,,2,HOUSE OF REPRESENTATIVES,True
2ae293de-2e5a-49d9-8e74-d21f7afb70ca,2025,second_quarter,Q2,2nd Quarter - Report,2025-08-12T13:51:45-04:00,308775,MONUMENT ADVOCACY,68107,COUPANG,direct_client,https://lda.gov/filings/public/filing/2ae293de-2e5a-49d9-8e74-d21f7afb70ca/print/,1,TRD,Trade (domestic/foreign),Issues related to e-commerce and digital trade.,,1,SENATE,True
917c9af5-7029-4a3a-b0cf-8e86f82f5b24,2025,third_quarter,Q3,3rd Quarter - Report,2025-10-20T09:40:28-04:00,308775,MONUMENT ADVOCACY,68107,COUPANG,direct_client,https://lda.gov/filings/public/filing/917c9af5-7029-4a3a-b0cf-8e86f82f5b24/print/,1,TRD,Trade (domestic/foreign),Issues related to e-commerce and export and trade promotion.,,2,HOUSE OF REPRESENTATIVES,True
917c9af5-7029-4a3a-b0cf-8e86f82f5b24,2025,third_quarter,Q3,3rd Quarter - Report,2025-10-20T09:40:28-04:00,308775,MONUMENT ADVOCACY,68107,COUPANG,direct_client,https://lda.gov/filings/public/filing/917c9af5-7029-4a3a-b0cf-8e86f82f5b24/print/,1,TRD,Trade (domestic/foreign),Issues related to e-commerce and export and trade promotion.,,1,SENATE,True
c01ba3a2-146b-4fbc-8a67-3ffa7df88238,2025,third_quarter,Q3,3rd Quarter - Report,2025-10-20T10:17:08-04:00,682,AKIN GUMP STRAUSS HAUER & FELD,211969,"COUPANG, INC.",direct_client,https://lda.gov/filings/public/filing/c01ba3a2-146b-4fbc-8a67-3ffa7df88238/print/,1,ECN,Economics/Economic Development,Issues related to advancing economic development goals through Coupangs expansion in current and new markets.,,23,"Agriculture, Dept of (USDA)",True
c01ba3a2-146b-4fbc-8a67-3ffa7df88238,2025,third_quarter,Q3,3rd Quarter - Report,2025-10-20T10:17:08-04:00,682,AKIN GUMP STRAUSS HAUER & FELD,211969,"COUPANG, INC.",direct_client,https://lda.gov/filings/public/filing/c01ba3a2-146b-4fbc-8a67-3ffa7df88238/print/,1,ECN,Economics/Economic Development,Issues related to advancing economic development goals through Coupangs expansion in current and new markets.,,24,"Commerce, Dept of (DOC)",True
c01ba3a2-146b-4fbc-8a67-3ffa7df88238,2025,third_quarter,Q3,3rd Quarter - Report,2025-10-20T10:17:08-04:00,682,AKIN GUMP STRAUSS HAUER & FELD,211969,"COUPANG, INC.",direct_client,https://lda.gov/filings/public/filing/c01ba3a2-146b-4fbc-8a67-3ffa7df88238/print/,1,ECN,Economics/Economic Development,Issues related to advancing economic development goals through Coupangs expansion in current and new markets.,,2,HOUSE OF REPRESENTATIVES,True
c01ba3a2-146b-4fbc-8a67-3ffa7df88238,2025,third_quarter,Q3,3rd Quarter - Report,2025-10-20T10:17:08-04:00,682,AKIN GUMP STRAUSS HAUER & FELD,211969,"COUPANG, INC.",direct_client,https://lda.gov/filings/public/filing/c01ba3a2-146b-4fbc-8a67-3ffa7df88238/print/,1,ECN,Economics/Economic Development,Issues related to advancing economic development goals through Coupangs expansion in current and new markets.,,1,SENATE,True
c01ba3a2-146b-4fbc-8a67-3ffa7df88238,2025,third_quarter,Q3,3rd Quarter - Report,2025-10-20T10:17:08-04:00,682,AKIN GUMP STRAUSS HAUER & FELD,211969,"COUPANG, INC.",direct_client,https://lda.gov/filings/public/filing/c01ba3a2-146b-4fbc-8a67-3ffa7df88238/print/,1,ECN,Economics/Economic Development,Issues related to advancing economic development goals through Coupangs expansion in current and new markets.,,22,U.S. Trade Representative (USTR),True
c01ba3a2-146b-4fbc-8a67-3ffa7df88238,2025,third_quarter,Q3,3rd Quarter - Report,2025-10-20T10:17:08-04:00,682,AKIN GUMP STRAUSS HAUER & FELD,211969,"COUPANG, INC.",direct_client,https://lda.gov/filings/public/filing/c01ba3a2-146b-4fbc-8a67-3ffa7df88238/print/,2,TRD,Trade (domestic/foreign),Issues related to export promotion.,,23,"Agriculture, Dept of (USDA)",True
c01ba3a2-146b-4fbc-8a67-3ffa7df88238,2025,third_quarter,Q3,3rd Quarter - Report,2025-10-20T10:17:08-04:00,682,AKIN GUMP STRAUSS HAUER & FELD,211969,"COUPANG, INC.",direct_client,https://lda.gov/filings/public/filing/c01ba3a2-146b-4fbc-8a67-3ffa7df88238/print/,2,TRD,Trade (domestic/foreign),Issues related to export promotion.,,24,"Commerce, Dept of (DOC)",True
c01ba3a2-146b-4fbc-8a67-3ffa7df88238,2025,third_quarter,Q3,3rd Quarter - Report,2025-10-20T10:17:08-04:00,682,AKIN GUMP STRAUSS HAUER & FELD,211969,"COUPANG, INC.",direct_client,https://lda.gov/filings/public/filing/c01ba3a2-146b-4fbc-8a67-3ffa7df88238/print/,2,TRD,Trade (domestic/foreign),Issues related to export promotion.,,2,HOUSE OF REPRESENTATIVES,True
c01ba3a2-146b-4fbc-8a67-3ffa7df88238,2025,third_quarter,Q3,3rd Quarter - Report,2025-10-20T10:17:08-04:00,682,AKIN GUMP STRAUSS HAUER & FELD,211969,"COUPANG, INC.",direct_client,https://lda.gov/filings/public/filing/c01ba3a2-146b-4fbc-8a67-3ffa7df88238/print/,2,TRD,Trade (domestic/foreign),Issues related to export promotion.,,1,SENATE,True
c01ba3a2-146b-4fbc-8a67-3ffa7df88238,2025,third_quarter,Q3,3rd Quarter - Report,2025-10-20T10:17:08-04:00,682,AKIN GUMP STRAUSS HAUER & FELD,211969,"COUPANG, INC.",direct_client,https://lda.gov/filings/public/filing/c01ba3a2-146b-4fbc-8a67-3ffa7df88238/print/,2,TRD,Trade (domestic/foreign),Issues related to export promotion.,,22,U.S. Trade Representative (USTR),True
65109ac3-bb3b-401c-9c7f-6563b9c7372d,2025,third_quarter,Q3,3rd Quarter - Report,2025-10-20T12:31:15-04:00,401104313,"MILLER STRATEGIES, LLC",63370,"COUPANG, INC.",direct_client,https://lda.gov/filings/public/filing/65109ac3-bb3b-401c-9c7f-6563b9c7372d/print/,1,ECN,Economics/Economic Development,Advancing economic development goals through Coupang's expansion in current and new markets.,,24,"Commerce, Dept of (DOC)",True
65109ac3-bb3b-401c-9c7f-6563b9c7372d,2025,third_quarter,Q3,3rd Quarter - Report,2025-10-20T12:31:15-04:00,401104313,"MILLER STRATEGIES, LLC",63370,"COUPANG, INC.",direct_client,https://lda.gov/filings/public/filing/65109ac3-bb3b-401c-9c7f-6563b9c7372d/print/,1,ECN,Economics/Economic Development,Advancing economic development goals through Coupang's expansion in current and new markets.,,11,Executive Office of the President (EOP),True
65109ac3-bb3b-401c-9c7f-6563b9c7372d,2025,third_quarter,Q3,3rd Quarter - Report,2025-10-20T12:31:15-04:00,401104313,"MILLER STRATEGIES, LLC",63370,"COUPANG, INC.",direct_client,https://lda.gov/filings/public/filing/65109ac3-bb3b-401c-9c7f-6563b9c7372d/print/,1,ECN,Economics/Economic Development,Advancing economic development goals through Coupang's expansion in current and new markets.,,41,"Treasury, Dept of",True
65109ac3-bb3b-401c-9c7f-6563b9c7372d,2025,third_quarter,Q3,3rd Quarter - Report,2025-10-20T12:31:15-04:00,401104313,"MILLER STRATEGIES, LLC",63370,"COUPANG, INC.",direct_client,https://lda.gov/filings/public/filing/65109ac3-bb3b-401c-9c7f-6563b9c7372d/print/,2,TRD,Trade (domestic/foreign),Issues as they relate to export promotion.,,24,"Commerce, Dept of (DOC)",True
65109ac3-bb3b-401c-9c7f-6563b9c7372d,2025,third_quarter,Q3,3rd Quarter - Report,2025-10-20T12:31:15-04:00,401104313,"MILLER STRATEGIES, LLC",63370,"COUPANG, INC.",direct_client,https://lda.gov/filings/public/filing/65109ac3-bb3b-401c-9c7f-6563b9c7372d/print/,2,TRD,Trade (domestic/foreign),Issues as they relate to export promotion.,,11,Executive Office of the President (EOP),True
65109ac3-bb3b-401c-9c7f-6563b9c7372d,2025,third_quarter,Q3,3rd Quarter - Report,2025-10-20T12:31:15-04:00,401104313,"MILLER STRATEGIES, LLC",63370,"COUPANG, INC.",direct_client,https://lda.gov/filings/public/filing/65109ac3-bb3b-401c-9c7f-6563b9c7372d/print/,2,TRD,Trade (domestic/foreign),Issues as they relate to export promotion.,,41,"Treasury, Dept of",True
8efbef6e-e53b-4fb6-b888-58e074ffe1b5,2025,third_quarter,Q3,3rd Quarter - Report,2025-10-20T12:52:24-04:00,401106285,"CONTINENTAL STRATEGY, LLC",64134,COUPANG INC.,direct_client,https://lda.gov/filings/public/filing/8efbef6e-e53b-4fb6-b888-58e074ffe1b5/print/,1,ECN,Economics/Economic Development,Facilitating meetings and discussions on the expansion into foreign markets and E-commerce.,,24,"Commerce, Dept of (DOC)",True
8efbef6e-e53b-4fb6-b888-58e074ffe1b5,2025,third_quarter,Q3,3rd Quarter - Report,2025-10-20T12:52:24-04:00,401106285,"CONTINENTAL STRATEGY, LLC",64134,COUPANG INC.,direct_client,https://lda.gov/filings/public/filing/8efbef6e-e53b-4fb6-b888-58e074ffe1b5/print/,1,ECN,Economics/Economic Development,Facilitating meetings and discussions on the expansion into foreign markets and E-commerce.,,22,U.S. Trade Representative (USTR),True
f852f554-8c83-404b-8e79-309613e03c66,2025,third_quarter,Q3,3rd Quarter - Report,2025-10-20T20:30:37-04:00,401106168,"COUPANG, INC.",211631,"COUPANG, INC.",direct_client,https://lda.gov/filings/public/filing/f852f554-8c83-404b-8e79-309613e03c66/print/,1,ECN,Economics/Economic Development,"Discussions regarding expanded use of Coupang's digital, retail, and logistics offerings by American SMEs, large businesses, and agricultural producers. Discussions regarding U.S. job creation and economic growth made possible by Coupang's business model and innovation (no specific legislation).",,23,"Agriculture, Dept of (USDA)",True
f852f554-8c83-404b-8e79-309613e03c66,2025,third_quarter,Q3,3rd Quarter - Report,2025-10-20T20:30:37-04:00,401106168,"COUPANG, INC.",211631,"COUPANG, INC.",direct_client,https://lda.gov/filings/public/filing/f852f554-8c83-404b-8e79-309613e03c66/print/,1,ECN,Economics/Economic Development,"Discussions regarding expanded use of Coupang's digital, retail, and logistics offerings by American SMEs, large businesses, and agricultural producers. Discussions regarding U.S. job creation and economic growth made possible by Coupang's business model and innovation (no specific legislation).",,24,"Commerce, Dept of (DOC)",True
f852f554-8c83-404b-8e79-309613e03c66,2025,third_quarter,Q3,3rd Quarter - Report,2025-10-20T20:30:37-04:00,401106168,"COUPANG, INC.",211631,"COUPANG, INC.",direct_client,https://lda.gov/filings/public/filing/f852f554-8c83-404b-8e79-309613e03c66/print/,1,ECN,Economics/Economic Development,"Discussions regarding expanded use of Coupang's digital, retail, and logistics offerings by American SMEs, large businesses, and agricultural producers. Discussions regarding U.S. job creation and economic growth made possible by Coupang's business model and innovation (no specific legislation).",,2,HOUSE OF REPRESENTATIVES,True
f852f554-8c83-404b-8e79-309613e03c66,2025,third_quarter,Q3,3rd Quarter - Report,2025-10-20T20:30:37-04:00,401106168,"COUPANG, INC.",211631,"COUPANG, INC.",direct_client,https://lda.gov/filings/public/filing/f852f554-8c83-404b-8e79-309613e03c66/print/,1,ECN,Economics/Economic Development,"Discussions regarding expanded use of Coupang's digital, retail, and logistics offerings by American SMEs, large businesses, and agricultural producers. Discussions regarding U.S. job creation and economic growth made possible by Coupang's business model and innovation (no specific legislation).",,1,SENATE,True
f852f554-8c83-404b-8e79-309613e03c66,2025,third_quarter,Q3,3rd Quarter - Report,2025-10-20T20:30:37-04:00,401106168,"COUPANG, INC.",211631,"COUPANG, INC.",direct_client,https://lda.gov/filings/public/filing/f852f554-8c83-404b-8e79-309613e03c66/print/,1,ECN,Economics/Economic Development,"Discussions regarding expanded use of Coupang's digital, retail, and logistics offerings by American SMEs, large businesses, and agricultural producers. Discussions regarding U.S. job creation and economic growth made possible by Coupang's business model and innovation (no specific legislation).",,39,"State, Dept of (DOS)",True
f852f554-8c83-404b-8e79-309613e03c66,2025,third_quarter,Q3,3rd Quarter - Report,2025-10-20T20:30:37-04:00,401106168,"COUPANG, INC.",211631,"COUPANG, INC.",direct_client,https://lda.gov/filings/public/filing/f852f554-8c83-404b-8e79-309613e03c66/print/,1,ECN,Economics/Economic Development,"Discussions regarding expanded use of Coupang's digital, retail, and logistics offerings by American SMEs, large businesses, and agricultural producers. Discussions regarding U.S. job creation and economic growth made possible by Coupang's business model and innovation (no specific legislation).",,41,"Treasury, Dept of",True
f852f554-8c83-404b-8e79-309613e03c66,2025,third_quarter,Q3,3rd Quarter - Report,2025-10-20T20:30:37-04:00,401106168,"COUPANG, INC.",211631,"COUPANG, INC.",direct_client,https://lda.gov/filings/public/filing/f852f554-8c83-404b-8e79-309613e03c66/print/,1,ECN,Economics/Economic Development,"Discussions regarding expanded use of Coupang's digital, retail, and logistics offerings by American SMEs, large businesses, and agricultural producers. Discussions regarding U.S. job creation and economic growth made possible by Coupang's business model and innovation (no specific legislation).",,22,U.S. Trade Representative (USTR),True
f852f554-8c83-404b-8e79-309613e03c66,2025,third_quarter,Q3,3rd Quarter - Report,2025-10-20T20:30:37-04:00,401106168,"COUPANG, INC.",211631,"COUPANG, INC.",direct_client,https://lda.gov/filings/public/filing/f852f554-8c83-404b-8e79-309613e03c66/print/,2,TRD,Trade (domestic/foreign),"Discussions regarding U.S. export promotion and efforts to increase trade and investment flows between countries in North America, Asia, and Europe (no specific legislation). Discussions regarding international economic policy issues related to trade promotion (no specific legislation). Discussions regarding efforts to strengthen economic and commercial ties between the United States and allied countries like South Korea, Taiwan, Japan, the UK, and the European Union (no specific legislation).",,23,"Agriculture, Dept of (USDA)",True
f852f554-8c83-404b-8e79-309613e03c66,2025,third_quarter,Q3,3rd Quarter - Report,2025-10-20T20:30:37-04:00,401106168,"COUPANG, INC.",211631,"COUPANG, INC.",direct_client,https://lda.gov/filings/public/filing/f852f554-8c83-404b-8e79-309613e03c66/print/,2,TRD,Trade (domestic/foreign),"Discussions regarding U.S. export promotion and efforts to increase trade and investment flows between countries in North America, Asia, and Europe (no specific legislation). Discussions regarding international economic policy issues related to trade promotion (no specific legislation). Discussions regarding efforts to strengthen economic and commercial ties between the United States and allied countries like South Korea, Taiwan, Japan, the UK, and the European Union (no specific legislation).",,24,"Commerce, Dept of (DOC)",True
f852f554-8c83-404b-8e79-309613e03c66,2025,third_quarter,Q3,3rd Quarter - Report,2025-10-20T20:30:37-04:00,401106168,"COUPANG, INC.",211631,"COUPANG, INC.",direct_client,https://lda.gov/filings/public/filing/f852f554-8c83-404b-8e79-309613e03c66/print/,2,TRD,Trade (domestic/foreign),"Discussions regarding U.S. export promotion and efforts to increase trade and investment flows between countries in North America, Asia, and Europe (no specific legislation). Discussions regarding international economic policy issues related to trade promotion (no specific legislation). Discussions regarding efforts to strengthen economic and commercial ties between the United States and allied countries like South Korea, Taiwan, Japan, the UK, and the European Union (no specific legislation).",,2,HOUSE OF REPRESENTATIVES,True
f852f554-8c83-404b-8e79-309613e03c66,2025,third_quarter,Q3,3rd Quarter - Report,2025-10-20T20:30:37-04:00,401106168,"COUPANG, INC.",211631,"COUPANG, INC.",direct_client,https://lda.gov/filings/public/filing/f852f554-8c83-404b-8e79-309613e03c66/print/,2,TRD,Trade (domestic/foreign),"Discussions regarding U.S. export promotion and efforts to increase trade and investment flows between countries in North America, Asia, and Europe (no specific legislation). Discussions regarding international economic policy issues related to trade promotion (no specific legislation). Discussions regarding efforts to strengthen economic and commercial ties between the United States and allied countries like South Korea, Taiwan, Japan, the UK, and the European Union (no specific legislation).",,16,Natl Security Council (NSC),True
f852f554-8c83-404b-8e79-309613e03c66,2025,third_quarter,Q3,3rd Quarter - Report,2025-10-20T20:30:37-04:00,401106168,"COUPANG, INC.",211631,"COUPANG, INC.",direct_client,https://lda.gov/filings/public/filing/f852f554-8c83-404b-8e79-309613e03c66/print/,2,TRD,Trade (domestic/foreign),"Discussions regarding U.S. export promotion and efforts to increase trade and investment flows between countries in North America, Asia, and Europe (no specific legislation). Discussions regarding international economic policy issues related to trade promotion (no specific legislation). Discussions regarding efforts to strengthen economic and commercial ties between the United States and allied countries like South Korea, Taiwan, Japan, the UK, and the European Union (no specific legislation).",,1,SENATE,True
f852f554-8c83-404b-8e79-309613e03c66,2025,third_quarter,Q3,3rd Quarter - Report,2025-10-20T20:30:37-04:00,401106168,"COUPANG, INC.",211631,"COUPANG, INC.",direct_client,https://lda.gov/filings/public/filing/f852f554-8c83-404b-8e79-309613e03c66/print/,2,TRD,Trade (domestic/foreign),"Discussions regarding U.S. export promotion and efforts to increase trade and investment flows between countries in North America, Asia, and Europe (no specific legislation). Discussions regarding international economic policy issues related to trade promotion (no specific legislation). Discussions regarding efforts to strengthen economic and commercial ties between the United States and allied countries like South Korea, Taiwan, Japan, the UK, and the European Union (no specific legislation).",,39,"State, Dept of (DOS)",True
f852f554-8c83-404b-8e79-309613e03c66,2025,third_quarter,Q3,3rd Quarter - Report,2025-10-20T20:30:37-04:00,401106168,"COUPANG, INC.",211631,"COUPANG, INC.",direct_client,https://lda.gov/filings/public/filing/f852f554-8c83-404b-8e79-309613e03c66/print/,2,TRD,Trade (domestic/foreign),"Discussions regarding U.S. export promotion and efforts to increase trade and investment flows between countries in North America, Asia, and Europe (no specific legislation). Discussions regarding international economic policy issues related to trade promotion (no specific legislation). Discussions regarding efforts to strengthen economic and commercial ties between the United States and allied countries like South Korea, Taiwan, Japan, the UK, and the European Union (no specific legislation).",,22,U.S. Trade Representative (USTR),True
8c060cf7-8e46-4be5-83ef-e47b655f0a9d,2025,fourth_quarter,Q4,4th Quarter - Report,2026-01-19T12:26:37-05:00,401106285,"CONTINENTAL STRATEGY, LLC",64134,COUPANG INC.,direct_client,https://lda.gov/filings/public/filing/8c060cf7-8e46-4be5-83ef-e47b655f0a9d/print/,1,ECN,Economics/Economic Development,Facilitating meetings and discussions on the expansion into foreign markets and E-commerce.,,24,"Commerce, Dept of (DOC)",True
8c060cf7-8e46-4be5-83ef-e47b655f0a9d,2025,fourth_quarter,Q4,4th Quarter - Report,2026-01-19T12:26:37-05:00,401106285,"CONTINENTAL STRATEGY, LLC",64134,COUPANG INC.,direct_client,https://lda.gov/filings/public/filing/8c060cf7-8e46-4be5-83ef-e47b655f0a9d/print/,1,ECN,Economics/Economic Development,Facilitating meetings and discussions on the expansion into foreign markets and E-commerce.,,11,Executive Office of the President (EOP),True
8c060cf7-8e46-4be5-83ef-e47b655f0a9d,2025,fourth_quarter,Q4,4th Quarter - Report,2026-01-19T12:26:37-05:00,401106285,"CONTINENTAL STRATEGY, LLC",64134,COUPANG INC.,direct_client,https://lda.gov/filings/public/filing/8c060cf7-8e46-4be5-83ef-e47b655f0a9d/print/,1,ECN,Economics/Economic Development,Facilitating meetings and discussions on the expansion into foreign markets and E-commerce.,,39,"State, Dept of (DOS)",True
8c060cf7-8e46-4be5-83ef-e47b655f0a9d,2025,fourth_quarter,Q4,4th Quarter - Report,2026-01-19T12:26:37-05:00,401106285,"CONTINENTAL STRATEGY, LLC",64134,COUPANG INC.,direct_client,https://lda.gov/filings/public/filing/8c060cf7-8e46-4be5-83ef-e47b655f0a9d/print/,1,ECN,Economics/Economic Development,Facilitating meetings and discussions on the expansion into foreign markets and E-commerce.,,41,"Treasury, Dept of",True
8bd9e258-ab0e-4830-980a-ddfe4049b370,2025,fourth_quarter,Q4,4th Quarter - Report,2026-01-20T10:14:45-05:00,682,AKIN GUMP STRAUSS HAUER & FELD,211969,"COUPANG, INC.",direct_client,https://lda.gov/filings/public/filing/8bd9e258-ab0e-4830-980a-ddfe4049b370/print/,1,ECN,Economics/Economic Development,Issues related to advancing economic development goals through Coupangs expansion in current and new markets.,,2,HOUSE OF REPRESENTATIVES,True
8bd9e258-ab0e-4830-980a-ddfe4049b370,2025,fourth_quarter,Q4,4th Quarter - Report,2026-01-20T10:14:45-05:00,682,AKIN GUMP STRAUSS HAUER & FELD,211969,"COUPANG, INC.",direct_client,https://lda.gov/filings/public/filing/8bd9e258-ab0e-4830-980a-ddfe4049b370/print/,1,ECN,Economics/Economic Development,Issues related to advancing economic development goals through Coupangs expansion in current and new markets.,,1,SENATE,True
8bd9e258-ab0e-4830-980a-ddfe4049b370,2025,fourth_quarter,Q4,4th Quarter - Report,2026-01-20T10:14:45-05:00,682,AKIN GUMP STRAUSS HAUER & FELD,211969,"COUPANG, INC.",direct_client,https://lda.gov/filings/public/filing/8bd9e258-ab0e-4830-980a-ddfe4049b370/print/,1,ECN,Economics/Economic Development,Issues related to advancing economic development goals through Coupangs expansion in current and new markets.,,22,U.S. Trade Representative (USTR),True
8bd9e258-ab0e-4830-980a-ddfe4049b370,2025,fourth_quarter,Q4,4th Quarter - Report,2026-01-20T10:14:45-05:00,682,AKIN GUMP STRAUSS HAUER & FELD,211969,"COUPANG, INC.",direct_client,https://lda.gov/filings/public/filing/8bd9e258-ab0e-4830-980a-ddfe4049b370/print/,2,TRD,Trade (domestic/foreign),Issues related to export promotion.,,2,HOUSE OF REPRESENTATIVES,True
8bd9e258-ab0e-4830-980a-ddfe4049b370,2025,fourth_quarter,Q4,4th Quarter - Report,2026-01-20T10:14:45-05:00,682,AKIN GUMP STRAUSS HAUER & FELD,211969,"COUPANG, INC.",direct_client,https://lda.gov/filings/public/filing/8bd9e258-ab0e-4830-980a-ddfe4049b370/print/,2,TRD,Trade (domestic/foreign),Issues related to export promotion.,,1,SENATE,True
8bd9e258-ab0e-4830-980a-ddfe4049b370,2025,fourth_quarter,Q4,4th Quarter - Report,2026-01-20T10:14:45-05:00,682,AKIN GUMP STRAUSS HAUER & FELD,211969,"COUPANG, INC.",direct_client,https://lda.gov/filings/public/filing/8bd9e258-ab0e-4830-980a-ddfe4049b370/print/,2,TRD,Trade (domestic/foreign),Issues related to export promotion.,,22,U.S. Trade Representative (USTR),True
b314f385-0076-412e-96dc-e77c77fed203,2025,fourth_quarter,Q4,4th Quarter - Report,2026-01-20T12:18:50-05:00,308775,MONUMENT ADVOCACY,68107,COUPANG,direct_client,https://lda.gov/filings/public/filing/b314f385-0076-412e-96dc-e77c77fed203/print/,1,TRD,Trade (domestic/foreign),Issues related to e-commerce and export and trade promotion.,,2,HOUSE OF REPRESENTATIVES,True
b314f385-0076-412e-96dc-e77c77fed203,2025,fourth_quarter,Q4,4th Quarter - Report,2026-01-20T12:18:50-05:00,308775,MONUMENT ADVOCACY,68107,COUPANG,direct_client,https://lda.gov/filings/public/filing/b314f385-0076-412e-96dc-e77c77fed203/print/,1,TRD,Trade (domestic/foreign),Issues related to e-commerce and export and trade promotion.,,1,SENATE,True
6a1648ef-2f34-49e7-86aa-4c52063c0c09,2025,fourth_quarter,Q4,4th Quarter - Report,2026-01-20T12:21:31-05:00,401104313,"MILLER STRATEGIES, LLC",63370,"COUPANG, INC.",direct_client,https://lda.gov/filings/public/filing/6a1648ef-2f34-49e7-86aa-4c52063c0c09/print/,1,ECN,Economics/Economic Development,Advancing economic development goals through Coupang's expansion in current and new markets.,,24,"Commerce, Dept of (DOC)",True
6a1648ef-2f34-49e7-86aa-4c52063c0c09,2025,fourth_quarter,Q4,4th Quarter - Report,2026-01-20T12:21:31-05:00,401104313,"MILLER STRATEGIES, LLC",63370,"COUPANG, INC.",direct_client,https://lda.gov/filings/public/filing/6a1648ef-2f34-49e7-86aa-4c52063c0c09/print/,1,ECN,Economics/Economic Development,Advancing economic development goals through Coupang's expansion in current and new markets.,,39,"State, Dept of (DOS)",True
6a1648ef-2f34-49e7-86aa-4c52063c0c09,2025,fourth_quarter,Q4,4th Quarter - Report,2026-01-20T12:21:31-05:00,401104313,"MILLER STRATEGIES, LLC",63370,"COUPANG, INC.",direct_client,https://lda.gov/filings/public/filing/6a1648ef-2f34-49e7-86aa-4c52063c0c09/print/,1,ECN,Economics/Economic Development,Advancing economic development goals through Coupang's expansion in current and new markets.,,22,U.S. Trade Representative (USTR),True
6a1648ef-2f34-49e7-86aa-4c52063c0c09,2025,fourth_quarter,Q4,4th Quarter - Report,2026-01-20T12:21:31-05:00,401104313,"MILLER STRATEGIES, LLC",63370,"COUPANG, INC.",direct_client,https://lda.gov/filings/public/filing/6a1648ef-2f34-49e7-86aa-4c52063c0c09/print/,2,TRD,Trade (domestic/foreign),Issues as they relate to export promotion.,,24,"Commerce, Dept of (DOC)",True
6a1648ef-2f34-49e7-86aa-4c52063c0c09,2025,fourth_quarter,Q4,4th Quarter - Report,2026-01-20T12:21:31-05:00,401104313,"MILLER STRATEGIES, LLC",63370,"COUPANG, INC.",direct_client,https://lda.gov/filings/public/filing/6a1648ef-2f34-49e7-86aa-4c52063c0c09/print/,2,TRD,Trade (domestic/foreign),Issues as they relate to export promotion.,,39,"State, Dept of (DOS)",True
6a1648ef-2f34-49e7-86aa-4c52063c0c09,2025,fourth_quarter,Q4,4th Quarter - Report,2026-01-20T12:21:31-05:00,401104313,"MILLER STRATEGIES, LLC",63370,"COUPANG, INC.",direct_client,https://lda.gov/filings/public/filing/6a1648ef-2f34-49e7-86aa-4c52063c0c09/print/,2,TRD,Trade (domestic/foreign),Issues as they relate to export promotion.,,22,U.S. Trade Representative (USTR),True
77d080b1-32cb-4c3a-909b-508b7f2737fc,2025,fourth_quarter,Q4,4th Quarter - Report,2026-01-20T20:58:09-05:00,401106168,"COUPANG, INC.",211631,"COUPANG, INC.",direct_client,https://lda.gov/filings/public/filing/77d080b1-32cb-4c3a-909b-508b7f2737fc/print/,1,ECN,Economics/Economic Development,"Discussions regarding expanded use of Coupang's digital, retail, and logistics offerings by American SMEs, large businesses, and agricultural producers. Discussions regarding U.S. job creation and economic growth made possible by Coupang's business model and innovation (no specific legislation).",,23,"Agriculture, Dept of (USDA)",True
77d080b1-32cb-4c3a-909b-508b7f2737fc,2025,fourth_quarter,Q4,4th Quarter - Report,2026-01-20T20:58:09-05:00,401106168,"COUPANG, INC.",211631,"COUPANG, INC.",direct_client,https://lda.gov/filings/public/filing/77d080b1-32cb-4c3a-909b-508b7f2737fc/print/,1,ECN,Economics/Economic Development,"Discussions regarding expanded use of Coupang's digital, retail, and logistics offerings by American SMEs, large businesses, and agricultural producers. Discussions regarding U.S. job creation and economic growth made possible by Coupang's business model and innovation (no specific legislation).",,24,"Commerce, Dept of (DOC)",True
77d080b1-32cb-4c3a-909b-508b7f2737fc,2025,fourth_quarter,Q4,4th Quarter - Report,2026-01-20T20:58:09-05:00,401106168,"COUPANG, INC.",211631,"COUPANG, INC.",direct_client,https://lda.gov/filings/public/filing/77d080b1-32cb-4c3a-909b-508b7f2737fc/print/,1,ECN,Economics/Economic Development,"Discussions regarding expanded use of Coupang's digital, retail, and logistics offerings by American SMEs, large businesses, and agricultural producers. Discussions regarding U.S. job creation and economic growth made possible by Coupang's business model and innovation (no specific legislation).",,2,HOUSE OF REPRESENTATIVES,True
77d080b1-32cb-4c3a-909b-508b7f2737fc,2025,fourth_quarter,Q4,4th Quarter - Report,2026-01-20T20:58:09-05:00,401106168,"COUPANG, INC.",211631,"COUPANG, INC.",direct_client,https://lda.gov/filings/public/filing/77d080b1-32cb-4c3a-909b-508b7f2737fc/print/,1,ECN,Economics/Economic Development,"Discussions regarding expanded use of Coupang's digital, retail, and logistics offerings by American SMEs, large businesses, and agricultural producers. Discussions regarding U.S. job creation and economic growth made possible by Coupang's business model and innovation (no specific legislation).",,1,SENATE,True
77d080b1-32cb-4c3a-909b-508b7f2737fc,2025,fourth_quarter,Q4,4th Quarter - Report,2026-01-20T20:58:09-05:00,401106168,"COUPANG, INC.",211631,"COUPANG, INC.",direct_client,https://lda.gov/filings/public/filing/77d080b1-32cb-4c3a-909b-508b7f2737fc/print/,1,ECN,Economics/Economic Development,"Discussions regarding expanded use of Coupang's digital, retail, and logistics offerings by American SMEs, large businesses, and agricultural producers. Discussions regarding U.S. job creation and economic growth made possible by Coupang's business model and innovation (no specific legislation).",,90,Small Business Administration (SBA),True
77d080b1-32cb-4c3a-909b-508b7f2737fc,2025,fourth_quarter,Q4,4th Quarter - Report,2026-01-20T20:58:09-05:00,401106168,"COUPANG, INC.",211631,"COUPANG, INC.",direct_client,https://lda.gov/filings/public/filing/77d080b1-32cb-4c3a-909b-508b7f2737fc/print/,1,ECN,Economics/Economic Development,"Discussions regarding expanded use of Coupang's digital, retail, and logistics offerings by American SMEs, large businesses, and agricultural producers. Discussions regarding U.S. job creation and economic growth made possible by Coupang's business model and innovation (no specific legislation).",,39,"State, Dept of (DOS)",True
77d080b1-32cb-4c3a-909b-508b7f2737fc,2025,fourth_quarter,Q4,4th Quarter - Report,2026-01-20T20:58:09-05:00,401106168,"COUPANG, INC.",211631,"COUPANG, INC.",direct_client,https://lda.gov/filings/public/filing/77d080b1-32cb-4c3a-909b-508b7f2737fc/print/,1,ECN,Economics/Economic Development,"Discussions regarding expanded use of Coupang's digital, retail, and logistics offerings by American SMEs, large businesses, and agricultural producers. Discussions regarding U.S. job creation and economic growth made possible by Coupang's business model and innovation (no specific legislation).",,41,"Treasury, Dept of",True
77d080b1-32cb-4c3a-909b-508b7f2737fc,2025,fourth_quarter,Q4,4th Quarter - Report,2026-01-20T20:58:09-05:00,401106168,"COUPANG, INC.",211631,"COUPANG, INC.",direct_client,https://lda.gov/filings/public/filing/77d080b1-32cb-4c3a-909b-508b7f2737fc/print/,1,ECN,Economics/Economic Development,"Discussions regarding expanded use of Coupang's digital, retail, and logistics offerings by American SMEs, large businesses, and agricultural producers. Discussions regarding U.S. job creation and economic growth made possible by Coupang's business model and innovation (no specific legislation).",,22,U.S. Trade Representative (USTR),True
77d080b1-32cb-4c3a-909b-508b7f2737fc,2025,fourth_quarter,Q4,4th Quarter - Report,2026-01-20T20:58:09-05:00,401106168,"COUPANG, INC.",211631,"COUPANG, INC.",direct_client,https://lda.gov/filings/public/filing/77d080b1-32cb-4c3a-909b-508b7f2737fc/print/,2,TRD,Trade (domestic/foreign),"Discussions regarding U.S. export promotion and efforts to increase trade and investment flows between countries in North America, Asia, and Europe (no specific legislation). Discussions regarding international economic policy issues related to trade promotion (no specific legislation). Discussions regarding efforts to strengthen economic and commercial ties between the United States and allied countries like South Korea, Taiwan, Japan, the UK, and the European Union (no specific legislation).",,23,"Agriculture, Dept of (USDA)",True
77d080b1-32cb-4c3a-909b-508b7f2737fc,2025,fourth_quarter,Q4,4th Quarter - Report,2026-01-20T20:58:09-05:00,401106168,"COUPANG, INC.",211631,"COUPANG, INC.",direct_client,https://lda.gov/filings/public/filing/77d080b1-32cb-4c3a-909b-508b7f2737fc/print/,2,TRD,Trade (domestic/foreign),"Discussions regarding U.S. export promotion and efforts to increase trade and investment flows between countries in North America, Asia, and Europe (no specific legislation). Discussions regarding international economic policy issues related to trade promotion (no specific legislation). Discussions regarding efforts to strengthen economic and commercial ties between the United States and allied countries like South Korea, Taiwan, Japan, the UK, and the European Union (no specific legislation).",,24,"Commerce, Dept of (DOC)",True
77d080b1-32cb-4c3a-909b-508b7f2737fc,2025,fourth_quarter,Q4,4th Quarter - Report,2026-01-20T20:58:09-05:00,401106168,"COUPANG, INC.",211631,"COUPANG, INC.",direct_client,https://lda.gov/filings/public/filing/77d080b1-32cb-4c3a-909b-508b7f2737fc/print/,2,TRD,Trade (domestic/foreign),"Discussions regarding U.S. export promotion and efforts to increase trade and investment flows between countries in North America, Asia, and Europe (no specific legislation). Discussions regarding international economic policy issues related to trade promotion (no specific legislation). Discussions regarding efforts to strengthen economic and commercial ties between the United States and allied countries like South Korea, Taiwan, Japan, the UK, and the European Union (no specific legislation).",,2,HOUSE OF REPRESENTATIVES,True
77d080b1-32cb-4c3a-909b-508b7f2737fc,2025,fourth_quarter,Q4,4th Quarter - Report,2026-01-20T20:58:09-05:00,401106168,"COUPANG, INC.",211631,"COUPANG, INC.",direct_client,https://lda.gov/filings/public/filing/77d080b1-32cb-4c3a-909b-508b7f2737fc/print/,2,TRD,Trade (domestic/foreign),"Discussions regarding U.S. export promotion and efforts to increase trade and investment flows between countries in North America, Asia, and Europe (no specific legislation). Discussions regarding international economic policy issues related to trade promotion (no specific legislation). Discussions regarding efforts to strengthen economic and commercial ties between the United States and allied countries like South Korea, Taiwan, Japan, the UK, and the European Union (no specific legislation).",,16,Natl Security Council (NSC),True
77d080b1-32cb-4c3a-909b-508b7f2737fc,2025,fourth_quarter,Q4,4th Quarter - Report,2026-01-20T20:58:09-05:00,401106168,"COUPANG, INC.",211631,"COUPANG, INC.",direct_client,https://lda.gov/filings/public/filing/77d080b1-32cb-4c3a-909b-508b7f2737fc/print/,2,TRD,Trade (domestic/foreign),"Discussions regarding U.S. export promotion and efforts to increase trade and investment flows between countries in North America, Asia, and Europe (no specific legislation). Discussions regarding international economic policy issues related to trade promotion (no specific legislation). Discussions regarding efforts to strengthen economic and commercial ties between the United States and allied countries like South Korea, Taiwan, Japan, the UK, and the European Union (no specific legislation).",,1,SENATE,True
77d080b1-32cb-4c3a-909b-508b7f2737fc,2025,fourth_quarter,Q4,4th Quarter - Report,2026-01-20T20:58:09-05:00,401106168,"COUPANG, INC.",211631,"COUPANG, INC.",direct_client,https://lda.gov/filings/public/filing/77d080b1-32cb-4c3a-909b-508b7f2737fc/print/,2,TRD,Trade (domestic/foreign),"Discussions regarding U.S. export promotion and efforts to increase trade and investment flows between countries in North America, Asia, and Europe (no specific legislation). Discussions regarding international economic policy issues related to trade promotion (no specific legislation). Discussions regarding efforts to strengthen economic and commercial ties between the United States and allied countries like South Korea, Taiwan, Japan, the UK, and the European Union (no specific legislation).",,90,Small Business Administration (SBA),True
77d080b1-32cb-4c3a-909b-508b7f2737fc,2025,fourth_quarter,Q4,4th Quarter - Report,2026-01-20T20:58:09-05:00,401106168,"COUPANG, INC.",211631,"COUPANG, INC.",direct_client,https://lda.gov/filings/public/filing/77d080b1-32cb-4c3a-909b-508b7f2737fc/print/,2,TRD,Trade (domestic/foreign),"Discussions regarding U.S. export promotion and efforts to increase trade and investment flows between countries in North America, Asia, and Europe (no specific legislation). Discussions regarding international economic policy issues related to trade promotion (no specific legislation). Discussions regarding efforts to strengthen economic and commercial ties between the United States and allied countries like South Korea, Taiwan, Japan, the UK, and the European Union (no specific legislation).",,39,"State, Dept of (DOS)",True
77d080b1-32cb-4c3a-909b-508b7f2737fc,2025,fourth_quarter,Q4,4th Quarter - Report,2026-01-20T20:58:09-05:00,401106168,"COUPANG, INC.",211631,"COUPANG, INC.",direct_client,https://lda.gov/filings/public/filing/77d080b1-32cb-4c3a-909b-508b7f2737fc/print/,2,TRD,Trade (domestic/foreign),"Discussions regarding U.S. export promotion and efforts to increase trade and investment flows between countries in North America, Asia, and Europe (no specific legislation). Discussions regarding international economic policy issues related to trade promotion (no specific legislation). Discussions regarding efforts to strengthen economic and commercial ties between the United States and allied countries like South Korea, Taiwan, Japan, the UK, and the European Union (no specific legislation).",,41,"Treasury, Dept of",True
77d080b1-32cb-4c3a-909b-508b7f2737fc,2025,fourth_quarter,Q4,4th Quarter - Report,2026-01-20T20:58:09-05:00,401106168,"COUPANG, INC.",211631,"COUPANG, INC.",direct_client,https://lda.gov/filings/public/filing/77d080b1-32cb-4c3a-909b-508b7f2737fc/print/,2,TRD,Trade (domestic/foreign),"Discussions regarding U.S. export promotion and efforts to increase trade and investment flows between countries in North America, Asia, and Europe (no specific legislation). Discussions regarding international economic policy issues related to trade promotion (no specific legislation). Discussions regarding efforts to strengthen economic and commercial ties between the United States and allied countries like South Korea, Taiwan, Japan, the UK, and the European Union (no specific legislation).",,22,U.S. Trade Representative (USTR),True
77d080b1-32cb-4c3a-909b-508b7f2737fc,2025,fourth_quarter,Q4,4th Quarter - Report,2026-01-20T20:58:09-05:00,401106168,"COUPANG, INC.",211631,"COUPANG, INC.",direct_client,https://lda.gov/filings/public/filing/77d080b1-32cb-4c3a-909b-508b7f2737fc/print/,3,IMM,Immigration,"Issues related to general business immigration policy. H. R. 4687, Partner with Korea Act.",,2,HOUSE OF REPRESENTATIVES,True
4f23a7cd-17c8-4bdd-a8b2-e1858f129908,2026,first_quarter,1T,1st Quarter - Termination,2026-01-30T21:20:07-05:00,682,AKIN GUMP STRAUSS HAUER & FELD,211969,"COUPANG, INC.",direct_client,https://lda.gov/filings/public/filing/4f23a7cd-17c8-4bdd-a8b2-e1858f129908/print/,1,TRD,Trade (domestic/foreign),Issues related to export promotion.,,2,HOUSE OF REPRESENTATIVES,False
4f23a7cd-17c8-4bdd-a8b2-e1858f129908,2026,first_quarter,1T,1st Quarter - Termination,2026-01-30T21:20:07-05:00,682,AKIN GUMP STRAUSS HAUER & FELD,211969,"COUPANG, INC.",direct_client,https://lda.gov/filings/public/filing/4f23a7cd-17c8-4bdd-a8b2-e1858f129908/print/,1,TRD,Trade (domestic/foreign),Issues related to export promotion.,,1,SENATE,False
d5b565ea-4e0c-47ca-8762-0e6e6b4242de,2026,first_quarter,Q1,1st Quarter - Report,2026-04-15T18:35:57-04:00,401104288,BALLARD PARTNERS,71985,"COUPANG, INC.",direct_client,https://lda.gov/filings/public/filing/d5b565ea-4e0c-47ca-8762-0e6e6b4242de/print/,1,ECN,Economics/Economic Development,"Issues related to U.S. export promotion, international economic policy, and investment flows. Discussions regarding efforts to strengthen economic and commercial ties between the United States and allied countries such as South Korea, Taiwan, Japan, the UK, and the European Union.",,24,"Commerce, Dept of (DOC)",True
d5b565ea-4e0c-47ca-8762-0e6e6b4242de,2026,first_quarter,Q1,1st Quarter - Report,2026-04-15T18:35:57-04:00,401104288,BALLARD PARTNERS,71985,"COUPANG, INC.",direct_client,https://lda.gov/filings/public/filing/d5b565ea-4e0c-47ca-8762-0e6e6b4242de/print/,1,ECN,Economics/Economic Development,"Issues related to U.S. export promotion, international economic policy, and investment flows. Discussions regarding efforts to strengthen economic and commercial ties between the United States and allied countries such as South Korea, Taiwan, Japan, the UK, and the European Union.",,22,U.S. Trade Representative (USTR),True
d5b565ea-4e0c-47ca-8762-0e6e6b4242de,2026,first_quarter,Q1,1st Quarter - Report,2026-04-15T18:35:57-04:00,401104288,BALLARD PARTNERS,71985,"COUPANG, INC.",direct_client,https://lda.gov/filings/public/filing/d5b565ea-4e0c-47ca-8762-0e6e6b4242de/print/,1,ECN,Economics/Economic Development,"Issues related to U.S. export promotion, international economic policy, and investment flows. Discussions regarding efforts to strengthen economic and commercial ties between the United States and allied countries such as South Korea, Taiwan, Japan, the UK, and the European Union.",,12,White House Office,True
9b5ccb50-00ad-45f2-bbc1-ecbfcdb4f70a,2026,first_quarter,Q1,1st Quarter - Report,2026-04-17T12:47:53-04:00,41454,"WILLIAMS AND JENSEN, PLLC",71887,"COUPANG, INC.",direct_client,https://lda.gov/filings/public/filing/9b5ccb50-00ad-45f2-bbc1-ecbfcdb4f70a/print/,1,TRD,Trade (domestic/foreign),"Issues related to U.S. export promotion, international economic policy, and improving economic and commercial ties between the United States and allied nations, particularly in Asia.",,2,HOUSE OF REPRESENTATIVES,True
9b5ccb50-00ad-45f2-bbc1-ecbfcdb4f70a,2026,first_quarter,Q1,1st Quarter - Report,2026-04-17T12:47:53-04:00,41454,"WILLIAMS AND JENSEN, PLLC",71887,"COUPANG, INC.",direct_client,https://lda.gov/filings/public/filing/9b5ccb50-00ad-45f2-bbc1-ecbfcdb4f70a/print/,1,TRD,Trade (domestic/foreign),"Issues related to U.S. export promotion, international economic policy, and improving economic and commercial ties between the United States and allied nations, particularly in Asia.",,1,SENATE,True
c0e6d02a-03c9-4305-900c-4c7f79423822,2026,first_quarter,Q1,1st Quarter - Report,2026-04-17T15:03:33-04:00,401106285,"CONTINENTAL STRATEGY, LLC",64134,COUPANG INC.,direct_client,https://lda.gov/filings/public/filing/c0e6d02a-03c9-4305-900c-4c7f79423822/print/,1,ECN,Economics/Economic Development,Facilitating meetings and discussions on the expansion into foreign markets and E-commerce.,,24,"Commerce, Dept of (DOC)",True
c0e6d02a-03c9-4305-900c-4c7f79423822,2026,first_quarter,Q1,1st Quarter - Report,2026-04-17T15:03:33-04:00,401106285,"CONTINENTAL STRATEGY, LLC",64134,COUPANG INC.,direct_client,https://lda.gov/filings/public/filing/c0e6d02a-03c9-4305-900c-4c7f79423822/print/,1,ECN,Economics/Economic Development,Facilitating meetings and discussions on the expansion into foreign markets and E-commerce.,,11,Executive Office of the President (EOP),True
c0e6d02a-03c9-4305-900c-4c7f79423822,2026,first_quarter,Q1,1st Quarter - Report,2026-04-17T15:03:33-04:00,401106285,"CONTINENTAL STRATEGY, LLC",64134,COUPANG INC.,direct_client,https://lda.gov/filings/public/filing/c0e6d02a-03c9-4305-900c-4c7f79423822/print/,1,ECN,Economics/Economic Development,Facilitating meetings and discussions on the expansion into foreign markets and E-commerce.,,1,SENATE,True
c0e6d02a-03c9-4305-900c-4c7f79423822,2026,first_quarter,Q1,1st Quarter - Report,2026-04-17T15:03:33-04:00,401106285,"CONTINENTAL STRATEGY, LLC",64134,COUPANG INC.,direct_client,https://lda.gov/filings/public/filing/c0e6d02a-03c9-4305-900c-4c7f79423822/print/,1,ECN,Economics/Economic Development,Facilitating meetings and discussions on the expansion into foreign markets and E-commerce.,,39,"State, Dept of (DOS)",True
c0e6d02a-03c9-4305-900c-4c7f79423822,2026,first_quarter,Q1,1st Quarter - Report,2026-04-17T15:03:33-04:00,401106285,"CONTINENTAL STRATEGY, LLC",64134,COUPANG INC.,direct_client,https://lda.gov/filings/public/filing/c0e6d02a-03c9-4305-900c-4c7f79423822/print/,1,ECN,Economics/Economic Development,Facilitating meetings and discussions on the expansion into foreign markets and E-commerce.,,41,"Treasury, Dept of",True
c0e6d02a-03c9-4305-900c-4c7f79423822,2026,first_quarter,Q1,1st Quarter - Report,2026-04-17T15:03:33-04:00,401106285,"CONTINENTAL STRATEGY, LLC",64134,COUPANG INC.,direct_client,https://lda.gov/filings/public/filing/c0e6d02a-03c9-4305-900c-4c7f79423822/print/,1,ECN,Economics/Economic Development,Facilitating meetings and discussions on the expansion into foreign markets and E-commerce.,,22,U.S. Trade Representative (USTR),True
79280409-68e5-40e2-a8db-6989b1c7fc9a,2026,first_quarter,Q1,1st Quarter - Report,2026-04-17T17:02:39-04:00,401106168,"COUPANG, INC.",211631,"COUPANG, INC.",direct_client,https://lda.gov/filings/public/filing/79280409-68e5-40e2-a8db-6989b1c7fc9a/print/,1,IMM,Immigration,"Issues related to general business immigration policy. H. R. 4687, Partner with Korea Act.",,2,HOUSE OF REPRESENTATIVES,True
79280409-68e5-40e2-a8db-6989b1c7fc9a,2026,first_quarter,Q1,1st Quarter - Report,2026-04-17T17:02:39-04:00,401106168,"COUPANG, INC.",211631,"COUPANG, INC.",direct_client,https://lda.gov/filings/public/filing/79280409-68e5-40e2-a8db-6989b1c7fc9a/print/,2,ECN,Economics/Economic Development,"Discussions regarding expanded use of Coupang's digital, retail, and logistics offerings by American SMEs, large businesses, and agricultural producers. Discussions regarding U.S. job creation and economic growth made possible by Coupang's business model and innovation (no specific legislation).",,23,"Agriculture, Dept of (USDA)",True
79280409-68e5-40e2-a8db-6989b1c7fc9a,2026,first_quarter,Q1,1st Quarter - Report,2026-04-17T17:02:39-04:00,401106168,"COUPANG, INC.",211631,"COUPANG, INC.",direct_client,https://lda.gov/filings/public/filing/79280409-68e5-40e2-a8db-6989b1c7fc9a/print/,2,ECN,Economics/Economic Development,"Discussions regarding expanded use of Coupang's digital, retail, and logistics offerings by American SMEs, large businesses, and agricultural producers. Discussions regarding U.S. job creation and economic growth made possible by Coupang's business model and innovation (no specific legislation).",,24,"Commerce, Dept of (DOC)",True
79280409-68e5-40e2-a8db-6989b1c7fc9a,2026,first_quarter,Q1,1st Quarter - Report,2026-04-17T17:02:39-04:00,401106168,"COUPANG, INC.",211631,"COUPANG, INC.",direct_client,https://lda.gov/filings/public/filing/79280409-68e5-40e2-a8db-6989b1c7fc9a/print/,2,ECN,Economics/Economic Development,"Discussions regarding expanded use of Coupang's digital, retail, and logistics offerings by American SMEs, large businesses, and agricultural producers. Discussions regarding U.S. job creation and economic growth made possible by Coupang's business model and innovation (no specific legislation).",,2,HOUSE OF REPRESENTATIVES,True
79280409-68e5-40e2-a8db-6989b1c7fc9a,2026,first_quarter,Q1,1st Quarter - Report,2026-04-17T17:02:39-04:00,401106168,"COUPANG, INC.",211631,"COUPANG, INC.",direct_client,https://lda.gov/filings/public/filing/79280409-68e5-40e2-a8db-6989b1c7fc9a/print/,2,ECN,Economics/Economic Development,"Discussions regarding expanded use of Coupang's digital, retail, and logistics offerings by American SMEs, large businesses, and agricultural producers. Discussions regarding U.S. job creation and economic growth made possible by Coupang's business model and innovation (no specific legislation).",,1,SENATE,True
79280409-68e5-40e2-a8db-6989b1c7fc9a,2026,first_quarter,Q1,1st Quarter - Report,2026-04-17T17:02:39-04:00,401106168,"COUPANG, INC.",211631,"COUPANG, INC.",direct_client,https://lda.gov/filings/public/filing/79280409-68e5-40e2-a8db-6989b1c7fc9a/print/,2,ECN,Economics/Economic Development,"Discussions regarding expanded use of Coupang's digital, retail, and logistics offerings by American SMEs, large businesses, and agricultural producers. Discussions regarding U.S. job creation and economic growth made possible by Coupang's business model and innovation (no specific legislation).",,90,Small Business Administration (SBA),True
79280409-68e5-40e2-a8db-6989b1c7fc9a,2026,first_quarter,Q1,1st Quarter - Report,2026-04-17T17:02:39-04:00,401106168,"COUPANG, INC.",211631,"COUPANG, INC.",direct_client,https://lda.gov/filings/public/filing/79280409-68e5-40e2-a8db-6989b1c7fc9a/print/,2,ECN,Economics/Economic Development,"Discussions regarding expanded use of Coupang's digital, retail, and logistics offerings by American SMEs, large businesses, and agricultural producers. Discussions regarding U.S. job creation and economic growth made possible by Coupang's business model and innovation (no specific legislation).",,39,"State, Dept of (DOS)",True
79280409-68e5-40e2-a8db-6989b1c7fc9a,2026,first_quarter,Q1,1st Quarter - Report,2026-04-17T17:02:39-04:00,401106168,"COUPANG, INC.",211631,"COUPANG, INC.",direct_client,https://lda.gov/filings/public/filing/79280409-68e5-40e2-a8db-6989b1c7fc9a/print/,2,ECN,Economics/Economic Development,"Discussions regarding expanded use of Coupang's digital, retail, and logistics offerings by American SMEs, large businesses, and agricultural producers. Discussions regarding U.S. job creation and economic growth made possible by Coupang's business model and innovation (no specific legislation).",,41,"Treasury, Dept of",True
79280409-68e5-40e2-a8db-6989b1c7fc9a,2026,first_quarter,Q1,1st Quarter - Report,2026-04-17T17:02:39-04:00,401106168,"COUPANG, INC.",211631,"COUPANG, INC.",direct_client,https://lda.gov/filings/public/filing/79280409-68e5-40e2-a8db-6989b1c7fc9a/print/,2,ECN,Economics/Economic Development,"Discussions regarding expanded use of Coupang's digital, retail, and logistics offerings by American SMEs, large businesses, and agricultural producers. Discussions regarding U.S. job creation and economic growth made possible by Coupang's business model and innovation (no specific legislation).",,22,U.S. Trade Representative (USTR),True
79280409-68e5-40e2-a8db-6989b1c7fc9a,2026,first_quarter,Q1,1st Quarter - Report,2026-04-17T17:02:39-04:00,401106168,"COUPANG, INC.",211631,"COUPANG, INC.",direct_client,https://lda.gov/filings/public/filing/79280409-68e5-40e2-a8db-6989b1c7fc9a/print/,3,TRD,Trade (domestic/foreign),"Discussions regarding U.S. export promotion and efforts to increase trade and investment flows between countries in North America, Asia, and Europe (no specific legislation). Discussions regarding international economic policy issues related to trade promotion (no specific legislation). Discussions regarding efforts to strengthen economic and commercial ties between the United States and allied countries like South Korea, Taiwan, Japan, the UK, and the European Union (no specific legislation).",,23,"Agriculture, Dept of (USDA)",True
79280409-68e5-40e2-a8db-6989b1c7fc9a,2026,first_quarter,Q1,1st Quarter - Report,2026-04-17T17:02:39-04:00,401106168,"COUPANG, INC.",211631,"COUPANG, INC.",direct_client,https://lda.gov/filings/public/filing/79280409-68e5-40e2-a8db-6989b1c7fc9a/print/,3,TRD,Trade (domestic/foreign),"Discussions regarding U.S. export promotion and efforts to increase trade and investment flows between countries in North America, Asia, and Europe (no specific legislation). Discussions regarding international economic policy issues related to trade promotion (no specific legislation). Discussions regarding efforts to strengthen economic and commercial ties between the United States and allied countries like South Korea, Taiwan, Japan, the UK, and the European Union (no specific legislation).",,24,"Commerce, Dept of (DOC)",True
79280409-68e5-40e2-a8db-6989b1c7fc9a,2026,first_quarter,Q1,1st Quarter - Report,2026-04-17T17:02:39-04:00,401106168,"COUPANG, INC.",211631,"COUPANG, INC.",direct_client,https://lda.gov/filings/public/filing/79280409-68e5-40e2-a8db-6989b1c7fc9a/print/,3,TRD,Trade (domestic/foreign),"Discussions regarding U.S. export promotion and efforts to increase trade and investment flows between countries in North America, Asia, and Europe (no specific legislation). Discussions regarding international economic policy issues related to trade promotion (no specific legislation). Discussions regarding efforts to strengthen economic and commercial ties between the United States and allied countries like South Korea, Taiwan, Japan, the UK, and the European Union (no specific legislation).",,2,HOUSE OF REPRESENTATIVES,True
79280409-68e5-40e2-a8db-6989b1c7fc9a,2026,first_quarter,Q1,1st Quarter - Report,2026-04-17T17:02:39-04:00,401106168,"COUPANG, INC.",211631,"COUPANG, INC.",direct_client,https://lda.gov/filings/public/filing/79280409-68e5-40e2-a8db-6989b1c7fc9a/print/,3,TRD,Trade (domestic/foreign),"Discussions regarding U.S. export promotion and efforts to increase trade and investment flows between countries in North America, Asia, and Europe (no specific legislation). Discussions regarding international economic policy issues related to trade promotion (no specific legislation). Discussions regarding efforts to strengthen economic and commercial ties between the United States and allied countries like South Korea, Taiwan, Japan, the UK, and the European Union (no specific legislation).",,16,Natl Security Council (NSC),True
79280409-68e5-40e2-a8db-6989b1c7fc9a,2026,first_quarter,Q1,1st Quarter - Report,2026-04-17T17:02:39-04:00,401106168,"COUPANG, INC.",211631,"COUPANG, INC.",direct_client,https://lda.gov/filings/public/filing/79280409-68e5-40e2-a8db-6989b1c7fc9a/print/,3,TRD,Trade (domestic/foreign),"Discussions regarding U.S. export promotion and efforts to increase trade and investment flows between countries in North America, Asia, and Europe (no specific legislation). Discussions regarding international economic policy issues related to trade promotion (no specific legislation). Discussions regarding efforts to strengthen economic and commercial ties between the United States and allied countries like South Korea, Taiwan, Japan, the UK, and the European Union (no specific legislation).",,1,SENATE,True
79280409-68e5-40e2-a8db-6989b1c7fc9a,2026,first_quarter,Q1,1st Quarter - Report,2026-04-17T17:02:39-04:00,401106168,"COUPANG, INC.",211631,"COUPANG, INC.",direct_client,https://lda.gov/filings/public/filing/79280409-68e5-40e2-a8db-6989b1c7fc9a/print/,3,TRD,Trade (domestic/foreign),"Discussions regarding U.S. export promotion and efforts to increase trade and investment flows between countries in North America, Asia, and Europe (no specific legislation). Discussions regarding international economic policy issues related to trade promotion (no specific legislation). Discussions regarding efforts to strengthen economic and commercial ties between the United States and allied countries like South Korea, Taiwan, Japan, the UK, and the European Union (no specific legislation).",,90,Small Business Administration (SBA),True
79280409-68e5-40e2-a8db-6989b1c7fc9a,2026,first_quarter,Q1,1st Quarter - Report,2026-04-17T17:02:39-04:00,401106168,"COUPANG, INC.",211631,"COUPANG, INC.",direct_client,https://lda.gov/filings/public/filing/79280409-68e5-40e2-a8db-6989b1c7fc9a/print/,3,TRD,Trade (domestic/foreign),"Discussions regarding U.S. export promotion and efforts to increase trade and investment flows between countries in North America, Asia, and Europe (no specific legislation). Discussions regarding international economic policy issues related to trade promotion (no specific legislation). Discussions regarding efforts to strengthen economic and commercial ties between the United States and allied countries like South Korea, Taiwan, Japan, the UK, and the European Union (no specific legislation).",,39,"State, Dept of (DOS)",True
79280409-68e5-40e2-a8db-6989b1c7fc9a,2026,first_quarter,Q1,1st Quarter - Report,2026-04-17T17:02:39-04:00,401106168,"COUPANG, INC.",211631,"COUPANG, INC.",direct_client,https://lda.gov/filings/public/filing/79280409-68e5-40e2-a8db-6989b1c7fc9a/print/,3,TRD,Trade (domestic/foreign),"Discussions regarding U.S. export promotion and efforts to increase trade and investment flows between countries in North America, Asia, and Europe (no specific legislation). Discussions regarding international economic policy issues related to trade promotion (no specific legislation). Discussions regarding efforts to strengthen economic and commercial ties between the United States and allied countries like South Korea, Taiwan, Japan, the UK, and the European Union (no specific legislation).",,41,"Treasury, Dept of",True
79280409-68e5-40e2-a8db-6989b1c7fc9a,2026,first_quarter,Q1,1st Quarter - Report,2026-04-17T17:02:39-04:00,401106168,"COUPANG, INC.",211631,"COUPANG, INC.",direct_client,https://lda.gov/filings/public/filing/79280409-68e5-40e2-a8db-6989b1c7fc9a/print/,3,TRD,Trade (domestic/foreign),"Discussions regarding U.S. export promotion and efforts to increase trade and investment flows between countries in North America, Asia, and Europe (no specific legislation). Discussions regarding international economic policy issues related to trade promotion (no specific legislation). Discussions regarding efforts to strengthen economic and commercial ties between the United States and allied countries like South Korea, Taiwan, Japan, the UK, and the European Union (no specific legislation).",,22,U.S. Trade Representative (USTR),True
0e829113-4b16-4fd7-ae5a-38093a92414d,2026,first_quarter,1@,1st Quarter - Termination Amendment,2026-04-19T22:41:48-04:00,682,AKIN GUMP STRAUSS HAUER & FELD,211969,"COUPANG, INC.",direct_client,https://lda.gov/filings/public/filing/0e829113-4b16-4fd7-ae5a-38093a92414d/print/,1,TRD,Trade (domestic/foreign),Issues related to export promotion.,,2,HOUSE OF REPRESENTATIVES,True
0e829113-4b16-4fd7-ae5a-38093a92414d,2026,first_quarter,1@,1st Quarter - Termination Amendment,2026-04-19T22:41:48-04:00,682,AKIN GUMP STRAUSS HAUER & FELD,211969,"COUPANG, INC.",direct_client,https://lda.gov/filings/public/filing/0e829113-4b16-4fd7-ae5a-38093a92414d/print/,1,TRD,Trade (domestic/foreign),Issues related to export promotion.,,1,SENATE,True
6ee2163f-6b8c-49b8-b022-b6874ab41643,2026,first_quarter,Q1,1st Quarter - Report,2026-04-20T11:59:07-04:00,401104313,"MILLER STRATEGIES, LLC",63370,"COUPANG, INC.",direct_client,https://lda.gov/filings/public/filing/6ee2163f-6b8c-49b8-b022-b6874ab41643/print/,1,TRD,Trade (domestic/foreign),Issues as they relate to export promotion.,,24,"Commerce, Dept of (DOC)",True
6ee2163f-6b8c-49b8-b022-b6874ab41643,2026,first_quarter,Q1,1st Quarter - Report,2026-04-20T11:59:07-04:00,401104313,"MILLER STRATEGIES, LLC",63370,"COUPANG, INC.",direct_client,https://lda.gov/filings/public/filing/6ee2163f-6b8c-49b8-b022-b6874ab41643/print/,1,TRD,Trade (domestic/foreign),Issues as they relate to export promotion.,,11,Executive Office of the President (EOP),True
6ee2163f-6b8c-49b8-b022-b6874ab41643,2026,first_quarter,Q1,1st Quarter - Report,2026-04-20T11:59:07-04:00,401104313,"MILLER STRATEGIES, LLC",63370,"COUPANG, INC.",direct_client,https://lda.gov/filings/public/filing/6ee2163f-6b8c-49b8-b022-b6874ab41643/print/,1,TRD,Trade (domestic/foreign),Issues as they relate to export promotion.,,1,SENATE,True
6ee2163f-6b8c-49b8-b022-b6874ab41643,2026,first_quarter,Q1,1st Quarter - Report,2026-04-20T11:59:07-04:00,401104313,"MILLER STRATEGIES, LLC",63370,"COUPANG, INC.",direct_client,https://lda.gov/filings/public/filing/6ee2163f-6b8c-49b8-b022-b6874ab41643/print/,1,TRD,Trade (domestic/foreign),Issues as they relate to export promotion.,,39,"State, Dept of (DOS)",True
6ee2163f-6b8c-49b8-b022-b6874ab41643,2026,first_quarter,Q1,1st Quarter - Report,2026-04-20T11:59:07-04:00,401104313,"MILLER STRATEGIES, LLC",63370,"COUPANG, INC.",direct_client,https://lda.gov/filings/public/filing/6ee2163f-6b8c-49b8-b022-b6874ab41643/print/,1,TRD,Trade (domestic/foreign),Issues as they relate to export promotion.,,22,U.S. Trade Representative (USTR),True
6ee2163f-6b8c-49b8-b022-b6874ab41643,2026,first_quarter,Q1,1st Quarter - Report,2026-04-20T11:59:07-04:00,401104313,"MILLER STRATEGIES, LLC",63370,"COUPANG, INC.",direct_client,https://lda.gov/filings/public/filing/6ee2163f-6b8c-49b8-b022-b6874ab41643/print/,1,TRD,Trade (domestic/foreign),Issues as they relate to export promotion.,,10,Vice President of the U.S.,True
6ee2163f-6b8c-49b8-b022-b6874ab41643,2026,first_quarter,Q1,1st Quarter - Report,2026-04-20T11:59:07-04:00,401104313,"MILLER STRATEGIES, LLC",63370,"COUPANG, INC.",direct_client,https://lda.gov/filings/public/filing/6ee2163f-6b8c-49b8-b022-b6874ab41643/print/,2,ECN,Economics/Economic Development,Advancing economic development goals through Coupang's expansion in current and new markets.,,24,"Commerce, Dept of (DOC)",True
6ee2163f-6b8c-49b8-b022-b6874ab41643,2026,first_quarter,Q1,1st Quarter - Report,2026-04-20T11:59:07-04:00,401104313,"MILLER STRATEGIES, LLC",63370,"COUPANG, INC.",direct_client,https://lda.gov/filings/public/filing/6ee2163f-6b8c-49b8-b022-b6874ab41643/print/,2,ECN,Economics/Economic Development,Advancing economic development goals through Coupang's expansion in current and new markets.,,11,Executive Office of the President (EOP),True
6ee2163f-6b8c-49b8-b022-b6874ab41643,2026,first_quarter,Q1,1st Quarter - Report,2026-04-20T11:59:07-04:00,401104313,"MILLER STRATEGIES, LLC",63370,"COUPANG, INC.",direct_client,https://lda.gov/filings/public/filing/6ee2163f-6b8c-49b8-b022-b6874ab41643/print/,2,ECN,Economics/Economic Development,Advancing economic development goals through Coupang's expansion in current and new markets.,,2,HOUSE OF REPRESENTATIVES,True
6ee2163f-6b8c-49b8-b022-b6874ab41643,2026,first_quarter,Q1,1st Quarter - Report,2026-04-20T11:59:07-04:00,401104313,"MILLER STRATEGIES, LLC",63370,"COUPANG, INC.",direct_client,https://lda.gov/filings/public/filing/6ee2163f-6b8c-49b8-b022-b6874ab41643/print/,2,ECN,Economics/Economic Development,Advancing economic development goals through Coupang's expansion in current and new markets.,,1,SENATE,True
6ee2163f-6b8c-49b8-b022-b6874ab41643,2026,first_quarter,Q1,1st Quarter - Report,2026-04-20T11:59:07-04:00,401104313,"MILLER STRATEGIES, LLC",63370,"COUPANG, INC.",direct_client,https://lda.gov/filings/public/filing/6ee2163f-6b8c-49b8-b022-b6874ab41643/print/,2,ECN,Economics/Economic Development,Advancing economic development goals through Coupang's expansion in current and new markets.,,39,"State, Dept of (DOS)",True
6ee2163f-6b8c-49b8-b022-b6874ab41643,2026,first_quarter,Q1,1st Quarter - Report,2026-04-20T11:59:07-04:00,401104313,"MILLER STRATEGIES, LLC",63370,"COUPANG, INC.",direct_client,https://lda.gov/filings/public/filing/6ee2163f-6b8c-49b8-b022-b6874ab41643/print/,2,ECN,Economics/Economic Development,Advancing economic development goals through Coupang's expansion in current and new markets.,,22,U.S. Trade Representative (USTR),True
6ee2163f-6b8c-49b8-b022-b6874ab41643,2026,first_quarter,Q1,1st Quarter - Report,2026-04-20T11:59:07-04:00,401104313,"MILLER STRATEGIES, LLC",63370,"COUPANG, INC.",direct_client,https://lda.gov/filings/public/filing/6ee2163f-6b8c-49b8-b022-b6874ab41643/print/,2,ECN,Economics/Economic Development,Advancing economic development goals through Coupang's expansion in current and new markets.,,10,Vice President of the U.S.,True
09e08f6d-d58c-42a6-82e2-38d905a6b39f,2026,first_quarter,Q1,1st Quarter - Report,2026-04-20T17:31:11-04:00,400531586,"CROSSROADS STRATEGIES, LLC",71892,"COUPANG, INC.",direct_client,https://lda.gov/filings/public/filing/09e08f6d-d58c-42a6-82e2-38d905a6b39f/print/,1,TRD,Trade (domestic/foreign),"Discussions regarding U.S. export promotion and efforts to increase trade and investment flows between countries in North America, Asia, and Europe (no specific legislation). Discussions regarding international economic policy issues related to trade promotion (no specific legislation). Discussions regarding efforts to strengthen economic and commercial ties between the United States and allied countries like South Korea, Taiwan, Japan, the UK, and the European Union (no specific legislation).",,2,HOUSE OF REPRESENTATIVES,True
09e08f6d-d58c-42a6-82e2-38d905a6b39f,2026,first_quarter,Q1,1st Quarter - Report,2026-04-20T17:31:11-04:00,400531586,"CROSSROADS STRATEGIES, LLC",71892,"COUPANG, INC.",direct_client,https://lda.gov/filings/public/filing/09e08f6d-d58c-42a6-82e2-38d905a6b39f/print/,1,TRD,Trade (domestic/foreign),"Discussions regarding U.S. export promotion and efforts to increase trade and investment flows between countries in North America, Asia, and Europe (no specific legislation). Discussions regarding international economic policy issues related to trade promotion (no specific legislation). Discussions regarding efforts to strengthen economic and commercial ties between the United States and allied countries like South Korea, Taiwan, Japan, the UK, and the European Union (no specific legislation).",,1,SENATE,True
26769630-ee70-429a-9f67-fc97b9ced34a,2026,first_quarter,Q1,1st Quarter - Report,2026-04-20T18:22:08-04:00,308775,MONUMENT ADVOCACY,68107,COUPANG,direct_client,https://lda.gov/filings/public/filing/26769630-ee70-429a-9f67-fc97b9ced34a/print/,1,TRD,Trade (domestic/foreign),Issues related to e-commerce and export and trade promotion.,,2,HOUSE OF REPRESENTATIVES,True
26769630-ee70-429a-9f67-fc97b9ced34a,2026,first_quarter,Q1,1st Quarter - Report,2026-04-20T18:22:08-04:00,308775,MONUMENT ADVOCACY,68107,COUPANG,direct_client,https://lda.gov/filings/public/filing/26769630-ee70-429a-9f67-fc97b9ced34a/print/,1,TRD,Trade (domestic/foreign),Issues related to e-commerce and export and trade promotion.,,1,SENATE,True
7c908677-b0a5-418e-aaa8-f260ac894e56,2026,second_quarter,Q2,2nd Quarter - Report,2026-07-14T19:41:01-04:00,401104288,BALLARD PARTNERS,71985,"COUPANG, INC.",direct_client,https://lda.gov/filings/public/filing/7c908677-b0a5-418e-aaa8-f260ac894e56/print/,1,ECN,Economics/Economic Development,"Issues related to U.S. export promotion, international economic policy, and investment flows. Discussions regarding efforts to strengthen economic and commercial ties between the United States and allied countries such as South Korea, Taiwan, Japan, the UK, and the European Union.",,11,Executive Office of the President (EOP),True
7c908677-b0a5-418e-aaa8-f260ac894e56,2026,second_quarter,Q2,2nd Quarter - Report,2026-07-14T19:41:01-04:00,401104288,BALLARD PARTNERS,71985,"COUPANG, INC.",direct_client,https://lda.gov/filings/public/filing/7c908677-b0a5-418e-aaa8-f260ac894e56/print/,1,ECN,Economics/Economic Development,"Issues related to U.S. export promotion, international economic policy, and investment flows. Discussions regarding efforts to strengthen economic and commercial ties between the United States and allied countries such as South Korea, Taiwan, Japan, the UK, and the European Union.",,2,HOUSE OF REPRESENTATIVES,True
7c908677-b0a5-418e-aaa8-f260ac894e56,2026,second_quarter,Q2,2nd Quarter - Report,2026-07-14T19:41:01-04:00,401104288,BALLARD PARTNERS,71985,"COUPANG, INC.",direct_client,https://lda.gov/filings/public/filing/7c908677-b0a5-418e-aaa8-f260ac894e56/print/,1,ECN,Economics/Economic Development,"Issues related to U.S. export promotion, international economic policy, and investment flows. Discussions regarding efforts to strengthen economic and commercial ties between the United States and allied countries such as South Korea, Taiwan, Japan, the UK, and the European Union.",,22,U.S. Trade Representative (USTR),True
7c908677-b0a5-418e-aaa8-f260ac894e56,2026,second_quarter,Q2,2nd Quarter - Report,2026-07-14T19:41:01-04:00,401104288,BALLARD PARTNERS,71985,"COUPANG, INC.",direct_client,https://lda.gov/filings/public/filing/7c908677-b0a5-418e-aaa8-f260ac894e56/print/,1,ECN,Economics/Economic Development,"Issues related to U.S. export promotion, international economic policy, and investment flows. Discussions regarding efforts to strengthen economic and commercial ties between the United States and allied countries such as South Korea, Taiwan, Japan, the UK, and the European Union.",,12,White House Office,True
ca541b9e-c379-483a-bf96-39f11cd72089,2026,second_quarter,Q2,2nd Quarter - Report,2026-07-19T10:42:05-04:00,401106285,"CONTINENTAL STRATEGY, LLC",64134,COUPANG INC.,direct_client,https://lda.gov/filings/public/filing/ca541b9e-c379-483a-bf96-39f11cd72089/print/,1,ECN,Economics/Economic Development,Facilitating meetings and discussions on the expansion into foreign markets and E-commerce.,,24,"Commerce, Dept of (DOC)",True
ca541b9e-c379-483a-bf96-39f11cd72089,2026,second_quarter,Q2,2nd Quarter - Report,2026-07-19T10:42:05-04:00,401106285,"CONTINENTAL STRATEGY, LLC",64134,COUPANG INC.,direct_client,https://lda.gov/filings/public/filing/ca541b9e-c379-483a-bf96-39f11cd72089/print/,1,ECN,Economics/Economic Development,Facilitating meetings and discussions on the expansion into foreign markets and E-commerce.,,11,Executive Office of the President (EOP),True
ca541b9e-c379-483a-bf96-39f11cd72089,2026,second_quarter,Q2,2nd Quarter - Report,2026-07-19T10:42:05-04:00,401106285,"CONTINENTAL STRATEGY, LLC",64134,COUPANG INC.,direct_client,https://lda.gov/filings/public/filing/ca541b9e-c379-483a-bf96-39f11cd72089/print/,1,ECN,Economics/Economic Development,Facilitating meetings and discussions on the expansion into foreign markets and E-commerce.,,1,SENATE,True
ca541b9e-c379-483a-bf96-39f11cd72089,2026,second_quarter,Q2,2nd Quarter - Report,2026-07-19T10:42:05-04:00,401106285,"CONTINENTAL STRATEGY, LLC",64134,COUPANG INC.,direct_client,https://lda.gov/filings/public/filing/ca541b9e-c379-483a-bf96-39f11cd72089/print/,1,ECN,Economics/Economic Development,Facilitating meetings and discussions on the expansion into foreign markets and E-commerce.,,39,"State, Dept of (DOS)",True
ca541b9e-c379-483a-bf96-39f11cd72089,2026,second_quarter,Q2,2nd Quarter - Report,2026-07-19T10:42:05-04:00,401106285,"CONTINENTAL STRATEGY, LLC",64134,COUPANG INC.,direct_client,https://lda.gov/filings/public/filing/ca541b9e-c379-483a-bf96-39f11cd72089/print/,1,ECN,Economics/Economic Development,Facilitating meetings and discussions on the expansion into foreign markets and E-commerce.,,22,U.S. Trade Representative (USTR),True
1d140907-487c-4d2e-ab4f-f8667753f1e5,2026,second_quarter,Q2,2nd Quarter - Report,2026-07-20T09:18:48-04:00,308775,MONUMENT ADVOCACY,68107,COUPANG,direct_client,https://lda.gov/filings/public/filing/1d140907-487c-4d2e-ab4f-f8667753f1e5/print/,1,TRD,Trade (domestic/foreign),Issues related to e-commerce and export and trade promotion.,,2,HOUSE OF REPRESENTATIVES,True
1d140907-487c-4d2e-ab4f-f8667753f1e5,2026,second_quarter,Q2,2nd Quarter - Report,2026-07-20T09:18:48-04:00,308775,MONUMENT ADVOCACY,68107,COUPANG,direct_client,https://lda.gov/filings/public/filing/1d140907-487c-4d2e-ab4f-f8667753f1e5/print/,1,TRD,Trade (domestic/foreign),Issues related to e-commerce and export and trade promotion.,,1,SENATE,True
bc2802ca-61cd-4c15-aa99-37caa14420c5,2026,second_quarter,Q2,2nd Quarter - Report,2026-07-20T12:05:22-04:00,401104313,"MILLER STRATEGIES, LLC",63370,"COUPANG, INC.",direct_client,https://lda.gov/filings/public/filing/bc2802ca-61cd-4c15-aa99-37caa14420c5/print/,1,TRD,Trade (domestic/foreign),Issues as they relate to export promotion.,,24,"Commerce, Dept of (DOC)",True
bc2802ca-61cd-4c15-aa99-37caa14420c5,2026,second_quarter,Q2,2nd Quarter - Report,2026-07-20T12:05:22-04:00,401104313,"MILLER STRATEGIES, LLC",63370,"COUPANG, INC.",direct_client,https://lda.gov/filings/public/filing/bc2802ca-61cd-4c15-aa99-37caa14420c5/print/,1,TRD,Trade (domestic/foreign),Issues as they relate to export promotion.,,2,HOUSE OF REPRESENTATIVES,True
bc2802ca-61cd-4c15-aa99-37caa14420c5,2026,second_quarter,Q2,2nd Quarter - Report,2026-07-20T12:05:22-04:00,401104313,"MILLER STRATEGIES, LLC",63370,"COUPANG, INC.",direct_client,https://lda.gov/filings/public/filing/bc2802ca-61cd-4c15-aa99-37caa14420c5/print/,1,TRD,Trade (domestic/foreign),Issues as they relate to export promotion.,,39,"State, Dept of (DOS)",True
bc2802ca-61cd-4c15-aa99-37caa14420c5,2026,second_quarter,Q2,2nd Quarter - Report,2026-07-20T12:05:22-04:00,401104313,"MILLER STRATEGIES, LLC",63370,"COUPANG, INC.",direct_client,https://lda.gov/filings/public/filing/bc2802ca-61cd-4c15-aa99-37caa14420c5/print/,1,TRD,Trade (domestic/foreign),Issues as they relate to export promotion.,,22,U.S. Trade Representative (USTR),True
bc2802ca-61cd-4c15-aa99-37caa14420c5,2026,second_quarter,Q2,2nd Quarter - Report,2026-07-20T12:05:22-04:00,401104313,"MILLER STRATEGIES, LLC",63370,"COUPANG, INC.",direct_client,https://lda.gov/filings/public/filing/bc2802ca-61cd-4c15-aa99-37caa14420c5/print/,1,TRD,Trade (domestic/foreign),Issues as they relate to export promotion.,,10,Vice President of the U.S.,True
e2bd3de5-e587-441f-8772-9b3221e40581,2026,second_quarter,Q2,2nd Quarter - Report,2026-07-20T13:00:57-04:00,41454,"WILLIAMS AND JENSEN, PLLC",71887,"COUPANG, INC.",direct_client,https://lda.gov/filings/public/filing/e2bd3de5-e587-441f-8772-9b3221e40581/print/,1,TRD,Trade (domestic/foreign),"Issues related to U.S. export promotion, international economic policy, and improving economic and commercial ties between the United States and allied nations, particularly in Asia.",,2,HOUSE OF REPRESENTATIVES,True
e2bd3de5-e587-441f-8772-9b3221e40581,2026,second_quarter,Q2,2nd Quarter - Report,2026-07-20T13:00:57-04:00,41454,"WILLIAMS AND JENSEN, PLLC",71887,"COUPANG, INC.",direct_client,https://lda.gov/filings/public/filing/e2bd3de5-e587-441f-8772-9b3221e40581/print/,1,TRD,Trade (domestic/foreign),"Issues related to U.S. export promotion, international economic policy, and improving economic and commercial ties between the United States and allied nations, particularly in Asia.",,1,SENATE,True
db986aab-4b3f-4a2e-a87c-149f75a03ac5,2026,second_quarter,Q2,2nd Quarter - Report,2026-07-20T17:12:41-04:00,400531586,"CROSSROADS STRATEGIES, LLC",71892,"COUPANG, INC.",direct_client,https://lda.gov/filings/public/filing/db986aab-4b3f-4a2e-a87c-149f75a03ac5/print/,1,TRD,Trade (domestic/foreign),"Discussions regarding U.S. export promotion and efforts to increase trade and investment flows between countries in North America, Asia, and Europe (no specific legislation). Discussions regarding international economic policy issues related to trade promotion (no specific legislation). Discussions regarding efforts to strengthen economic and commercial ties between the United States and allied countries like South Korea, Taiwan, Japan, the UK, and the European Union (no specific legislation).",,2,HOUSE OF REPRESENTATIVES,True
db986aab-4b3f-4a2e-a87c-149f75a03ac5,2026,second_quarter,Q2,2nd Quarter - Report,2026-07-20T17:12:41-04:00,400531586,"CROSSROADS STRATEGIES, LLC",71892,"COUPANG, INC.",direct_client,https://lda.gov/filings/public/filing/db986aab-4b3f-4a2e-a87c-149f75a03ac5/print/,1,TRD,Trade (domestic/foreign),"Discussions regarding U.S. export promotion and efforts to increase trade and investment flows between countries in North America, Asia, and Europe (no specific legislation). Discussions regarding international economic policy issues related to trade promotion (no specific legislation). Discussions regarding efforts to strengthen economic and commercial ties between the United States and allied countries like South Korea, Taiwan, Japan, the UK, and the European Union (no specific legislation).",,1,SENATE,True
334c6b03-9566-461f-b8b8-c0a8ca1d9c6a,2026,second_quarter,Q2,2nd Quarter - Report,2026-07-20T19:36:24-04:00,401106168,"COUPANG, INC.",211631,"COUPANG, INC.",direct_client,https://lda.gov/filings/public/filing/334c6b03-9566-461f-b8b8-c0a8ca1d9c6a/print/,1,ECN,Economics/Economic Development,"Discussions regarding expanded use of Coupang's digital, retail, and logistics offerings by American SMEs, large businesses, and agricultural producers. Discussions regarding U.S. job creation and economic growth made possible by Coupang's business model and innovation (no specific legislation).",,23,"Agriculture, Dept of (USDA)",True
334c6b03-9566-461f-b8b8-c0a8ca1d9c6a,2026,second_quarter,Q2,2nd Quarter - Report,2026-07-20T19:36:24-04:00,401106168,"COUPANG, INC.",211631,"COUPANG, INC.",direct_client,https://lda.gov/filings/public/filing/334c6b03-9566-461f-b8b8-c0a8ca1d9c6a/print/,1,ECN,Economics/Economic Development,"Discussions regarding expanded use of Coupang's digital, retail, and logistics offerings by American SMEs, large businesses, and agricultural producers. Discussions regarding U.S. job creation and economic growth made possible by Coupang's business model and innovation (no specific legislation).",,24,"Commerce, Dept of (DOC)",True
334c6b03-9566-461f-b8b8-c0a8ca1d9c6a,2026,second_quarter,Q2,2nd Quarter - Report,2026-07-20T19:36:24-04:00,401106168,"COUPANG, INC.",211631,"COUPANG, INC.",direct_client,https://lda.gov/filings/public/filing/334c6b03-9566-461f-b8b8-c0a8ca1d9c6a/print/,1,ECN,Economics/Economic Development,"Discussions regarding expanded use of Coupang's digital, retail, and logistics offerings by American SMEs, large businesses, and agricultural producers. Discussions regarding U.S. job creation and economic growth made possible by Coupang's business model and innovation (no specific legislation).",,2,HOUSE OF REPRESENTATIVES,True
334c6b03-9566-461f-b8b8-c0a8ca1d9c6a,2026,second_quarter,Q2,2nd Quarter - Report,2026-07-20T19:36:24-04:00,401106168,"COUPANG, INC.",211631,"COUPANG, INC.",direct_client,https://lda.gov/filings/public/filing/334c6b03-9566-461f-b8b8-c0a8ca1d9c6a/print/,1,ECN,Economics/Economic Development,"Discussions regarding expanded use of Coupang's digital, retail, and logistics offerings by American SMEs, large businesses, and agricultural producers. Discussions regarding U.S. job creation and economic growth made possible by Coupang's business model and innovation (no specific legislation).",,1,SENATE,True
334c6b03-9566-461f-b8b8-c0a8ca1d9c6a,2026,second_quarter,Q2,2nd Quarter - Report,2026-07-20T19:36:24-04:00,401106168,"COUPANG, INC.",211631,"COUPANG, INC.",direct_client,https://lda.gov/filings/public/filing/334c6b03-9566-461f-b8b8-c0a8ca1d9c6a/print/,1,ECN,Economics/Economic Development,"Discussions regarding expanded use of Coupang's digital, retail, and logistics offerings by American SMEs, large businesses, and agricultural producers. Discussions regarding U.S. job creation and economic growth made possible by Coupang's business model and innovation (no specific legislation).",,90,Small Business Administration (SBA),True
334c6b03-9566-461f-b8b8-c0a8ca1d9c6a,2026,second_quarter,Q2,2nd Quarter - Report,2026-07-20T19:36:24-04:00,401106168,"COUPANG, INC.",211631,"COUPANG, INC.",direct_client,https://lda.gov/filings/public/filing/334c6b03-9566-461f-b8b8-c0a8ca1d9c6a/print/,1,ECN,Economics/Economic Development,"Discussions regarding expanded use of Coupang's digital, retail, and logistics offerings by American SMEs, large businesses, and agricultural producers. Discussions regarding U.S. job creation and economic growth made possible by Coupang's business model and innovation (no specific legislation).",,39,"State, Dept of (DOS)",True
334c6b03-9566-461f-b8b8-c0a8ca1d9c6a,2026,second_quarter,Q2,2nd Quarter - Report,2026-07-20T19:36:24-04:00,401106168,"COUPANG, INC.",211631,"COUPANG, INC.",direct_client,https://lda.gov/filings/public/filing/334c6b03-9566-461f-b8b8-c0a8ca1d9c6a/print/,1,ECN,Economics/Economic Development,"Discussions regarding expanded use of Coupang's digital, retail, and logistics offerings by American SMEs, large businesses, and agricultural producers. Discussions regarding U.S. job creation and economic growth made possible by Coupang's business model and innovation (no specific legislation).",,41,"Treasury, Dept of",True
334c6b03-9566-461f-b8b8-c0a8ca1d9c6a,2026,second_quarter,Q2,2nd Quarter - Report,2026-07-20T19:36:24-04:00,401106168,"COUPANG, INC.",211631,"COUPANG, INC.",direct_client,https://lda.gov/filings/public/filing/334c6b03-9566-461f-b8b8-c0a8ca1d9c6a/print/,1,ECN,Economics/Economic Development,"Discussions regarding expanded use of Coupang's digital, retail, and logistics offerings by American SMEs, large businesses, and agricultural producers. Discussions regarding U.S. job creation and economic growth made possible by Coupang's business model and innovation (no specific legislation).",,22,U.S. Trade Representative (USTR),True
334c6b03-9566-461f-b8b8-c0a8ca1d9c6a,2026,second_quarter,Q2,2nd Quarter - Report,2026-07-20T19:36:24-04:00,401106168,"COUPANG, INC.",211631,"COUPANG, INC.",direct_client,https://lda.gov/filings/public/filing/334c6b03-9566-461f-b8b8-c0a8ca1d9c6a/print/,2,TRD,Trade (domestic/foreign),"Discussions regarding U.S. export promotion and efforts to increase trade and investment flows between countries in North America, Asia, and Europe (no specific legislation). Discussions regarding international economic policy issues related to trade promotion (no specific legislation). Discussions regarding efforts to strengthen economic and commercial ties between the United States and allied countries like South Korea, Taiwan, Japan, the UK, and the European Union (no specific legislation). Discussions regarding the US-Japan-ROK Trilateral Cooperation Act (H.R. 3429).",,23,"Agriculture, Dept of (USDA)",True
334c6b03-9566-461f-b8b8-c0a8ca1d9c6a,2026,second_quarter,Q2,2nd Quarter - Report,2026-07-20T19:36:24-04:00,401106168,"COUPANG, INC.",211631,"COUPANG, INC.",direct_client,https://lda.gov/filings/public/filing/334c6b03-9566-461f-b8b8-c0a8ca1d9c6a/print/,2,TRD,Trade (domestic/foreign),"Discussions regarding U.S. export promotion and efforts to increase trade and investment flows between countries in North America, Asia, and Europe (no specific legislation). Discussions regarding international economic policy issues related to trade promotion (no specific legislation). Discussions regarding efforts to strengthen economic and commercial ties between the United States and allied countries like South Korea, Taiwan, Japan, the UK, and the European Union (no specific legislation). Discussions regarding the US-Japan-ROK Trilateral Cooperation Act (H.R. 3429).",,24,"Commerce, Dept of (DOC)",True
334c6b03-9566-461f-b8b8-c0a8ca1d9c6a,2026,second_quarter,Q2,2nd Quarter - Report,2026-07-20T19:36:24-04:00,401106168,"COUPANG, INC.",211631,"COUPANG, INC.",direct_client,https://lda.gov/filings/public/filing/334c6b03-9566-461f-b8b8-c0a8ca1d9c6a/print/,2,TRD,Trade (domestic/foreign),"Discussions regarding U.S. export promotion and efforts to increase trade and investment flows between countries in North America, Asia, and Europe (no specific legislation). Discussions regarding international economic policy issues related to trade promotion (no specific legislation). Discussions regarding efforts to strengthen economic and commercial ties between the United States and allied countries like South Korea, Taiwan, Japan, the UK, and the European Union (no specific legislation). Discussions regarding the US-Japan-ROK Trilateral Cooperation Act (H.R. 3429).",,2,HOUSE OF REPRESENTATIVES,True
334c6b03-9566-461f-b8b8-c0a8ca1d9c6a,2026,second_quarter,Q2,2nd Quarter - Report,2026-07-20T19:36:24-04:00,401106168,"COUPANG, INC.",211631,"COUPANG, INC.",direct_client,https://lda.gov/filings/public/filing/334c6b03-9566-461f-b8b8-c0a8ca1d9c6a/print/,2,TRD,Trade (domestic/foreign),"Discussions regarding U.S. export promotion and efforts to increase trade and investment flows between countries in North America, Asia, and Europe (no specific legislation). Discussions regarding international economic policy issues related to trade promotion (no specific legislation). Discussions regarding efforts to strengthen economic and commercial ties between the United States and allied countries like South Korea, Taiwan, Japan, the UK, and the European Union (no specific legislation). Discussions regarding the US-Japan-ROK Trilateral Cooperation Act (H.R. 3429).",,16,Natl Security Council (NSC),True
334c6b03-9566-461f-b8b8-c0a8ca1d9c6a,2026,second_quarter,Q2,2nd Quarter - Report,2026-07-20T19:36:24-04:00,401106168,"COUPANG, INC.",211631,"COUPANG, INC.",direct_client,https://lda.gov/filings/public/filing/334c6b03-9566-461f-b8b8-c0a8ca1d9c6a/print/,2,TRD,Trade (domestic/foreign),"Discussions regarding U.S. export promotion and efforts to increase trade and investment flows between countries in North America, Asia, and Europe (no specific legislation). Discussions regarding international economic policy issues related to trade promotion (no specific legislation). Discussions regarding efforts to strengthen economic and commercial ties between the United States and allied countries like South Korea, Taiwan, Japan, the UK, and the European Union (no specific legislation). Discussions regarding the US-Japan-ROK Trilateral Cooperation Act (H.R. 3429).",,1,SENATE,True
334c6b03-9566-461f-b8b8-c0a8ca1d9c6a,2026,second_quarter,Q2,2nd Quarter - Report,2026-07-20T19:36:24-04:00,401106168,"COUPANG, INC.",211631,"COUPANG, INC.",direct_client,https://lda.gov/filings/public/filing/334c6b03-9566-461f-b8b8-c0a8ca1d9c6a/print/,2,TRD,Trade (domestic/foreign),"Discussions regarding U.S. export promotion and efforts to increase trade and investment flows between countries in North America, Asia, and Europe (no specific legislation). Discussions regarding international economic policy issues related to trade promotion (no specific legislation). Discussions regarding efforts to strengthen economic and commercial ties between the United States and allied countries like South Korea, Taiwan, Japan, the UK, and the European Union (no specific legislation). Discussions regarding the US-Japan-ROK Trilateral Cooperation Act (H.R. 3429).",,90,Small Business Administration (SBA),True
334c6b03-9566-461f-b8b8-c0a8ca1d9c6a,2026,second_quarter,Q2,2nd Quarter - Report,2026-07-20T19:36:24-04:00,401106168,"COUPANG, INC.",211631,"COUPANG, INC.",direct_client,https://lda.gov/filings/public/filing/334c6b03-9566-461f-b8b8-c0a8ca1d9c6a/print/,2,TRD,Trade (domestic/foreign),"Discussions regarding U.S. export promotion and efforts to increase trade and investment flows between countries in North America, Asia, and Europe (no specific legislation). Discussions regarding international economic policy issues related to trade promotion (no specific legislation). Discussions regarding efforts to strengthen economic and commercial ties between the United States and allied countries like South Korea, Taiwan, Japan, the UK, and the European Union (no specific legislation). Discussions regarding the US-Japan-ROK Trilateral Cooperation Act (H.R. 3429).",,39,"State, Dept of (DOS)",True
334c6b03-9566-461f-b8b8-c0a8ca1d9c6a,2026,second_quarter,Q2,2nd Quarter - Report,2026-07-20T19:36:24-04:00,401106168,"COUPANG, INC.",211631,"COUPANG, INC.",direct_client,https://lda.gov/filings/public/filing/334c6b03-9566-461f-b8b8-c0a8ca1d9c6a/print/,2,TRD,Trade (domestic/foreign),"Discussions regarding U.S. export promotion and efforts to increase trade and investment flows between countries in North America, Asia, and Europe (no specific legislation). Discussions regarding international economic policy issues related to trade promotion (no specific legislation). Discussions regarding efforts to strengthen economic and commercial ties between the United States and allied countries like South Korea, Taiwan, Japan, the UK, and the European Union (no specific legislation). Discussions regarding the US-Japan-ROK Trilateral Cooperation Act (H.R. 3429).",,41,"Treasury, Dept of",True
334c6b03-9566-461f-b8b8-c0a8ca1d9c6a,2026,second_quarter,Q2,2nd Quarter - Report,2026-07-20T19:36:24-04:00,401106168,"COUPANG, INC.",211631,"COUPANG, INC.",direct_client,https://lda.gov/filings/public/filing/334c6b03-9566-461f-b8b8-c0a8ca1d9c6a/print/,2,TRD,Trade (domestic/foreign),"Discussions regarding U.S. export promotion and efforts to increase trade and investment flows between countries in North America, Asia, and Europe (no specific legislation). Discussions regarding international economic policy issues related to trade promotion (no specific legislation). Discussions regarding efforts to strengthen economic and commercial ties between the United States and allied countries like South Korea, Taiwan, Japan, the UK, and the European Union (no specific legislation). Discussions regarding the US-Japan-ROK Trilateral Cooperation Act (H.R. 3429).",,22,U.S. Trade Representative (USTR),True
334c6b03-9566-461f-b8b8-c0a8ca1d9c6a,2026,second_quarter,Q2,2nd Quarter - Report,2026-07-20T19:36:24-04:00,401106168,"COUPANG, INC.",211631,"COUPANG, INC.",direct_client,https://lda.gov/filings/public/filing/334c6b03-9566-461f-b8b8-c0a8ca1d9c6a/print/,3,IMM,Immigration,"Issues related to general business immigration policy. H. R. 4687, Partner with Korea Act.",,2,HOUSE OF REPRESENTATIVES,True
