filing_uuid,filing_year,filing_period,filing_type,filing_type_display,dt_posted,registrant_id,registrant,client_id,client,scope,source_url,activity_no,issue_code,issue_code_display,description,foreign_entity_issues,lobbyist_id,lobbyist,covered_position,new,selected_latest_quarterly
1f142123-7809-48d5-a20b-132c2d09b5bf,2021,third_quarter,RR,Registration,2021-08-26T10:53:32-04:00,401106168,"COUPANG, INC.",211631,"COUPANG, INC.",direct_client,https://lda.gov/filings/public/filing/1f142123-7809-48d5-a20b-132c2d09b5bf/print/,1,SMB,Small Business,"Advancing economic development goals through Coupangs expansion in current and new markets. Support for small & medium-sized enterprise participation in Coupangs marketplace. Facilitation of the sales and transport of agricultural products, active apparel, consumables, health products, consumer electronics, automotive accessories, and other goods.",,137906,ALEX NELSON WONG,"- Deputy Assistant Secretary of State for East Asian & Pacific Affairs, U.S. Department of State
- Foreign Policy Advisor & General Counsel, Office of Senator Tom Cotton",True,False
1f142123-7809-48d5-a20b-132c2d09b5bf,2021,third_quarter,RR,Registration,2021-08-26T10:53:32-04:00,401106168,"COUPANG, INC.",211631,"COUPANG, INC.",direct_client,https://lda.gov/filings/public/filing/1f142123-7809-48d5-a20b-132c2d09b5bf/print/,2,APP,Apparel/Clothing Industry/Textiles,"Advancing economic development goals through Coupangs expansion in current and new markets. Support for small & medium-sized enterprise participation in Coupangs marketplace. Facilitation of the sales and transport of agricultural products, active apparel, consumables, health products, consumer electronics, automotive accessories, and other goods.",,137906,ALEX NELSON WONG,"- Deputy Assistant Secretary of State for East Asian & Pacific Affairs, U.S. Department of State
- Foreign Policy Advisor & General Counsel, Office of Senator Tom Cotton",True,False
1f142123-7809-48d5-a20b-132c2d09b5bf,2021,third_quarter,RR,Registration,2021-08-26T10:53:32-04:00,401106168,"COUPANG, INC.",211631,"COUPANG, INC.",direct_client,https://lda.gov/filings/public/filing/1f142123-7809-48d5-a20b-132c2d09b5bf/print/,3,ECN,Economics/Economic Development,"Advancing economic development goals through Coupangs expansion in current and new markets. Support for small & medium-sized enterprise participation in Coupangs marketplace. Facilitation of the sales and transport of agricultural products, active apparel, consumables, health products, consumer electronics, automotive accessories, and other goods.",,137906,ALEX NELSON WONG,"- Deputy Assistant Secretary of State for East Asian & Pacific Affairs, U.S. Department of State
- Foreign Policy Advisor & General Counsel, Office of Senator Tom Cotton",True,False
1f142123-7809-48d5-a20b-132c2d09b5bf,2021,third_quarter,RR,Registration,2021-08-26T10:53:32-04:00,401106168,"COUPANG, INC.",211631,"COUPANG, INC.",direct_client,https://lda.gov/filings/public/filing/1f142123-7809-48d5-a20b-132c2d09b5bf/print/,4,TRD,Trade (domestic/foreign),"Advancing economic development goals through Coupangs expansion in current and new markets. Support for small & medium-sized enterprise participation in Coupangs marketplace. Facilitation of the sales and transport of agricultural products, active apparel, consumables, health products, consumer electronics, automotive accessories, and other goods.",,137906,ALEX NELSON WONG,"- Deputy Assistant Secretary of State for East Asian & Pacific Affairs, U.S. Department of State
- Foreign Policy Advisor & General Counsel, Office of Senator Tom Cotton",True,False
1f142123-7809-48d5-a20b-132c2d09b5bf,2021,third_quarter,RR,Registration,2021-08-26T10:53:32-04:00,401106168,"COUPANG, INC.",211631,"COUPANG, INC.",direct_client,https://lda.gov/filings/public/filing/1f142123-7809-48d5-a20b-132c2d09b5bf/print/,5,AUT,Automotive Industry,"Advancing economic development goals through Coupangs expansion in current and new markets. Support for small & medium-sized enterprise participation in Coupangs marketplace. Facilitation of the sales and transport of agricultural products, active apparel, consumables, health products, consumer electronics, automotive accessories, and other goods.",,137906,ALEX NELSON WONG,"- Deputy Assistant Secretary of State for East Asian & Pacific Affairs, U.S. Department of State
- Foreign Policy Advisor & General Counsel, Office of Senator Tom Cotton",True,False
1f142123-7809-48d5-a20b-132c2d09b5bf,2021,third_quarter,RR,Registration,2021-08-26T10:53:32-04:00,401106168,"COUPANG, INC.",211631,"COUPANG, INC.",direct_client,https://lda.gov/filings/public/filing/1f142123-7809-48d5-a20b-132c2d09b5bf/print/,6,HCR,Health Issues,"Advancing economic development goals through Coupangs expansion in current and new markets. Support for small & medium-sized enterprise participation in Coupangs marketplace. Facilitation of the sales and transport of agricultural products, active apparel, consumables, health products, consumer electronics, automotive accessories, and other goods.",,137906,ALEX NELSON WONG,"- Deputy Assistant Secretary of State for East Asian & Pacific Affairs, U.S. Department of State
- Foreign Policy Advisor & General Counsel, Office of Senator Tom Cotton",True,False
1f142123-7809-48d5-a20b-132c2d09b5bf,2021,third_quarter,RR,Registration,2021-08-26T10:53:32-04:00,401106168,"COUPANG, INC.",211631,"COUPANG, INC.",direct_client,https://lda.gov/filings/public/filing/1f142123-7809-48d5-a20b-132c2d09b5bf/print/,7,CPI,Computer Industry,"Advancing economic development goals through Coupangs expansion in current and new markets. Support for small & medium-sized enterprise participation in Coupangs marketplace. Facilitation of the sales and transport of agricultural products, active apparel, consumables, health products, consumer electronics, automotive accessories, and other goods.",,137906,ALEX NELSON WONG,"- Deputy Assistant Secretary of State for East Asian & Pacific Affairs, U.S. Department of State
- Foreign Policy Advisor & General Counsel, Office of Senator Tom Cotton",True,False
1f142123-7809-48d5-a20b-132c2d09b5bf,2021,third_quarter,RR,Registration,2021-08-26T10:53:32-04:00,401106168,"COUPANG, INC.",211631,"COUPANG, INC.",direct_client,https://lda.gov/filings/public/filing/1f142123-7809-48d5-a20b-132c2d09b5bf/print/,8,AGR,Agriculture,"Advancing economic development goals through Coupangs expansion in current and new markets. Support for small & medium-sized enterprise participation in Coupangs marketplace. Facilitation of the sales and transport of agricultural products, active apparel, consumables, health products, consumer electronics, automotive accessories, and other goods.",,137906,ALEX NELSON WONG,"- Deputy Assistant Secretary of State for East Asian & Pacific Affairs, U.S. Department of State
- Foreign Policy Advisor & General Counsel, Office of Senator Tom Cotton",True,False
6eb73228-b0e9-41ae-b718-6c8a009ff3bf,2021,third_quarter,RA,Registration - Amendment,2021-08-26T16:17:37-04:00,401106168,"COUPANG, INC.",211631,"COUPANG, INC.",direct_client,https://lda.gov/filings/public/filing/6eb73228-b0e9-41ae-b718-6c8a009ff3bf/print/,1,TRD,Trade (domestic/foreign),"Advancing economic development goals through Coupangs expansion in current and new markets. Support for small & medium-sized enterprise participation in Coupangs marketplace. Facilitation of the sales and transport of agricultural products, active apparel, consumables, health products, consumer electronics, automotive accessories, and other goods",,137906,ALEX NELSON WONG,"- Deputy Assistant Secretary of State for East Asian & Pacific Affairs, U.S. Department of State
- Foreign Policy Advisor & General Counsel, Office of Senator Tom Cotton",True,False
6eb73228-b0e9-41ae-b718-6c8a009ff3bf,2021,third_quarter,RA,Registration - Amendment,2021-08-26T16:17:37-04:00,401106168,"COUPANG, INC.",211631,"COUPANG, INC.",direct_client,https://lda.gov/filings/public/filing/6eb73228-b0e9-41ae-b718-6c8a009ff3bf/print/,2,HCR,Health Issues,"Advancing economic development goals through Coupangs expansion in current and new markets. Support for small & medium-sized enterprise participation in Coupangs marketplace. Facilitation of the sales and transport of agricultural products, active apparel, consumables, health products, consumer electronics, automotive accessories, and other goods",,137906,ALEX NELSON WONG,"- Deputy Assistant Secretary of State for East Asian & Pacific Affairs, U.S. Department of State
- Foreign Policy Advisor & General Counsel, Office of Senator Tom Cotton",True,False
6eb73228-b0e9-41ae-b718-6c8a009ff3bf,2021,third_quarter,RA,Registration - Amendment,2021-08-26T16:17:37-04:00,401106168,"COUPANG, INC.",211631,"COUPANG, INC.",direct_client,https://lda.gov/filings/public/filing/6eb73228-b0e9-41ae-b718-6c8a009ff3bf/print/,3,AUT,Automotive Industry,"Advancing economic development goals through Coupangs expansion in current and new markets. Support for small & medium-sized enterprise participation in Coupangs marketplace. Facilitation of the sales and transport of agricultural products, active apparel, consumables, health products, consumer electronics, automotive accessories, and other goods",,137906,ALEX NELSON WONG,"- Deputy Assistant Secretary of State for East Asian & Pacific Affairs, U.S. Department of State
- Foreign Policy Advisor & General Counsel, Office of Senator Tom Cotton",True,False
6eb73228-b0e9-41ae-b718-6c8a009ff3bf,2021,third_quarter,RA,Registration - Amendment,2021-08-26T16:17:37-04:00,401106168,"COUPANG, INC.",211631,"COUPANG, INC.",direct_client,https://lda.gov/filings/public/filing/6eb73228-b0e9-41ae-b718-6c8a009ff3bf/print/,4,SMB,Small Business,"Advancing economic development goals through Coupangs expansion in current and new markets. Support for small & medium-sized enterprise participation in Coupangs marketplace. Facilitation of the sales and transport of agricultural products, active apparel, consumables, health products, consumer electronics, automotive accessories, and other goods",,137906,ALEX NELSON WONG,"- Deputy Assistant Secretary of State for East Asian & Pacific Affairs, U.S. Department of State
- Foreign Policy Advisor & General Counsel, Office of Senator Tom Cotton",True,False
6eb73228-b0e9-41ae-b718-6c8a009ff3bf,2021,third_quarter,RA,Registration - Amendment,2021-08-26T16:17:37-04:00,401106168,"COUPANG, INC.",211631,"COUPANG, INC.",direct_client,https://lda.gov/filings/public/filing/6eb73228-b0e9-41ae-b718-6c8a009ff3bf/print/,5,CPI,Computer Industry,"Advancing economic development goals through Coupangs expansion in current and new markets. Support for small & medium-sized enterprise participation in Coupangs marketplace. Facilitation of the sales and transport of agricultural products, active apparel, consumables, health products, consumer electronics, automotive accessories, and other goods",,137906,ALEX NELSON WONG,"- Deputy Assistant Secretary of State for East Asian & Pacific Affairs, U.S. Department of State
- Foreign Policy Advisor & General Counsel, Office of Senator Tom Cotton",True,False
6eb73228-b0e9-41ae-b718-6c8a009ff3bf,2021,third_quarter,RA,Registration - Amendment,2021-08-26T16:17:37-04:00,401106168,"COUPANG, INC.",211631,"COUPANG, INC.",direct_client,https://lda.gov/filings/public/filing/6eb73228-b0e9-41ae-b718-6c8a009ff3bf/print/,6,APP,Apparel/Clothing Industry/Textiles,"Advancing economic development goals through Coupangs expansion in current and new markets. Support for small & medium-sized enterprise participation in Coupangs marketplace. Facilitation of the sales and transport of agricultural products, active apparel, consumables, health products, consumer electronics, automotive accessories, and other goods",,137906,ALEX NELSON WONG,"- Deputy Assistant Secretary of State for East Asian & Pacific Affairs, U.S. Department of State
- Foreign Policy Advisor & General Counsel, Office of Senator Tom Cotton",True,False
6eb73228-b0e9-41ae-b718-6c8a009ff3bf,2021,third_quarter,RA,Registration - Amendment,2021-08-26T16:17:37-04:00,401106168,"COUPANG, INC.",211631,"COUPANG, INC.",direct_client,https://lda.gov/filings/public/filing/6eb73228-b0e9-41ae-b718-6c8a009ff3bf/print/,7,AGR,Agriculture,"Advancing economic development goals through Coupangs expansion in current and new markets. Support for small & medium-sized enterprise participation in Coupangs marketplace. Facilitation of the sales and transport of agricultural products, active apparel, consumables, health products, consumer electronics, automotive accessories, and other goods",,137906,ALEX NELSON WONG,"- Deputy Assistant Secretary of State for East Asian & Pacific Affairs, U.S. Department of State
- Foreign Policy Advisor & General Counsel, Office of Senator Tom Cotton",True,False
6eb73228-b0e9-41ae-b718-6c8a009ff3bf,2021,third_quarter,RA,Registration - Amendment,2021-08-26T16:17:37-04:00,401106168,"COUPANG, INC.",211631,"COUPANG, INC.",direct_client,https://lda.gov/filings/public/filing/6eb73228-b0e9-41ae-b718-6c8a009ff3bf/print/,8,ECN,Economics/Economic Development,"Advancing economic development goals through Coupangs expansion in current and new markets. Support for small & medium-sized enterprise participation in Coupangs marketplace. Facilitation of the sales and transport of agricultural products, active apparel, consumables, health products, consumer electronics, automotive accessories, and other goods",,137906,ALEX NELSON WONG,"- Deputy Assistant Secretary of State for East Asian & Pacific Affairs, U.S. Department of State
- Foreign Policy Advisor & General Counsel, Office of Senator Tom Cotton",True,False
25ff5f56-1019-4e4a-8f58-e52aa9647708,2021,third_quarter,RR,Registration,2021-09-28T15:25:09-04:00,682,AKIN GUMP STRAUSS HAUER & FELD,211969,"COUPANG, INC.",direct_client,https://lda.gov/filings/public/filing/25ff5f56-1019-4e4a-8f58-e52aa9647708/print/,1,TRD,Trade (domestic/foreign),Issues related to foreign trade and regulatory issues.,,51406,ROGER MURRY,"Leg assist, Rep Tauscher; leg asst, Rep Napolitano",True,False
25ff5f56-1019-4e4a-8f58-e52aa9647708,2021,third_quarter,RR,Registration,2021-09-28T15:25:09-04:00,682,AKIN GUMP STRAUSS HAUER & FELD,211969,"COUPANG, INC.",direct_client,https://lda.gov/filings/public/filing/25ff5f56-1019-4e4a-8f58-e52aa9647708/print/,1,TRD,Trade (domestic/foreign),Issues related to foreign trade and regulatory issues.,,52134,BRIAN ARTHUR POMPER,"Ch Intl Trade Cnsl, Intl Trade Cnsl, Senate Fin",True,False
25ff5f56-1019-4e4a-8f58-e52aa9647708,2021,third_quarter,RR,Registration,2021-09-28T15:25:09-04:00,682,AKIN GUMP STRAUSS HAUER & FELD,211969,"COUPANG, INC.",direct_client,https://lda.gov/filings/public/filing/25ff5f56-1019-4e4a-8f58-e52aa9647708/print/,1,TRD,Trade (domestic/foreign),Issues related to foreign trade and regulatory issues.,,72819,CLETE WILLEMS,"Dpty Ast to Pres 18-19; Spl Ast to Pres 17-18; Cf Cnsl for Neg, Leg, Ad. Law, USTR, 15-17; Lgl Advr WTO, USTR, 12-15; Ast Gen Cnsl, USTR, 09-12; Csl, Bud Alst, H. Bud Com, 07-09; LD, P. Ryan, 06-07; LA, P. Ryan, 03-06; Constit Sv Ast, P. Ryan, 02-03.",True,False
25ff5f56-1019-4e4a-8f58-e52aa9647708,2021,third_quarter,RR,Registration,2021-09-28T15:25:09-04:00,682,AKIN GUMP STRAUSS HAUER & FELD,211969,"COUPANG, INC.",direct_client,https://lda.gov/filings/public/filing/25ff5f56-1019-4e4a-8f58-e52aa9647708/print/,2,ECN,Economics/Economic Development,Issues related to foreign trade and regulatory issues.,,51406,ROGER MURRY,"Leg assist, Rep Tauscher; leg asst, Rep Napolitano",True,False
25ff5f56-1019-4e4a-8f58-e52aa9647708,2021,third_quarter,RR,Registration,2021-09-28T15:25:09-04:00,682,AKIN GUMP STRAUSS HAUER & FELD,211969,"COUPANG, INC.",direct_client,https://lda.gov/filings/public/filing/25ff5f56-1019-4e4a-8f58-e52aa9647708/print/,2,ECN,Economics/Economic Development,Issues related to foreign trade and regulatory issues.,,52134,BRIAN ARTHUR POMPER,"Ch Intl Trade Cnsl, Intl Trade Cnsl, Senate Fin",True,False
25ff5f56-1019-4e4a-8f58-e52aa9647708,2021,third_quarter,RR,Registration,2021-09-28T15:25:09-04:00,682,AKIN GUMP STRAUSS HAUER & FELD,211969,"COUPANG, INC.",direct_client,https://lda.gov/filings/public/filing/25ff5f56-1019-4e4a-8f58-e52aa9647708/print/,2,ECN,Economics/Economic Development,Issues related to foreign trade and regulatory issues.,,72819,CLETE WILLEMS,"Dpty Ast to Pres 18-19; Spl Ast to Pres 17-18; Cf Cnsl for Neg, Leg, Ad. Law, USTR, 15-17; Lgl Advr WTO, USTR, 12-15; Ast Gen Cnsl, USTR, 09-12; Csl, Bud Alst, H. Bud Com, 07-09; LD, P. Ryan, 06-07; LA, P. Ryan, 03-06; Constit Sv Ast, P. Ryan, 02-03.",True,False
25ff5f56-1019-4e4a-8f58-e52aa9647708,2021,third_quarter,RR,Registration,2021-09-28T15:25:09-04:00,682,AKIN GUMP STRAUSS HAUER & FELD,211969,"COUPANG, INC.",direct_client,https://lda.gov/filings/public/filing/25ff5f56-1019-4e4a-8f58-e52aa9647708/print/,3,SMB,Small Business,Issues related to foreign trade and regulatory issues.,,51406,ROGER MURRY,"Leg assist, Rep Tauscher; leg asst, Rep Napolitano",True,False
25ff5f56-1019-4e4a-8f58-e52aa9647708,2021,third_quarter,RR,Registration,2021-09-28T15:25:09-04:00,682,AKIN GUMP STRAUSS HAUER & FELD,211969,"COUPANG, INC.",direct_client,https://lda.gov/filings/public/filing/25ff5f56-1019-4e4a-8f58-e52aa9647708/print/,3,SMB,Small Business,Issues related to foreign trade and regulatory issues.,,52134,BRIAN ARTHUR POMPER,"Ch Intl Trade Cnsl, Intl Trade Cnsl, Senate Fin",True,False
25ff5f56-1019-4e4a-8f58-e52aa9647708,2021,third_quarter,RR,Registration,2021-09-28T15:25:09-04:00,682,AKIN GUMP STRAUSS HAUER & FELD,211969,"COUPANG, INC.",direct_client,https://lda.gov/filings/public/filing/25ff5f56-1019-4e4a-8f58-e52aa9647708/print/,3,SMB,Small Business,Issues related to foreign trade and regulatory issues.,,72819,CLETE WILLEMS,"Dpty Ast to Pres 18-19; Spl Ast to Pres 17-18; Cf Cnsl for Neg, Leg, Ad. Law, USTR, 15-17; Lgl Advr WTO, USTR, 12-15; Ast Gen Cnsl, USTR, 09-12; Csl, Bud Alst, H. Bud Com, 07-09; LD, P. Ryan, 06-07; LA, P. Ryan, 03-06; Constit Sv Ast, P. Ryan, 02-03.",True,False
97045483-78a1-4ce8-8165-d5f2d6db09c2,2021,third_quarter,Q3,3rd Quarter - Report,2021-10-19T16:25:28.793000-04:00,682,AKIN GUMP STRAUSS HAUER & FELD,211969,"COUPANG, INC.",direct_client,https://lda.gov/filings/public/filing/97045483-78a1-4ce8-8165-d5f2d6db09c2/print/,1,TRD,Trade (domestic/foreign),Issues related to foreign trade and regulatory issues.,,72819,CLETE WILLEMS,,False,True
97045483-78a1-4ce8-8165-d5f2d6db09c2,2021,third_quarter,Q3,3rd Quarter - Report,2021-10-19T16:25:28.793000-04:00,682,AKIN GUMP STRAUSS HAUER & FELD,211969,"COUPANG, INC.",direct_client,https://lda.gov/filings/public/filing/97045483-78a1-4ce8-8165-d5f2d6db09c2/print/,2,ECN,Economics/Economic Development,Issues related to foreign trade and regulatory issues.,,72819,CLETE WILLEMS,,False,True
97045483-78a1-4ce8-8165-d5f2d6db09c2,2021,third_quarter,Q3,3rd Quarter - Report,2021-10-19T16:25:28.793000-04:00,682,AKIN GUMP STRAUSS HAUER & FELD,211969,"COUPANG, INC.",direct_client,https://lda.gov/filings/public/filing/97045483-78a1-4ce8-8165-d5f2d6db09c2/print/,3,SMB,Small Business,Issues related to foreign trade and regulatory issues.,,72819,CLETE WILLEMS,,False,True
094e2925-30c9-497c-b32f-ede83018b465,2021,third_quarter,Q3,3rd Quarter - Report,2021-10-20T09:58:37.103000-04:00,401106168,"COUPANG, INC.",211631,"COUPANG, INC.",direct_client,https://lda.gov/filings/public/filing/094e2925-30c9-497c-b32f-ede83018b465/print/,1,SMB,Small Business,Encouragement of expanded SME participation in Coupang's platform (no specific legislation).,,137906,ALEX NELSON WONG,Deputy Assistant Secretary of State; Foreign Policy Advisor & General Counsel to U.S. Senator.,False,True
094e2925-30c9-497c-b32f-ede83018b465,2021,third_quarter,Q3,3rd Quarter - Report,2021-10-20T09:58:37.103000-04:00,401106168,"COUPANG, INC.",211631,"COUPANG, INC.",direct_client,https://lda.gov/filings/public/filing/094e2925-30c9-497c-b32f-ede83018b465/print/,2,TRD,Trade (domestic/foreign),"- Discussion of economic benefits of Coupang's participation in and expansion to foreign markets. (no specific legislation)
- Encouragement of expanded SME participation on Coupang's e-commerce platform. (no specific legislation)
- Discussion of issues facing U.S. firms when participating in and expanding to foreign markets. (no specific legislation)",,137906,ALEX NELSON WONG,Deputy Assistant Secretary of State; Foreign Policy Advisor & General Counsel to U.S. Senator.,False,True
094e2925-30c9-497c-b32f-ede83018b465,2021,third_quarter,Q3,3rd Quarter - Report,2021-10-20T09:58:37.103000-04:00,401106168,"COUPANG, INC.",211631,"COUPANG, INC.",direct_client,https://lda.gov/filings/public/filing/094e2925-30c9-497c-b32f-ede83018b465/print/,3,HCR,Health Issues,Support for sharing of COVID-19 vaccines by the United States with the Republic of Korea (no specific legislation).,,137906,ALEX NELSON WONG,Deputy Assistant Secretary of State; Foreign Policy Advisor & General Counsel to U.S. Senator,False,True
094e2925-30c9-497c-b32f-ede83018b465,2021,third_quarter,Q3,3rd Quarter - Report,2021-10-20T09:58:37.103000-04:00,401106168,"COUPANG, INC.",211631,"COUPANG, INC.",direct_client,https://lda.gov/filings/public/filing/094e2925-30c9-497c-b32f-ede83018b465/print/,4,ECN,Economics/Economic Development,Encouragement of expanded small- and medium-sized enterprise (SME) participation in Coupang's platform (no specific legislation).  Discussion of job creation and sustainability gains made possible by Coupang's business model and innovation (no specific legislation).,,137906,ALEX NELSON WONG,Deputy Assistant Secretary of State; Foreign Policy Advisor & General Counsel to U.S. Senator,False,True
0a5e4e20-20c2-47d6-8cf2-f31273c7cbfa,2021,fourth_quarter,Q4,4th Quarter - Report,2022-01-19T09:59:20.413000-05:00,401106168,"COUPANG, INC.",211631,"COUPANG, INC.",direct_client,https://lda.gov/filings/public/filing/0a5e4e20-20c2-47d6-8cf2-f31273c7cbfa/print/,1,TRD,Trade (domestic/foreign),"- Discussion of economic benefits of Coupang's participation in and expansion to foreign markets. (no specific legislation)
- Encouragement of expanded SME participation on Coupang's e-commerce platform. (no specific legislation)
- Discussion of issues facing U.S. firms when participating in and expanding to foreign markets. (no specific legislation)",,137906,ALEX NELSON WONG,Deputy Assistant Secretary of State; Foreign Policy Advisor & General Counsel to U.S. Senator.,False,True
0a5e4e20-20c2-47d6-8cf2-f31273c7cbfa,2021,fourth_quarter,Q4,4th Quarter - Report,2022-01-19T09:59:20.413000-05:00,401106168,"COUPANG, INC.",211631,"COUPANG, INC.",direct_client,https://lda.gov/filings/public/filing/0a5e4e20-20c2-47d6-8cf2-f31273c7cbfa/print/,2,ECN,Economics/Economic Development,Encouragement of expanded small- and medium-sized enterprise (SME) participation in Coupang's platform (no specific legislation).  Discussion of job creation and sustainability gains made possible by Coupang's business model and innovation (no specific legislation).,,137906,ALEX NELSON WONG,Deputy Assistant Secretary of State; Foreign Policy Advisor & General Counsel to U.S. Senator,False,True
0a5e4e20-20c2-47d6-8cf2-f31273c7cbfa,2021,fourth_quarter,Q4,4th Quarter - Report,2022-01-19T09:59:20.413000-05:00,401106168,"COUPANG, INC.",211631,"COUPANG, INC.",direct_client,https://lda.gov/filings/public/filing/0a5e4e20-20c2-47d6-8cf2-f31273c7cbfa/print/,3,SMB,Small Business,Encouragement of expanded SME participation in Coupang's platform (no specific legislation).,,137906,ALEX NELSON WONG,Deputy Assistant Secretary of State; Foreign Policy Advisor & General Counsel to U.S. Senator.,False,True
9e7df524-5858-48c4-916b-7bad22357553,2021,fourth_quarter,Q4,4th Quarter - Report,2022-01-19T16:47:18.717000-05:00,682,AKIN GUMP STRAUSS HAUER & FELD,211969,"COUPANG, INC.",direct_client,https://lda.gov/filings/public/filing/9e7df524-5858-48c4-916b-7bad22357553/print/,1,TRD,Trade (domestic/foreign),Issues related to export promotion.,,72819,CLETE WILLEMS,,False,True
9e7df524-5858-48c4-916b-7bad22357553,2021,fourth_quarter,Q4,4th Quarter - Report,2022-01-19T16:47:18.717000-05:00,682,AKIN GUMP STRAUSS HAUER & FELD,211969,"COUPANG, INC.",direct_client,https://lda.gov/filings/public/filing/9e7df524-5858-48c4-916b-7bad22357553/print/,1,TRD,Trade (domestic/foreign),Issues related to export promotion.,,52134,BRIAN ARTHUR POMPER,,False,True
9e7df524-5858-48c4-916b-7bad22357553,2021,fourth_quarter,Q4,4th Quarter - Report,2022-01-19T16:47:18.717000-05:00,682,AKIN GUMP STRAUSS HAUER & FELD,211969,"COUPANG, INC.",direct_client,https://lda.gov/filings/public/filing/9e7df524-5858-48c4-916b-7bad22357553/print/,1,TRD,Trade (domestic/foreign),Issues related to export promotion.,,51406,ROGER MURRY,,False,True
9e7df524-5858-48c4-916b-7bad22357553,2021,fourth_quarter,Q4,4th Quarter - Report,2022-01-19T16:47:18.717000-05:00,682,AKIN GUMP STRAUSS HAUER & FELD,211969,"COUPANG, INC.",direct_client,https://lda.gov/filings/public/filing/9e7df524-5858-48c4-916b-7bad22357553/print/,2,SMB,Small Business,Issues related to export promotion.,,72819,CLETE WILLEMS,,False,True
9e7df524-5858-48c4-916b-7bad22357553,2021,fourth_quarter,Q4,4th Quarter - Report,2022-01-19T16:47:18.717000-05:00,682,AKIN GUMP STRAUSS HAUER & FELD,211969,"COUPANG, INC.",direct_client,https://lda.gov/filings/public/filing/9e7df524-5858-48c4-916b-7bad22357553/print/,2,SMB,Small Business,Issues related to export promotion.,,52134,BRIAN ARTHUR POMPER,,False,True
9e7df524-5858-48c4-916b-7bad22357553,2021,fourth_quarter,Q4,4th Quarter - Report,2022-01-19T16:47:18.717000-05:00,682,AKIN GUMP STRAUSS HAUER & FELD,211969,"COUPANG, INC.",direct_client,https://lda.gov/filings/public/filing/9e7df524-5858-48c4-916b-7bad22357553/print/,3,ECN,Economics/Economic Development,Advancing economic development goals through Coupangs expansion in current and new markets.; Issues related to export promotion.,,72819,CLETE WILLEMS,,False,True
9e7df524-5858-48c4-916b-7bad22357553,2021,fourth_quarter,Q4,4th Quarter - Report,2022-01-19T16:47:18.717000-05:00,682,AKIN GUMP STRAUSS HAUER & FELD,211969,"COUPANG, INC.",direct_client,https://lda.gov/filings/public/filing/9e7df524-5858-48c4-916b-7bad22357553/print/,3,ECN,Economics/Economic Development,Advancing economic development goals through Coupangs expansion in current and new markets.; Issues related to export promotion.,,52134,BRIAN ARTHUR POMPER,,False,True
6b9f7254-415d-4fbc-ba83-e352f764e124,2022,first_quarter,Q1,1st Quarter - Report,2022-04-19T13:38:28-04:00,682,AKIN GUMP STRAUSS HAUER & FELD,211969,"COUPANG, INC.",direct_client,https://lda.gov/filings/public/filing/6b9f7254-415d-4fbc-ba83-e352f764e124/print/,1,SMB,Small Business,Issues related to export promotion.,,72819,CLETE WILLEMS,"Dpty Asst to the Pres, 18-19; Spl Assist to Prest, 17-18; Chief Cnsl for Neg, Leg, and Admin Law, USTR, 15-17; Lgl Advr to the WTO, USTR, 12-15; Assist Gen Cnsl, USTR, 09-12; Cnsl and Bud Anlst, House Bud Comm, 07-09; LD, Rep. Paul Ryan, 06-07; LA,",False,True
6b9f7254-415d-4fbc-ba83-e352f764e124,2022,first_quarter,Q1,1st Quarter - Report,2022-04-19T13:38:28-04:00,682,AKIN GUMP STRAUSS HAUER & FELD,211969,"COUPANG, INC.",direct_client,https://lda.gov/filings/public/filing/6b9f7254-415d-4fbc-ba83-e352f764e124/print/,1,SMB,Small Business,Issues related to export promotion.,,52134,BRIAN ARTHUR POMPER,"Ch Intl Trade Cnsl, Intl Trade Cnsl, Senate Fin",False,True
6b9f7254-415d-4fbc-ba83-e352f764e124,2022,first_quarter,Q1,1st Quarter - Report,2022-04-19T13:38:28-04:00,682,AKIN GUMP STRAUSS HAUER & FELD,211969,"COUPANG, INC.",direct_client,https://lda.gov/filings/public/filing/6b9f7254-415d-4fbc-ba83-e352f764e124/print/,2,TRD,Trade (domestic/foreign),Issues related to export promotion.,,72819,CLETE WILLEMS,"Dpty Asst to the Pres, 18-19; Spl Assist to Prest, 17-18; Chief Cnsl for Neg, Leg, and Admin Law, USTR, 15-17; Lgl Advr to the WTO, USTR, 12-15; Assist Gen Cnsl, USTR, 09-12; Cnsl and Bud Anlst, House Bud Comm, 07-09; LD, Rep. Paul Ryan, 06-07; LA, R",False,True
6b9f7254-415d-4fbc-ba83-e352f764e124,2022,first_quarter,Q1,1st Quarter - Report,2022-04-19T13:38:28-04:00,682,AKIN GUMP STRAUSS HAUER & FELD,211969,"COUPANG, INC.",direct_client,https://lda.gov/filings/public/filing/6b9f7254-415d-4fbc-ba83-e352f764e124/print/,2,TRD,Trade (domestic/foreign),Issues related to export promotion.,,52134,BRIAN ARTHUR POMPER,"Ch Intl Trade Cnsl, Intl Trade Cnsl, Senate Fin",False,True
6f570277-7a46-4a73-9f06-1d86c62770eb,2022,first_quarter,Q1,1st Quarter - Report,2022-04-19T13:59:31-04:00,401106168,"COUPANG, INC.",211631,"COUPANG, INC.",direct_client,https://lda.gov/filings/public/filing/6f570277-7a46-4a73-9f06-1d86c62770eb/print/,1,ECN,Economics/Economic Development,Encouragement of expanded small- and medium-sized enterprise (SME) participation in Coupang's platform (no specific legislation). Discussion of job creation and sustainability gains made possible by Coupang's business model and innovation (no specific legislation).,,137906,ALEX NELSON WONG,Deputy Assistant Secretary of State; Foreign Policy Advisor & General Counsel to U.S. Senator,False,False
6f570277-7a46-4a73-9f06-1d86c62770eb,2022,first_quarter,Q1,1st Quarter - Report,2022-04-19T13:59:31-04:00,401106168,"COUPANG, INC.",211631,"COUPANG, INC.",direct_client,https://lda.gov/filings/public/filing/6f570277-7a46-4a73-9f06-1d86c62770eb/print/,2,SMB,Small Business,Encouragement of expanded SME participation in Coupang's platform (no specific legislation).,,137906,ALEX NELSON WONG,Deputy Assistant Secretary of State; Foreign Policy Advisor & General Counsel to U.S. Senator.,False,False
6f570277-7a46-4a73-9f06-1d86c62770eb,2022,first_quarter,Q1,1st Quarter - Report,2022-04-19T13:59:31-04:00,401106168,"COUPANG, INC.",211631,"COUPANG, INC.",direct_client,https://lda.gov/filings/public/filing/6f570277-7a46-4a73-9f06-1d86c62770eb/print/,3,TRD,Trade (domestic/foreign),- Discussion of economic benefits of Coupang's participation in and expansion to foreign markets. (no specific legislation) - Encouragement of expanded SME participation on Coupang's e-commerce platform. (no specific legislation) - Discussion of issues facing U.S. firms when participating in and expanding to foreign markets. (no specific legislation),,137906,ALEX NELSON WONG,Deputy Assistant Secretary of State; Foreign Policy Advisor & General Counsel to U.S. Senator.,False,False
e1ad86d7-99d0-40ae-8890-248ad619ae29,2022,first_quarter,1A,1st Quarter - Amendment,2022-04-20T10:21:30-04:00,401106168,"COUPANG, INC.",211631,"COUPANG, INC.",direct_client,https://lda.gov/filings/public/filing/e1ad86d7-99d0-40ae-8890-248ad619ae29/print/,1,ECN,Economics/Economic Development,Encouragement of expanded small- and medium-sized enterprise (SME) participation in Coupang's platform (no specific legislation). Discussion of job creation and sustainability gains made possible by Coupang's business model and innovation (no specific legislation).,,137906,ALEX NELSON WONG,Deputy Assistant Secretary of State; Foreign Policy Advisor & General Counsel to U.S. Senator,False,True
e1ad86d7-99d0-40ae-8890-248ad619ae29,2022,first_quarter,1A,1st Quarter - Amendment,2022-04-20T10:21:30-04:00,401106168,"COUPANG, INC.",211631,"COUPANG, INC.",direct_client,https://lda.gov/filings/public/filing/e1ad86d7-99d0-40ae-8890-248ad619ae29/print/,2,SMB,Small Business,Encouragement of expanded SME participation in Coupang's platform (no specific legislation).,,137906,ALEX NELSON WONG,Deputy Assistant Secretary of State; Foreign Policy Advisor & General Counsel to U.S. Senator.,False,True
e1ad86d7-99d0-40ae-8890-248ad619ae29,2022,first_quarter,1A,1st Quarter - Amendment,2022-04-20T10:21:30-04:00,401106168,"COUPANG, INC.",211631,"COUPANG, INC.",direct_client,https://lda.gov/filings/public/filing/e1ad86d7-99d0-40ae-8890-248ad619ae29/print/,3,TRD,Trade (domestic/foreign),- Discussion of economic benefits of Coupang's participation in and expansion to foreign markets. (no specific legislation) - Encouragement of expanded SME participation on Coupang's e-commerce platform. (no specific legislation) - Discussion of issues facing U.S. firms when participating in and expanding to foreign markets. (no specific legislation),,137906,ALEX NELSON WONG,Deputy Assistant Secretary of State; Foreign Policy Advisor & General Counsel to U.S. Senator.,False,True
b63db9f3-96c7-4d20-b8c9-14931c589afd,2022,second_quarter,Q2,2nd Quarter - Report,2022-07-20T10:01:29-04:00,401106168,"COUPANG, INC.",211631,"COUPANG, INC.",direct_client,https://lda.gov/filings/public/filing/b63db9f3-96c7-4d20-b8c9-14931c589afd/print/,1,ECN,Economics/Economic Development,Encouragement of expanded small- and medium-sized enterprise (SME) participation in Coupang's platform (no specific legislation). Discussion of job creation and sustainability gains made possible by Coupang's business model and innovation (no specific legislation).,,137906,ALEX NELSON WONG,Deputy Assistant Secretary of State; Foreign Policy Advisor & General Counsel to U.S. Senator,False,True
b63db9f3-96c7-4d20-b8c9-14931c589afd,2022,second_quarter,Q2,2nd Quarter - Report,2022-07-20T10:01:29-04:00,401106168,"COUPANG, INC.",211631,"COUPANG, INC.",direct_client,https://lda.gov/filings/public/filing/b63db9f3-96c7-4d20-b8c9-14931c589afd/print/,2,SMB,Small Business,Encouragement of expanded SME participation in Coupang's platform (no specific legislation).,,137906,ALEX NELSON WONG,Deputy Assistant Secretary of State; Foreign Policy Advisor & General Counsel to U.S. Senator.,False,True
b63db9f3-96c7-4d20-b8c9-14931c589afd,2022,second_quarter,Q2,2nd Quarter - Report,2022-07-20T10:01:29-04:00,401106168,"COUPANG, INC.",211631,"COUPANG, INC.",direct_client,https://lda.gov/filings/public/filing/b63db9f3-96c7-4d20-b8c9-14931c589afd/print/,3,TRD,Trade (domestic/foreign),- Discussion of economic benefits of Coupang's participation in and expansion to foreign markets. (no specific legislation) - Encouragement of expanded SME participation on Coupang's e-commerce platform. (no specific legislation) - Discussion of issues facing U.S. firms when participating in and expanding to foreign markets. (no specific legislation),,137906,ALEX NELSON WONG,Deputy Assistant Secretary of State; Foreign Policy Advisor & General Counsel to U.S. Senator.,False,True
6978c97b-e9cc-4b45-a7f6-7a1a5f6c8c06,2022,second_quarter,Q2,2nd Quarter - Report,2022-07-20T13:24:28-04:00,682,AKIN GUMP STRAUSS HAUER & FELD,211969,"COUPANG, INC.",direct_client,https://lda.gov/filings/public/filing/6978c97b-e9cc-4b45-a7f6-7a1a5f6c8c06/print/,1,SMB,Small Business,Issues related to export promotion.,,72819,CLETE WILLEMS,,False,True
6978c97b-e9cc-4b45-a7f6-7a1a5f6c8c06,2022,second_quarter,Q2,2nd Quarter - Report,2022-07-20T13:24:28-04:00,682,AKIN GUMP STRAUSS HAUER & FELD,211969,"COUPANG, INC.",direct_client,https://lda.gov/filings/public/filing/6978c97b-e9cc-4b45-a7f6-7a1a5f6c8c06/print/,1,SMB,Small Business,Issues related to export promotion.,,52134,BRIAN ARTHUR POMPER,,False,True
6978c97b-e9cc-4b45-a7f6-7a1a5f6c8c06,2022,second_quarter,Q2,2nd Quarter - Report,2022-07-20T13:24:28-04:00,682,AKIN GUMP STRAUSS HAUER & FELD,211969,"COUPANG, INC.",direct_client,https://lda.gov/filings/public/filing/6978c97b-e9cc-4b45-a7f6-7a1a5f6c8c06/print/,2,TRD,Trade (domestic/foreign),Issues related to export promotion.,,72819,CLETE WILLEMS,,False,True
6978c97b-e9cc-4b45-a7f6-7a1a5f6c8c06,2022,second_quarter,Q2,2nd Quarter - Report,2022-07-20T13:24:28-04:00,682,AKIN GUMP STRAUSS HAUER & FELD,211969,"COUPANG, INC.",direct_client,https://lda.gov/filings/public/filing/6978c97b-e9cc-4b45-a7f6-7a1a5f6c8c06/print/,2,TRD,Trade (domestic/foreign),Issues related to export promotion.,,52134,BRIAN ARTHUR POMPER,,False,True
6978c97b-e9cc-4b45-a7f6-7a1a5f6c8c06,2022,second_quarter,Q2,2nd Quarter - Report,2022-07-20T13:24:28-04:00,682,AKIN GUMP STRAUSS HAUER & FELD,211969,"COUPANG, INC.",direct_client,https://lda.gov/filings/public/filing/6978c97b-e9cc-4b45-a7f6-7a1a5f6c8c06/print/,3,ECN,Economics/Economic Development,Advancing economic development goals through Coupangs expansion in current and new markets.; Issues related to export promotion.,,52134,BRIAN ARTHUR POMPER,,False,True
6978c97b-e9cc-4b45-a7f6-7a1a5f6c8c06,2022,second_quarter,Q2,2nd Quarter - Report,2022-07-20T13:24:28-04:00,682,AKIN GUMP STRAUSS HAUER & FELD,211969,"COUPANG, INC.",direct_client,https://lda.gov/filings/public/filing/6978c97b-e9cc-4b45-a7f6-7a1a5f6c8c06/print/,3,ECN,Economics/Economic Development,Advancing economic development goals through Coupangs expansion in current and new markets.; Issues related to export promotion.,,72819,CLETE WILLEMS,,False,True
40550f86-bcb7-4157-8ac0-08c0e318a0e9,2022,third_quarter,Q3,3rd Quarter - Report,2022-10-20T10:39:33-04:00,401106168,"COUPANG, INC.",211631,"COUPANG, INC.",direct_client,https://lda.gov/filings/public/filing/40550f86-bcb7-4157-8ac0-08c0e318a0e9/print/,1,SMB,Small Business,Encouragement of expanded SME participation in Coupang's platform (no specific legislation).,,137906,ALEX NELSON WONG,Deputy Assistant Secretary of State; Foreign Policy Advisor & General Counsel to U.S. Senator.,False,True
40550f86-bcb7-4157-8ac0-08c0e318a0e9,2022,third_quarter,Q3,3rd Quarter - Report,2022-10-20T10:39:33-04:00,401106168,"COUPANG, INC.",211631,"COUPANG, INC.",direct_client,https://lda.gov/filings/public/filing/40550f86-bcb7-4157-8ac0-08c0e318a0e9/print/,2,ECN,Economics/Economic Development,Encouragement of expanded small- and medium-sized enterprise (SME) participation in Coupang's platform (no specific legislation). Discussion of job creation and sustainability gains made possible by Coupang's business model and innovation (no specific legislation).,,137906,ALEX NELSON WONG,Deputy Assistant Secretary of State; Foreign Policy Advisor & General Counsel to U.S. Senator,False,True
40550f86-bcb7-4157-8ac0-08c0e318a0e9,2022,third_quarter,Q3,3rd Quarter - Report,2022-10-20T10:39:33-04:00,401106168,"COUPANG, INC.",211631,"COUPANG, INC.",direct_client,https://lda.gov/filings/public/filing/40550f86-bcb7-4157-8ac0-08c0e318a0e9/print/,3,TRD,Trade (domestic/foreign),- Discussion of economic benefits of Coupang's participation in and expansion to foreign markets. (no specific legislation) - Encouragement of expanded SME participation on Coupang's e-commerce platform. (no specific legislation) - Discussion of issues facing U.S. firms when participating in and expanding to foreign markets. (no specific legislation),,137906,ALEX NELSON WONG,Deputy Assistant Secretary of State; Foreign Policy Advisor & General Counsel to U.S. Senator.,False,True
add3f543-0c76-4aba-b994-734b49c5a12d,2022,third_quarter,Q3,3rd Quarter - Report,2022-10-20T16:51:24-04:00,682,AKIN GUMP STRAUSS HAUER & FELD,211969,"COUPANG, INC.",direct_client,https://lda.gov/filings/public/filing/add3f543-0c76-4aba-b994-734b49c5a12d/print/,1,SMB,Small Business,Issues related to export promotion.,,72819,CLETE WILLEMS,,False,True
add3f543-0c76-4aba-b994-734b49c5a12d,2022,third_quarter,Q3,3rd Quarter - Report,2022-10-20T16:51:24-04:00,682,AKIN GUMP STRAUSS HAUER & FELD,211969,"COUPANG, INC.",direct_client,https://lda.gov/filings/public/filing/add3f543-0c76-4aba-b994-734b49c5a12d/print/,1,SMB,Small Business,Issues related to export promotion.,,52134,BRIAN ARTHUR POMPER,,False,True
add3f543-0c76-4aba-b994-734b49c5a12d,2022,third_quarter,Q3,3rd Quarter - Report,2022-10-20T16:51:24-04:00,682,AKIN GUMP STRAUSS HAUER & FELD,211969,"COUPANG, INC.",direct_client,https://lda.gov/filings/public/filing/add3f543-0c76-4aba-b994-734b49c5a12d/print/,2,TRD,Trade (domestic/foreign),Issues related to export promotion.,,72819,CLETE WILLEMS,,False,True
add3f543-0c76-4aba-b994-734b49c5a12d,2022,third_quarter,Q3,3rd Quarter - Report,2022-10-20T16:51:24-04:00,682,AKIN GUMP STRAUSS HAUER & FELD,211969,"COUPANG, INC.",direct_client,https://lda.gov/filings/public/filing/add3f543-0c76-4aba-b994-734b49c5a12d/print/,2,TRD,Trade (domestic/foreign),Issues related to export promotion.,,52134,BRIAN ARTHUR POMPER,,False,True
add3f543-0c76-4aba-b994-734b49c5a12d,2022,third_quarter,Q3,3rd Quarter - Report,2022-10-20T16:51:24-04:00,682,AKIN GUMP STRAUSS HAUER & FELD,211969,"COUPANG, INC.",direct_client,https://lda.gov/filings/public/filing/add3f543-0c76-4aba-b994-734b49c5a12d/print/,3,ECN,Economics/Economic Development,Advancing economic development goals through Coupangs expansion in current and new markets; Issues related to export promotion.,,52134,BRIAN ARTHUR POMPER,,False,True
add3f543-0c76-4aba-b994-734b49c5a12d,2022,third_quarter,Q3,3rd Quarter - Report,2022-10-20T16:51:24-04:00,682,AKIN GUMP STRAUSS HAUER & FELD,211969,"COUPANG, INC.",direct_client,https://lda.gov/filings/public/filing/add3f543-0c76-4aba-b994-734b49c5a12d/print/,3,ECN,Economics/Economic Development,Advancing economic development goals through Coupangs expansion in current and new markets; Issues related to export promotion.,,72819,CLETE WILLEMS,,False,True
a5d037e5-8ce6-4ecb-9cdb-42ef9f217338,2022,fourth_quarter,Q4,4th Quarter - Report,2023-01-19T10:19:11-05:00,401106168,"COUPANG, INC.",211631,"COUPANG, INC.",direct_client,https://lda.gov/filings/public/filing/a5d037e5-8ce6-4ecb-9cdb-42ef9f217338/print/,1,ECN,Economics/Economic Development,Encouragement of expanded small- and medium-sized enterprise (SME) participation in Coupang's platform (no specific legislation). Discussion of job creation and sustainability gains made possible by Coupang's business model and innovation (no specific legislation).,,137906,ALEX NELSON WONG,Deputy Assistant Secretary of State; Foreign Policy Advisor & General Counsel to U.S. Senator,False,True
a5d037e5-8ce6-4ecb-9cdb-42ef9f217338,2022,fourth_quarter,Q4,4th Quarter - Report,2023-01-19T10:19:11-05:00,401106168,"COUPANG, INC.",211631,"COUPANG, INC.",direct_client,https://lda.gov/filings/public/filing/a5d037e5-8ce6-4ecb-9cdb-42ef9f217338/print/,2,SMB,Small Business,Encouragement of expanded SME participation in Coupang's platform (no specific legislation).,,137906,ALEX NELSON WONG,Deputy Assistant Secretary of State; Foreign Policy Advisor & General Counsel to U.S. Senator.,False,True
a5d037e5-8ce6-4ecb-9cdb-42ef9f217338,2022,fourth_quarter,Q4,4th Quarter - Report,2023-01-19T10:19:11-05:00,401106168,"COUPANG, INC.",211631,"COUPANG, INC.",direct_client,https://lda.gov/filings/public/filing/a5d037e5-8ce6-4ecb-9cdb-42ef9f217338/print/,3,TRD,Trade (domestic/foreign),- Discussion of economic benefits of Coupang's participation in and expansion to foreign markets. (no specific legislation) - Encouragement of expanded SME participation on Coupang's e-commerce platform. (no specific legislation) - Discussion of issues facing U.S. firms when participating in and expanding to foreign markets. (no specific legislation),,137906,ALEX NELSON WONG,Deputy Assistant Secretary of State; Foreign Policy Advisor & General Counsel to U.S. Senator.,False,True
1ded797f-87c0-47af-bedc-9f8a7eca8367,2022,fourth_quarter,Q4,4th Quarter - Report,2023-01-20T13:38:54-05:00,682,AKIN GUMP STRAUSS HAUER & FELD,211969,"COUPANG, INC.",direct_client,https://lda.gov/filings/public/filing/1ded797f-87c0-47af-bedc-9f8a7eca8367/print/,1,ECN,Economics/Economic Development,Advancing economic development goals through Coupangs expansion in current and new markets.; Issues related to export promotion.,,72819,CLETE WILLEMS,,False,True
2a3fd9cc-e9e9-4897-8288-69ffb47eb132,2023,first_quarter,Q1,1st Quarter - Report,2023-04-19T03:54:25-04:00,401106168,"COUPANG, INC.",211631,"COUPANG, INC.",direct_client,https://lda.gov/filings/public/filing/2a3fd9cc-e9e9-4897-8288-69ffb47eb132/print/,1,ECN,Economics/Economic Development,Encouragement of expanded small- and medium-sized enterprise (SME) participation in Coupang's e-commerce offering (no specific legislation). Discussion of job creation and sustainability gains made possible by Coupang's business model and innovation (no specific legislation).,,137906,ALEX NELSON WONG,Deputy Assistant Secretary of State; Foreign Policy Advisor & General Counsel to U.S. Senator,False,True
2a3fd9cc-e9e9-4897-8288-69ffb47eb132,2023,first_quarter,Q1,1st Quarter - Report,2023-04-19T03:54:25-04:00,401106168,"COUPANG, INC.",211631,"COUPANG, INC.",direct_client,https://lda.gov/filings/public/filing/2a3fd9cc-e9e9-4897-8288-69ffb47eb132/print/,2,SMB,Small Business,Encouragement of expanded SME participation in Coupang's e-commerce offering (no specific legislation).,,137906,ALEX NELSON WONG,Deputy Assistant Secretary of State; Foreign Policy Advisor & General Counsel to U.S. Senator.,False,True
2a3fd9cc-e9e9-4897-8288-69ffb47eb132,2023,first_quarter,Q1,1st Quarter - Report,2023-04-19T03:54:25-04:00,401106168,"COUPANG, INC.",211631,"COUPANG, INC.",direct_client,https://lda.gov/filings/public/filing/2a3fd9cc-e9e9-4897-8288-69ffb47eb132/print/,3,TRD,Trade (domestic/foreign),- Discussion of economic benefits of Coupang's participation in and expansion to foreign markets. (no specific legislation) - Encouragement of expanded SME participation in Coupang's e-commerce offering. (no specific legislation) - Discussion of issues facing U.S. firms when participating in and expanding to foreign markets. (no specific legislation),,137906,ALEX NELSON WONG,Deputy Assistant Secretary of State; Foreign Policy Advisor & General Counsel to U.S. Senator.,False,True
8d276392-de6a-43b7-895b-0ce97135a2eb,2023,first_quarter,Q1,1st Quarter - Report,2023-04-20T13:48:17-04:00,682,AKIN GUMP STRAUSS HAUER & FELD,211969,"COUPANG, INC.",direct_client,https://lda.gov/filings/public/filing/8d276392-de6a-43b7-895b-0ce97135a2eb/print/,1,ECN,Economics/Economic Development,Advancing economic development goals through Coupangs expansion in current and new markets.; Issues related to export promotion.,,72819,CLETE WILLEMS,,False,True
bbaa803f-6dea-43a1-bf5b-a316680000e5,2023,second_quarter,Q2,2nd Quarter - Report,2023-07-20T09:38:11-04:00,401106168,"COUPANG, INC.",211631,"COUPANG, INC.",direct_client,https://lda.gov/filings/public/filing/bbaa803f-6dea-43a1-bf5b-a316680000e5/print/,1,ECN,Economics/Economic Development,Encouragement of expanded small- and medium-sized enterprise (SME) participation in Coupang's e-commerce offering (no specific legislation). Discussion of job creation and sustainability gains made possible by Coupang's business model and innovation (no specific legislation).,,137906,ALEX NELSON WONG,Deputy Assistant Secretary of State; Foreign Policy Advisor & General Counsel to U.S. Senator,False,True
bbaa803f-6dea-43a1-bf5b-a316680000e5,2023,second_quarter,Q2,2nd Quarter - Report,2023-07-20T09:38:11-04:00,401106168,"COUPANG, INC.",211631,"COUPANG, INC.",direct_client,https://lda.gov/filings/public/filing/bbaa803f-6dea-43a1-bf5b-a316680000e5/print/,2,SMB,Small Business,Encouragement of expanded SME participation in Coupang's e-commerce offering (no specific legislation).,,137906,ALEX NELSON WONG,Deputy Assistant Secretary of State; Foreign Policy Advisor & General Counsel to U.S. Senator.,False,True
bbaa803f-6dea-43a1-bf5b-a316680000e5,2023,second_quarter,Q2,2nd Quarter - Report,2023-07-20T09:38:11-04:00,401106168,"COUPANG, INC.",211631,"COUPANG, INC.",direct_client,https://lda.gov/filings/public/filing/bbaa803f-6dea-43a1-bf5b-a316680000e5/print/,3,TRD,Trade (domestic/foreign),- Discussion of economic benefits of Coupang's participation in and expansion to foreign markets. (no specific legislation) - Encouragement of expanded SME participation in Coupang's e-commerce offering. (no specific legislation) - Discussion of issues facing U.S. firms when participating in and expanding to foreign markets. (no specific legislation),,137906,ALEX NELSON WONG,Deputy Assistant Secretary of State; Foreign Policy Advisor & General Counsel to U.S. Senator.,False,True
662585dc-dcf3-4f45-8d30-0981fbe406e0,2023,second_quarter,Q2,2nd Quarter - Report,2023-07-20T09:55:06-04:00,682,AKIN GUMP STRAUSS HAUER & FELD,211969,"COUPANG, INC.",direct_client,https://lda.gov/filings/public/filing/662585dc-dcf3-4f45-8d30-0981fbe406e0/print/,1,ECN,Economics/Economic Development,Advancing economic development goals through Coupangs expansion in current and new markets; Issues related to export promotion.,,72819,CLETE WILLEMS,,False,True
662585dc-dcf3-4f45-8d30-0981fbe406e0,2023,second_quarter,Q2,2nd Quarter - Report,2023-07-20T09:55:06-04:00,682,AKIN GUMP STRAUSS HAUER & FELD,211969,"COUPANG, INC.",direct_client,https://lda.gov/filings/public/filing/662585dc-dcf3-4f45-8d30-0981fbe406e0/print/,1,ECN,Economics/Economic Development,Advancing economic development goals through Coupangs expansion in current and new markets; Issues related to export promotion.,,52134,BRIAN ARTHUR POMPER,,False,True
76981786-c4f3-49c8-95ce-56e33a0cc44b,2023,third_quarter,Q3,3rd Quarter - Report,2023-10-20T10:42:42-04:00,682,AKIN GUMP STRAUSS HAUER & FELD,211969,"COUPANG, INC.",direct_client,https://lda.gov/filings/public/filing/76981786-c4f3-49c8-95ce-56e33a0cc44b/print/,1,TRD,Trade (domestic/foreign),Issues related to export promotion.,,52134,BRIAN ARTHUR POMPER,,False,True
76981786-c4f3-49c8-95ce-56e33a0cc44b,2023,third_quarter,Q3,3rd Quarter - Report,2023-10-20T10:42:42-04:00,682,AKIN GUMP STRAUSS HAUER & FELD,211969,"COUPANG, INC.",direct_client,https://lda.gov/filings/public/filing/76981786-c4f3-49c8-95ce-56e33a0cc44b/print/,2,ECN,Economics/Economic Development,Advancing economic development goals through Coupangs expansion in current and new markets; Issues related to export promotion.,,72819,CLETE WILLEMS,,False,True
76981786-c4f3-49c8-95ce-56e33a0cc44b,2023,third_quarter,Q3,3rd Quarter - Report,2023-10-20T10:42:42-04:00,682,AKIN GUMP STRAUSS HAUER & FELD,211969,"COUPANG, INC.",direct_client,https://lda.gov/filings/public/filing/76981786-c4f3-49c8-95ce-56e33a0cc44b/print/,2,ECN,Economics/Economic Development,Advancing economic development goals through Coupangs expansion in current and new markets; Issues related to export promotion.,,52134,BRIAN ARTHUR POMPER,,False,True
76981786-c4f3-49c8-95ce-56e33a0cc44b,2023,third_quarter,Q3,3rd Quarter - Report,2023-10-20T10:42:42-04:00,682,AKIN GUMP STRAUSS HAUER & FELD,211969,"COUPANG, INC.",direct_client,https://lda.gov/filings/public/filing/76981786-c4f3-49c8-95ce-56e33a0cc44b/print/,3,SMB,Small Business,Issues related to export promotion.,,52134,BRIAN ARTHUR POMPER,,False,True
1e73332b-0b6f-4f59-8b5f-c754edc0011c,2023,third_quarter,Q3,3rd Quarter - Report,2023-10-20T14:10:57-04:00,401106168,"COUPANG, INC.",211631,"COUPANG, INC.",direct_client,https://lda.gov/filings/public/filing/1e73332b-0b6f-4f59-8b5f-c754edc0011c/print/,1,ECN,Economics/Economic Development,Encouragement of expanded small- and medium-sized enterprise (SME) participation in Coupang's e-commerce offering (no specific legislation). Discussion of job creation and sustainability gains made possible by Coupang's business model and innovation (no specific legislation).,,137906,ALEX NELSON WONG,Deputy Assistant Secretary of State; Foreign Policy Advisor & General Counsel to U.S. Senator,False,True
1e73332b-0b6f-4f59-8b5f-c754edc0011c,2023,third_quarter,Q3,3rd Quarter - Report,2023-10-20T14:10:57-04:00,401106168,"COUPANG, INC.",211631,"COUPANG, INC.",direct_client,https://lda.gov/filings/public/filing/1e73332b-0b6f-4f59-8b5f-c754edc0011c/print/,2,SMB,Small Business,Encouragement of expanded SME participation in Coupang's e-commerce offering (no specific legislation).,,137906,ALEX NELSON WONG,Deputy Assistant Secretary of State; Foreign Policy Advisor & General Counsel to U.S. Senator.,False,True
1e73332b-0b6f-4f59-8b5f-c754edc0011c,2023,third_quarter,Q3,3rd Quarter - Report,2023-10-20T14:10:57-04:00,401106168,"COUPANG, INC.",211631,"COUPANG, INC.",direct_client,https://lda.gov/filings/public/filing/1e73332b-0b6f-4f59-8b5f-c754edc0011c/print/,3,TRD,Trade (domestic/foreign),- Discussion of economic benefits of Coupang's participation in and expansion to foreign markets. (no specific legislation) - Encouragement of expanded SME participation in Coupang's e-commerce offering. (no specific legislation) - Discussion of issues facing U.S. firms when participating in and expanding to foreign markets. (no specific legislation) - Discussion of IPEF provisions and their effect on operations of U.S. companies in foreign markets (no specific legislation),,137906,ALEX NELSON WONG,Deputy Assistant Secretary of State; Foreign Policy Advisor & General Counsel to U.S. Senator.,False,True
4d8d9ee4-a8ef-4b03-b7a5-67344c7ba2e4,2023,third_quarter,RA,Registration - Amendment,2023-12-27T14:06:42-05:00,401106168,"COUPANG, INC.",211631,"COUPANG, INC.",direct_client,https://lda.gov/filings/public/filing/4d8d9ee4-a8ef-4b03-b7a5-67344c7ba2e4/print/,1,AGR,Agriculture,"Advancing economic development goals through Coupang's expansion in current and new markets. Support for small & medium-sized enterprise participation in Coupang's marketplace. Facilitation of the sales and transport of agricultural products, active apparel, consumables, health productd, consumer electronics, automotive accessories, and other goods.",,137906,ALEX NELSON WONG,"Deputy Assistant Secretary of State for East Asian & Pacific Affairs, U.S. Department of State; Foreign Policy Advisor & General Counsel, Office of Senator Tom Cotton.",True,False
4d8d9ee4-a8ef-4b03-b7a5-67344c7ba2e4,2023,third_quarter,RA,Registration - Amendment,2023-12-27T14:06:42-05:00,401106168,"COUPANG, INC.",211631,"COUPANG, INC.",direct_client,https://lda.gov/filings/public/filing/4d8d9ee4-a8ef-4b03-b7a5-67344c7ba2e4/print/,2,APP,Apparel/Clothing Industry/Textiles,"Advancing economic development goals through Coupang's expansion in current and new markets. Support for small & medium-sized enterprise participation in Coupang's marketplace. Facilitation of the sales and transport of agricultural products, active apparel, consumables, health productd, consumer electronics, automotive accessories, and other goods.",,137906,ALEX NELSON WONG,"Deputy Assistant Secretary of State for East Asian & Pacific Affairs, U.S. Department of State; Foreign Policy Advisor & General Counsel, Office of Senator Tom Cotton.",True,False
4d8d9ee4-a8ef-4b03-b7a5-67344c7ba2e4,2023,third_quarter,RA,Registration - Amendment,2023-12-27T14:06:42-05:00,401106168,"COUPANG, INC.",211631,"COUPANG, INC.",direct_client,https://lda.gov/filings/public/filing/4d8d9ee4-a8ef-4b03-b7a5-67344c7ba2e4/print/,3,AUT,Automotive Industry,"Advancing economic development goals through Coupang's expansion in current and new markets. Support for small & medium-sized enterprise participation in Coupang's marketplace. Facilitation of the sales and transport of agricultural products, active apparel, consumables, health productd, consumer electronics, automotive accessories, and other goods.",,137906,ALEX NELSON WONG,"Deputy Assistant Secretary of State for East Asian & Pacific Affairs, U.S. Department of State; Foreign Policy Advisor & General Counsel, Office of Senator Tom Cotton.",True,False
4d8d9ee4-a8ef-4b03-b7a5-67344c7ba2e4,2023,third_quarter,RA,Registration - Amendment,2023-12-27T14:06:42-05:00,401106168,"COUPANG, INC.",211631,"COUPANG, INC.",direct_client,https://lda.gov/filings/public/filing/4d8d9ee4-a8ef-4b03-b7a5-67344c7ba2e4/print/,4,CPI,Computer Industry,"Advancing economic development goals through Coupang's expansion in current and new markets. Support for small & medium-sized enterprise participation in Coupang's marketplace. Facilitation of the sales and transport of agricultural products, active apparel, consumables, health productd, consumer electronics, automotive accessories, and other goods.",,137906,ALEX NELSON WONG,"Deputy Assistant Secretary of State for East Asian & Pacific Affairs, U.S. Department of State; Foreign Policy Advisor & General Counsel, Office of Senator Tom Cotton.",True,False
4d8d9ee4-a8ef-4b03-b7a5-67344c7ba2e4,2023,third_quarter,RA,Registration - Amendment,2023-12-27T14:06:42-05:00,401106168,"COUPANG, INC.",211631,"COUPANG, INC.",direct_client,https://lda.gov/filings/public/filing/4d8d9ee4-a8ef-4b03-b7a5-67344c7ba2e4/print/,5,ECN,Economics/Economic Development,"Advancing economic development goals through Coupang's expansion in current and new markets. Support for small & medium-sized enterprise participation in Coupang's marketplace. Facilitation of the sales and transport of agricultural products, active apparel, consumables, health productd, consumer electronics, automotive accessories, and other goods.",,137906,ALEX NELSON WONG,"Deputy Assistant Secretary of State for East Asian & Pacific Affairs, U.S. Department of State; Foreign Policy Advisor & General Counsel, Office of Senator Tom Cotton.",True,False
4d8d9ee4-a8ef-4b03-b7a5-67344c7ba2e4,2023,third_quarter,RA,Registration - Amendment,2023-12-27T14:06:42-05:00,401106168,"COUPANG, INC.",211631,"COUPANG, INC.",direct_client,https://lda.gov/filings/public/filing/4d8d9ee4-a8ef-4b03-b7a5-67344c7ba2e4/print/,6,HCR,Health Issues,"Advancing economic development goals through Coupang's expansion in current and new markets. Support for small & medium-sized enterprise participation in Coupang's marketplace. Facilitation of the sales and transport of agricultural products, active apparel, consumables, health productd, consumer electronics, automotive accessories, and other goods.",,137906,ALEX NELSON WONG,"Deputy Assistant Secretary of State for East Asian & Pacific Affairs, U.S. Department of State; Foreign Policy Advisor & General Counsel, Office of Senator Tom Cotton.",True,False
4d8d9ee4-a8ef-4b03-b7a5-67344c7ba2e4,2023,third_quarter,RA,Registration - Amendment,2023-12-27T14:06:42-05:00,401106168,"COUPANG, INC.",211631,"COUPANG, INC.",direct_client,https://lda.gov/filings/public/filing/4d8d9ee4-a8ef-4b03-b7a5-67344c7ba2e4/print/,7,SMB,Small Business,"Advancing economic development goals through Coupang's expansion in current and new markets. Support for small & medium-sized enterprise participation in Coupang's marketplace. Facilitation of the sales and transport of agricultural products, active apparel, consumables, health productd, consumer electronics, automotive accessories, and other goods.",,137906,ALEX NELSON WONG,"Deputy Assistant Secretary of State for East Asian & Pacific Affairs, U.S. Department of State; Foreign Policy Advisor & General Counsel, Office of Senator Tom Cotton.",True,False
4d8d9ee4-a8ef-4b03-b7a5-67344c7ba2e4,2023,third_quarter,RA,Registration - Amendment,2023-12-27T14:06:42-05:00,401106168,"COUPANG, INC.",211631,"COUPANG, INC.",direct_client,https://lda.gov/filings/public/filing/4d8d9ee4-a8ef-4b03-b7a5-67344c7ba2e4/print/,8,TRD,Trade (domestic/foreign),"Advancing economic development goals through Coupang's expansion in current and new markets. Support for small & medium-sized enterprise participation in Coupang's marketplace. Facilitation of the sales and transport of agricultural products, active apparel, consumables, health productd, consumer electronics, automotive accessories, and other goods.",,137906,ALEX NELSON WONG,"Deputy Assistant Secretary of State for East Asian & Pacific Affairs, U.S. Department of State; Foreign Policy Advisor & General Counsel, Office of Senator Tom Cotton.",True,False
7d4f2e53-1a7f-464b-aa41-6ea5ed5683a4,2023,fourth_quarter,RR,Registration,2023-12-27T14:25:42-05:00,287394,PUTALASTRATEGIES,58096,"COUPANG, INC.",direct_client,https://lda.gov/filings/public/filing/7d4f2e53-1a7f-464b-aa41-6ea5ed5683a4/print/,1,ECN,Economics/Economic Development,Policies and proposals to support U.S. exports and business growth in international markets.,,18680,CHRISTOPHER PUTALA,"Professional Staff, Senate Judiciary Committee",True,False
7d4f2e53-1a7f-464b-aa41-6ea5ed5683a4,2023,fourth_quarter,RR,Registration,2023-12-27T14:25:42-05:00,287394,PUTALASTRATEGIES,58096,"COUPANG, INC.",direct_client,https://lda.gov/filings/public/filing/7d4f2e53-1a7f-464b-aa41-6ea5ed5683a4/print/,2,TRD,Trade (domestic/foreign),Policies and proposals to support U.S. exports and business growth in international markets.,,18680,CHRISTOPHER PUTALA,"Professional Staff, Senate Judiciary Committee",True,False
16618357-20f6-4259-b150-91acaf80e7e2,2023,fourth_quarter,Q4,4th Quarter - Report,2024-01-19T11:22:04-05:00,682,AKIN GUMP STRAUSS HAUER & FELD,211969,"COUPANG, INC.",direct_client,https://lda.gov/filings/public/filing/16618357-20f6-4259-b150-91acaf80e7e2/print/,1,ECN,Economics/Economic Development,Advancing economic development goals through Coupangs expansion in current and new markets; Issues related to export promotion.,SVF Investments (UK) Ltd. has a financial interest in filer and the outcome of the lobbying issues listed.,52134,BRIAN ARTHUR POMPER,,False,True
16618357-20f6-4259-b150-91acaf80e7e2,2023,fourth_quarter,Q4,4th Quarter - Report,2024-01-19T11:22:04-05:00,682,AKIN GUMP STRAUSS HAUER & FELD,211969,"COUPANG, INC.",direct_client,https://lda.gov/filings/public/filing/16618357-20f6-4259-b150-91acaf80e7e2/print/,1,ECN,Economics/Economic Development,Advancing economic development goals through Coupangs expansion in current and new markets; Issues related to export promotion.,SVF Investments (UK) Ltd. has a financial interest in filer and the outcome of the lobbying issues listed.,72819,CLETE WILLEMS,,False,True
0c3f4a5c-5ffa-4feb-b1ab-0da421c1e463,2023,fourth_quarter,Q4,4th Quarter - Report,2024-01-19T15:59:58-05:00,287394,PUTALASTRATEGIES,58096,"COUPANG, INC.",direct_client,https://lda.gov/filings/public/filing/0c3f4a5c-5ffa-4feb-b1ab-0da421c1e463/print/,1,TRD,Trade (domestic/foreign),Policies and proposals to support U.S. exports and business growth in international markets.,"SVF Investments (UK), Ltd., identified on Registration (LD-1), has an ownership interest in client, and, as an investor, in the lobbying issues listed above.",18680,CHRISTOPHER PUTALA,,False,True
f16b4ef3-377c-408c-8510-96aefaced84e,2023,fourth_quarter,Q4,4th Quarter - Report,2024-01-19T16:19:04-05:00,401106168,"COUPANG, INC.",211631,"COUPANG, INC.",direct_client,https://lda.gov/filings/public/filing/f16b4ef3-377c-408c-8510-96aefaced84e/print/,1,ECN,Economics/Economic Development,Encouragement of expanded small- and medium-sized enterprise (SME) participation in Coupang's e-commerce offering (no specific legislation). Discussion of job creation and sustainability gains made possible by Coupang's business model and innovation (no specific legislation).,"SVF Investments (UK), Ltd., identified on Registration (LD-1), has an ownership interest in registrant and, as an investor, in the lobbying issues listed above.",137906,ALEX NELSON WONG,,False,True
f16b4ef3-377c-408c-8510-96aefaced84e,2023,fourth_quarter,Q4,4th Quarter - Report,2024-01-19T16:19:04-05:00,401106168,"COUPANG, INC.",211631,"COUPANG, INC.",direct_client,https://lda.gov/filings/public/filing/f16b4ef3-377c-408c-8510-96aefaced84e/print/,1,ECN,Economics/Economic Development,Encouragement of expanded small- and medium-sized enterprise (SME) participation in Coupang's e-commerce offering (no specific legislation). Discussion of job creation and sustainability gains made possible by Coupang's business model and innovation (no specific legislation).,"SVF Investments (UK), Ltd., identified on Registration (LD-1), has an ownership interest in registrant and, as an investor, in the lobbying issues listed above.",145063,BILL ANAYA,"Legislative Assistant, Rep. John Dingell",True,True
f16b4ef3-377c-408c-8510-96aefaced84e,2023,fourth_quarter,Q4,4th Quarter - Report,2024-01-19T16:19:04-05:00,401106168,"COUPANG, INC.",211631,"COUPANG, INC.",direct_client,https://lda.gov/filings/public/filing/f16b4ef3-377c-408c-8510-96aefaced84e/print/,2,SMB,Small Business,Encouragement of expanded SME participation in Coupang's e-commerce offering (no specific legislation).,"SVF Investments (UK), Ltd., identified on Registration (LD-1), has an ownership interest in registrant and, as an investor, in the lobbying issues listed above.",137906,ALEX NELSON WONG,,False,True
f16b4ef3-377c-408c-8510-96aefaced84e,2023,fourth_quarter,Q4,4th Quarter - Report,2024-01-19T16:19:04-05:00,401106168,"COUPANG, INC.",211631,"COUPANG, INC.",direct_client,https://lda.gov/filings/public/filing/f16b4ef3-377c-408c-8510-96aefaced84e/print/,2,SMB,Small Business,Encouragement of expanded SME participation in Coupang's e-commerce offering (no specific legislation).,"SVF Investments (UK), Ltd., identified on Registration (LD-1), has an ownership interest in registrant and, as an investor, in the lobbying issues listed above.",145063,BILL ANAYA,"Legislative Assistant, Rep. John Dingell",True,True
f16b4ef3-377c-408c-8510-96aefaced84e,2023,fourth_quarter,Q4,4th Quarter - Report,2024-01-19T16:19:04-05:00,401106168,"COUPANG, INC.",211631,"COUPANG, INC.",direct_client,https://lda.gov/filings/public/filing/f16b4ef3-377c-408c-8510-96aefaced84e/print/,3,TRD,Trade (domestic/foreign),- Discussion of economic benefits of Coupang's participation in and expansion to foreign markets. (no specific legislation) - Encouragement of expanded SME participation in Coupang's e-commerce offering. (no specific legislation) - Discussion of issues facing U.S. firms when participating in and expanding to foreign markets. (no specific legislation) - Discussion of IPEF provisions and their effect on operations of U.S. companies in foreign markets (no specific legislation),"SVF Investments (UK), Ltd., identified on Registration (LD-1), has an ownership interest in registrant and, as an investor, in the lobbying issues listed above.",137906,ALEX NELSON WONG,,False,True
f16b4ef3-377c-408c-8510-96aefaced84e,2023,fourth_quarter,Q4,4th Quarter - Report,2024-01-19T16:19:04-05:00,401106168,"COUPANG, INC.",211631,"COUPANG, INC.",direct_client,https://lda.gov/filings/public/filing/f16b4ef3-377c-408c-8510-96aefaced84e/print/,3,TRD,Trade (domestic/foreign),- Discussion of economic benefits of Coupang's participation in and expansion to foreign markets. (no specific legislation) - Encouragement of expanded SME participation in Coupang's e-commerce offering. (no specific legislation) - Discussion of issues facing U.S. firms when participating in and expanding to foreign markets. (no specific legislation) - Discussion of IPEF provisions and their effect on operations of U.S. companies in foreign markets (no specific legislation),"SVF Investments (UK), Ltd., identified on Registration (LD-1), has an ownership interest in registrant and, as an investor, in the lobbying issues listed above.",145063,BILL ANAYA,"Legislative Assistant, Rep. John Dingell",True,True
6b8c6061-7930-449e-b199-a5c120f4c217,2024,first_quarter,Q1,1st Quarter - Report,2024-04-19T11:07:03-04:00,682,AKIN GUMP STRAUSS HAUER & FELD,211969,"COUPANG, INC.",direct_client,https://lda.gov/filings/public/filing/6b8c6061-7930-449e-b199-a5c120f4c217/print/,1,ECN,Economics/Economic Development,Advancing economic development goals through Coupangs expansion in current and new markets; Issues related to export promotion.,SVF Investments (UK) Ltd. has a financial interest in filer and the outcome of the lobbying issues listed.,52134,BRIAN ARTHUR POMPER,,False,True
6b8c6061-7930-449e-b199-a5c120f4c217,2024,first_quarter,Q1,1st Quarter - Report,2024-04-19T11:07:03-04:00,682,AKIN GUMP STRAUSS HAUER & FELD,211969,"COUPANG, INC.",direct_client,https://lda.gov/filings/public/filing/6b8c6061-7930-449e-b199-a5c120f4c217/print/,1,ECN,Economics/Economic Development,Advancing economic development goals through Coupangs expansion in current and new markets; Issues related to export promotion.,SVF Investments (UK) Ltd. has a financial interest in filer and the outcome of the lobbying issues listed.,72819,CLETE WILLEMS,,False,True
6b8c6061-7930-449e-b199-a5c120f4c217,2024,first_quarter,Q1,1st Quarter - Report,2024-04-19T11:07:03-04:00,682,AKIN GUMP STRAUSS HAUER & FELD,211969,"COUPANG, INC.",direct_client,https://lda.gov/filings/public/filing/6b8c6061-7930-449e-b199-a5c120f4c217/print/,1,ECN,Economics/Economic Development,Advancing economic development goals through Coupangs expansion in current and new markets; Issues related to export promotion.,SVF Investments (UK) Ltd. has a financial interest in filer and the outcome of the lobbying issues listed.,93554,JOSE BORJON,"CoS, Rep V.Gonzalez, Jan 17- Feb 21; Snr Advsr/Dpty CoS, Rep F.Vela, Jun 14- Jan 17; Comm Drctr, Rep Gallego, Dec 13- Jan 15; Drctr Strtgy/Comm, Rep Reyes, Nov 11- Jan 13; Press Sec, Rep Cuellar, Jan 11- Nov 11; Comm Drctr, Rep Ortiz, Mar 09- Jan 11",True,True
6b8c6061-7930-449e-b199-a5c120f4c217,2024,first_quarter,Q1,1st Quarter - Report,2024-04-19T11:07:03-04:00,682,AKIN GUMP STRAUSS HAUER & FELD,211969,"COUPANG, INC.",direct_client,https://lda.gov/filings/public/filing/6b8c6061-7930-449e-b199-a5c120f4c217/print/,1,ECN,Economics/Economic Development,Advancing economic development goals through Coupangs expansion in current and new markets; Issues related to export promotion.,SVF Investments (UK) Ltd. has a financial interest in filer and the outcome of the lobbying issues listed.,139541,JOSEPH G. FAWKNER,"Snr Pol Adv for Rep. Carol D. Miller, Feb 20 - Jan 22",True,True
6b8c6061-7930-449e-b199-a5c120f4c217,2024,first_quarter,Q1,1st Quarter - Report,2024-04-19T11:07:03-04:00,682,AKIN GUMP STRAUSS HAUER & FELD,211969,"COUPANG, INC.",direct_client,https://lda.gov/filings/public/filing/6b8c6061-7930-449e-b199-a5c120f4c217/print/,1,ECN,Economics/Economic Development,Advancing economic development goals through Coupangs expansion in current and new markets; Issues related to export promotion.,SVF Investments (UK) Ltd. has a financial interest in filer and the outcome of the lobbying issues listed.,51406,ROGER MURRY,"Leg assist, Rep Tauscher; leg asst, Rep Napolitano",True,True
6b8c6061-7930-449e-b199-a5c120f4c217,2024,first_quarter,Q1,1st Quarter - Report,2024-04-19T11:07:03-04:00,682,AKIN GUMP STRAUSS HAUER & FELD,211969,"COUPANG, INC.",direct_client,https://lda.gov/filings/public/filing/6b8c6061-7930-449e-b199-a5c120f4c217/print/,1,ECN,Economics/Economic Development,Advancing economic development goals through Coupangs expansion in current and new markets; Issues related to export promotion.,SVF Investments (UK) Ltd. has a financial interest in filer and the outcome of the lobbying issues listed.,145980,PHYLICIA WU,,True,True
6b8c6061-7930-449e-b199-a5c120f4c217,2024,first_quarter,Q1,1st Quarter - Report,2024-04-19T11:07:03-04:00,682,AKIN GUMP STRAUSS HAUER & FELD,211969,"COUPANG, INC.",direct_client,https://lda.gov/filings/public/filing/6b8c6061-7930-449e-b199-a5c120f4c217/print/,2,TRD,Trade (domestic/foreign),Issues related to export promotion.,SVF Investments (UK) Ltd. has a financial interest in filer and the outcome of the lobbying issues listed.,52134,BRIAN ARTHUR POMPER,,False,True
3d0e5407-5ddf-44cf-aa75-958ec2620e1b,2024,first_quarter,Q1,1st Quarter - Report,2024-04-19T14:37:05-04:00,287394,PUTALASTRATEGIES,58096,"COUPANG, INC.",direct_client,https://lda.gov/filings/public/filing/3d0e5407-5ddf-44cf-aa75-958ec2620e1b/print/,1,TRD,Trade (domestic/foreign),Policies and proposals to support U.S. exports and business growth in international markets.,"SVF Investments (UK), Ltd., identified on Registration (LD-1), has an ownership interest in client, and, as an investor, in the lobbying issues listed above.",18680,CHRISTOPHER PUTALA,,False,True
47f0d26e-ea57-4fbe-b16d-ea2e2bc3e5a8,2024,first_quarter,Q1,1st Quarter - Report,2024-04-22T14:48:07-04:00,401106168,"COUPANG, INC.",211631,"COUPANG, INC.",direct_client,https://lda.gov/filings/public/filing/47f0d26e-ea57-4fbe-b16d-ea2e2bc3e5a8/print/,1,ECN,Economics/Economic Development,Encouragement of expanded small- and medium-sized enterprise (SME) participation in Coupang's e-commerce offering (no specific legislation). Discussion of job creation and sustainability gains made possible by Coupang's business model and innovation (no specific legislation).,"SVF Investments (UK), Ltd., identified on Registration (LD-1), has an ownership interest in registrant and, as an investor, in the lobbying issues listed above.",137906,ALEX NELSON WONG,,False,True
47f0d26e-ea57-4fbe-b16d-ea2e2bc3e5a8,2024,first_quarter,Q1,1st Quarter - Report,2024-04-22T14:48:07-04:00,401106168,"COUPANG, INC.",211631,"COUPANG, INC.",direct_client,https://lda.gov/filings/public/filing/47f0d26e-ea57-4fbe-b16d-ea2e2bc3e5a8/print/,1,ECN,Economics/Economic Development,Encouragement of expanded small- and medium-sized enterprise (SME) participation in Coupang's e-commerce offering (no specific legislation). Discussion of job creation and sustainability gains made possible by Coupang's business model and innovation (no specific legislation).,"SVF Investments (UK), Ltd., identified on Registration (LD-1), has an ownership interest in registrant and, as an investor, in the lobbying issues listed above.",145063,BILL ANAYA,,False,True
47f0d26e-ea57-4fbe-b16d-ea2e2bc3e5a8,2024,first_quarter,Q1,1st Quarter - Report,2024-04-22T14:48:07-04:00,401106168,"COUPANG, INC.",211631,"COUPANG, INC.",direct_client,https://lda.gov/filings/public/filing/47f0d26e-ea57-4fbe-b16d-ea2e2bc3e5a8/print/,2,SMB,Small Business,Encouragement of expanded SME participation in Coupang's e-commerce offering (no specific legislation).,"SVF Investments (UK), Ltd., identified on Registration (LD-1), has an ownership interest in registrant and, as an investor, in the lobbying issues listed above.",137906,ALEX NELSON WONG,,False,True
47f0d26e-ea57-4fbe-b16d-ea2e2bc3e5a8,2024,first_quarter,Q1,1st Quarter - Report,2024-04-22T14:48:07-04:00,401106168,"COUPANG, INC.",211631,"COUPANG, INC.",direct_client,https://lda.gov/filings/public/filing/47f0d26e-ea57-4fbe-b16d-ea2e2bc3e5a8/print/,2,SMB,Small Business,Encouragement of expanded SME participation in Coupang's e-commerce offering (no specific legislation).,"SVF Investments (UK), Ltd., identified on Registration (LD-1), has an ownership interest in registrant and, as an investor, in the lobbying issues listed above.",145063,BILL ANAYA,,False,True
47f0d26e-ea57-4fbe-b16d-ea2e2bc3e5a8,2024,first_quarter,Q1,1st Quarter - Report,2024-04-22T14:48:07-04:00,401106168,"COUPANG, INC.",211631,"COUPANG, INC.",direct_client,https://lda.gov/filings/public/filing/47f0d26e-ea57-4fbe-b16d-ea2e2bc3e5a8/print/,3,TRD,Trade (domestic/foreign),- Discussion of economic benefits of Coupang's participation in and expansion to foreign markets. (no specific legislation) - Encouragement of expanded SME participation in Coupang's e-commerce offering. (no specific legislation) - Discussion of issues facing U.S. firms when participating in and expanding to foreign markets. (no specific legislation),"SVF Investments (UK), Ltd., identified on Registration (LD-1), has an ownership interest in registrant and, as an investor, in the lobbying issues listed above.",137906,ALEX NELSON WONG,,False,True
47f0d26e-ea57-4fbe-b16d-ea2e2bc3e5a8,2024,first_quarter,Q1,1st Quarter - Report,2024-04-22T14:48:07-04:00,401106168,"COUPANG, INC.",211631,"COUPANG, INC.",direct_client,https://lda.gov/filings/public/filing/47f0d26e-ea57-4fbe-b16d-ea2e2bc3e5a8/print/,3,TRD,Trade (domestic/foreign),- Discussion of economic benefits of Coupang's participation in and expansion to foreign markets. (no specific legislation) - Encouragement of expanded SME participation in Coupang's e-commerce offering. (no specific legislation) - Discussion of issues facing U.S. firms when participating in and expanding to foreign markets. (no specific legislation),"SVF Investments (UK), Ltd., identified on Registration (LD-1), has an ownership interest in registrant and, as an investor, in the lobbying issues listed above.",145063,BILL ANAYA,,False,True
a0fbdd3f-041a-4ac4-a184-2b19d9bd8293,2024,second_quarter,Q2,2nd Quarter - Report,2024-07-19T10:47:16-04:00,682,AKIN GUMP STRAUSS HAUER & FELD,211969,"COUPANG, INC.",direct_client,https://lda.gov/filings/public/filing/a0fbdd3f-041a-4ac4-a184-2b19d9bd8293/print/,1,ECN,Economics/Economic Development,Advancing economic development goals through Coupangs expansion in current and new markets.; Issues related to export promotion.,SVF Investments (UK) Ltd. has a financial interest in filer and the outcome of the lobbying issues listed.,72819,CLETE WILLEMS,,False,True
a0fbdd3f-041a-4ac4-a184-2b19d9bd8293,2024,second_quarter,Q2,2nd Quarter - Report,2024-07-19T10:47:16-04:00,682,AKIN GUMP STRAUSS HAUER & FELD,211969,"COUPANG, INC.",direct_client,https://lda.gov/filings/public/filing/a0fbdd3f-041a-4ac4-a184-2b19d9bd8293/print/,1,ECN,Economics/Economic Development,Advancing economic development goals through Coupangs expansion in current and new markets.; Issues related to export promotion.,SVF Investments (UK) Ltd. has a financial interest in filer and the outcome of the lobbying issues listed.,52134,BRIAN ARTHUR POMPER,,False,True
a0fbdd3f-041a-4ac4-a184-2b19d9bd8293,2024,second_quarter,Q2,2nd Quarter - Report,2024-07-19T10:47:16-04:00,682,AKIN GUMP STRAUSS HAUER & FELD,211969,"COUPANG, INC.",direct_client,https://lda.gov/filings/public/filing/a0fbdd3f-041a-4ac4-a184-2b19d9bd8293/print/,1,ECN,Economics/Economic Development,Advancing economic development goals through Coupangs expansion in current and new markets.; Issues related to export promotion.,SVF Investments (UK) Ltd. has a financial interest in filer and the outcome of the lobbying issues listed.,51406,ROGER MURRY,,False,True
a0fbdd3f-041a-4ac4-a184-2b19d9bd8293,2024,second_quarter,Q2,2nd Quarter - Report,2024-07-19T10:47:16-04:00,682,AKIN GUMP STRAUSS HAUER & FELD,211969,"COUPANG, INC.",direct_client,https://lda.gov/filings/public/filing/a0fbdd3f-041a-4ac4-a184-2b19d9bd8293/print/,2,TRD,Trade (domestic/foreign),Issues related to export promotion.,SVF Investments (UK) Ltd. has a financial interest in filer and the outcome of the lobbying issues listed.,52134,BRIAN ARTHUR POMPER,,False,True
a0fbdd3f-041a-4ac4-a184-2b19d9bd8293,2024,second_quarter,Q2,2nd Quarter - Report,2024-07-19T10:47:16-04:00,682,AKIN GUMP STRAUSS HAUER & FELD,211969,"COUPANG, INC.",direct_client,https://lda.gov/filings/public/filing/a0fbdd3f-041a-4ac4-a184-2b19d9bd8293/print/,2,TRD,Trade (domestic/foreign),Issues related to export promotion.,SVF Investments (UK) Ltd. has a financial interest in filer and the outcome of the lobbying issues listed.,72819,CLETE WILLEMS,,False,True
a0fbdd3f-041a-4ac4-a184-2b19d9bd8293,2024,second_quarter,Q2,2nd Quarter - Report,2024-07-19T10:47:16-04:00,682,AKIN GUMP STRAUSS HAUER & FELD,211969,"COUPANG, INC.",direct_client,https://lda.gov/filings/public/filing/a0fbdd3f-041a-4ac4-a184-2b19d9bd8293/print/,2,TRD,Trade (domestic/foreign),Issues related to export promotion.,SVF Investments (UK) Ltd. has a financial interest in filer and the outcome of the lobbying issues listed.,51406,ROGER MURRY,,False,True
59409478-4672-4412-b819-46c740ff9cdb,2024,second_quarter,Q2,2nd Quarter - Report,2024-07-19T17:14:30-04:00,401106168,"COUPANG, INC.",211631,"COUPANG, INC.",direct_client,https://lda.gov/filings/public/filing/59409478-4672-4412-b819-46c740ff9cdb/print/,1,TRD,Trade (domestic/foreign),Discussion of economic benefits of Coupang's participation in and expansion to foreign markets (no specific legislation). Encouragement of expanded SME participation in Coupang's e-commerce offering (no specific legislation). Discussion of issues facing U.S. firms when participating in and expanding to foreign markets (no specific legislation).,"SVF Investments (UK), Ltd., identified on Registration (LD-1), has an ownership interest in registrant and, as an investor, in the lobbying issues listed above.",137906,ALEX NELSON WONG,,False,True
59409478-4672-4412-b819-46c740ff9cdb,2024,second_quarter,Q2,2nd Quarter - Report,2024-07-19T17:14:30-04:00,401106168,"COUPANG, INC.",211631,"COUPANG, INC.",direct_client,https://lda.gov/filings/public/filing/59409478-4672-4412-b819-46c740ff9cdb/print/,1,TRD,Trade (domestic/foreign),Discussion of economic benefits of Coupang's participation in and expansion to foreign markets (no specific legislation). Encouragement of expanded SME participation in Coupang's e-commerce offering (no specific legislation). Discussion of issues facing U.S. firms when participating in and expanding to foreign markets (no specific legislation).,"SVF Investments (UK), Ltd., identified on Registration (LD-1), has an ownership interest in registrant and, as an investor, in the lobbying issues listed above.",145063,BILL ANAYA,,False,True
59409478-4672-4412-b819-46c740ff9cdb,2024,second_quarter,Q2,2nd Quarter - Report,2024-07-19T17:14:30-04:00,401106168,"COUPANG, INC.",211631,"COUPANG, INC.",direct_client,https://lda.gov/filings/public/filing/59409478-4672-4412-b819-46c740ff9cdb/print/,2,ECN,Economics/Economic Development,Encouragement of expanded small- and medium-sized enterprise (SME) participation in Coupang's e-commerce offering (no specific legislation). Discussion of job creation and sustainability gains made possible by Coupang's business model and innovation (no specific legislation).,"SVF Investments (UK), Ltd., identified on Registration (LD-1), has an ownership interest in registrant and, as an investor, in the lobbying issues listed above.",137906,ALEX NELSON WONG,,False,True
59409478-4672-4412-b819-46c740ff9cdb,2024,second_quarter,Q2,2nd Quarter - Report,2024-07-19T17:14:30-04:00,401106168,"COUPANG, INC.",211631,"COUPANG, INC.",direct_client,https://lda.gov/filings/public/filing/59409478-4672-4412-b819-46c740ff9cdb/print/,2,ECN,Economics/Economic Development,Encouragement of expanded small- and medium-sized enterprise (SME) participation in Coupang's e-commerce offering (no specific legislation). Discussion of job creation and sustainability gains made possible by Coupang's business model and innovation (no specific legislation).,"SVF Investments (UK), Ltd., identified on Registration (LD-1), has an ownership interest in registrant and, as an investor, in the lobbying issues listed above.",145063,BILL ANAYA,,False,True
59409478-4672-4412-b819-46c740ff9cdb,2024,second_quarter,Q2,2nd Quarter - Report,2024-07-19T17:14:30-04:00,401106168,"COUPANG, INC.",211631,"COUPANG, INC.",direct_client,https://lda.gov/filings/public/filing/59409478-4672-4412-b819-46c740ff9cdb/print/,3,SMB,Small Business,Encouragement of expanded SME participation in Coupang's e-commerce offering (no specific legislation).,"SVF Investments (UK), Ltd., identified on Registration (LD-1), has an ownership interest in registrant and, as an investor, in the lobbying issues listed above.",137906,ALEX NELSON WONG,,False,True
59409478-4672-4412-b819-46c740ff9cdb,2024,second_quarter,Q2,2nd Quarter - Report,2024-07-19T17:14:30-04:00,401106168,"COUPANG, INC.",211631,"COUPANG, INC.",direct_client,https://lda.gov/filings/public/filing/59409478-4672-4412-b819-46c740ff9cdb/print/,3,SMB,Small Business,Encouragement of expanded SME participation in Coupang's e-commerce offering (no specific legislation).,"SVF Investments (UK), Ltd., identified on Registration (LD-1), has an ownership interest in registrant and, as an investor, in the lobbying issues listed above.",145063,BILL ANAYA,,False,True
7eb3510e-cdb6-46cb-b5a6-72cc6f6514fa,2024,second_quarter,Q2,2nd Quarter - Report,2024-07-20T22:07:30-04:00,287394,PUTALASTRATEGIES,58096,"COUPANG, INC.",direct_client,https://lda.gov/filings/public/filing/7eb3510e-cdb6-46cb-b5a6-72cc6f6514fa/print/,1,TRD,Trade (domestic/foreign),Policies and proposals to support U.S. exports and business growth in international markets.,"SVF Investments (UK), Ltd., identified on Registration (LD-1), has an ownership interest in client, and, as an investor, in the lobbying issues listed above.",18680,CHRISTOPHER PUTALA,,False,True
7f1a20a0-72fb-4b41-8f22-673c74a4a792,2024,third_quarter,Q3,3rd Quarter - Report,2024-10-18T13:03:53-04:00,401106168,"COUPANG, INC.",211631,"COUPANG, INC.",direct_client,https://lda.gov/filings/public/filing/7f1a20a0-72fb-4b41-8f22-673c74a4a792/print/,1,ECN,Economics/Economic Development,Encouragement of expanded small- and medium-sized enterprise (SME) participation in Coupang's e-commerce offering (no specific legislation). Discussion of job creation and sustainability gains made possible by Coupang's business model and innovation (no specific legislation).,"SVF Investments (UK), Ltd., identified on Registration (LD-1), has an ownership interest in registrant and, as an investor, in the lobbying issues listed above.",145063,BILL ANAYA,,False,True
7f1a20a0-72fb-4b41-8f22-673c74a4a792,2024,third_quarter,Q3,3rd Quarter - Report,2024-10-18T13:03:53-04:00,401106168,"COUPANG, INC.",211631,"COUPANG, INC.",direct_client,https://lda.gov/filings/public/filing/7f1a20a0-72fb-4b41-8f22-673c74a4a792/print/,1,ECN,Economics/Economic Development,Encouragement of expanded small- and medium-sized enterprise (SME) participation in Coupang's e-commerce offering (no specific legislation). Discussion of job creation and sustainability gains made possible by Coupang's business model and innovation (no specific legislation).,"SVF Investments (UK), Ltd., identified on Registration (LD-1), has an ownership interest in registrant and, as an investor, in the lobbying issues listed above.",137906,ALEX NELSON WONG,,False,True
7f1a20a0-72fb-4b41-8f22-673c74a4a792,2024,third_quarter,Q3,3rd Quarter - Report,2024-10-18T13:03:53-04:00,401106168,"COUPANG, INC.",211631,"COUPANG, INC.",direct_client,https://lda.gov/filings/public/filing/7f1a20a0-72fb-4b41-8f22-673c74a4a792/print/,1,ECN,Economics/Economic Development,Encouragement of expanded small- and medium-sized enterprise (SME) participation in Coupang's e-commerce offering (no specific legislation). Discussion of job creation and sustainability gains made possible by Coupang's business model and innovation (no specific legislation).,"SVF Investments (UK), Ltd., identified on Registration (LD-1), has an ownership interest in registrant and, as an investor, in the lobbying issues listed above.",147684,ARI ZIMMERMAN,"Prof. Staff, H. Armed Services Comm.(4/17-1/19). Military LA, Rep. John Carter (11/15-4/17). Military LA, Rep. Trent Franks (12/12-11/15). LA/LC/Staff Asst., Rep. Allen West (1/11-12/12). Intern, Rep. Baron Hill.",True,True
7f1a20a0-72fb-4b41-8f22-673c74a4a792,2024,third_quarter,Q3,3rd Quarter - Report,2024-10-18T13:03:53-04:00,401106168,"COUPANG, INC.",211631,"COUPANG, INC.",direct_client,https://lda.gov/filings/public/filing/7f1a20a0-72fb-4b41-8f22-673c74a4a792/print/,2,SMB,Small Business,Encouragement of expanded SME participation in Coupang's e-commerce offering (no specific legislation).,"SVF Investments (UK), Ltd., identified on Registration (LD-1), has an ownership interest in registrant and, as an investor, in the lobbying issues listed above.",145063,BILL ANAYA,,False,True
7f1a20a0-72fb-4b41-8f22-673c74a4a792,2024,third_quarter,Q3,3rd Quarter - Report,2024-10-18T13:03:53-04:00,401106168,"COUPANG, INC.",211631,"COUPANG, INC.",direct_client,https://lda.gov/filings/public/filing/7f1a20a0-72fb-4b41-8f22-673c74a4a792/print/,2,SMB,Small Business,Encouragement of expanded SME participation in Coupang's e-commerce offering (no specific legislation).,"SVF Investments (UK), Ltd., identified on Registration (LD-1), has an ownership interest in registrant and, as an investor, in the lobbying issues listed above.",137906,ALEX NELSON WONG,,False,True
7f1a20a0-72fb-4b41-8f22-673c74a4a792,2024,third_quarter,Q3,3rd Quarter - Report,2024-10-18T13:03:53-04:00,401106168,"COUPANG, INC.",211631,"COUPANG, INC.",direct_client,https://lda.gov/filings/public/filing/7f1a20a0-72fb-4b41-8f22-673c74a4a792/print/,2,SMB,Small Business,Encouragement of expanded SME participation in Coupang's e-commerce offering (no specific legislation).,"SVF Investments (UK), Ltd., identified on Registration (LD-1), has an ownership interest in registrant and, as an investor, in the lobbying issues listed above.",147684,ARI ZIMMERMAN,"Prof. Staff, H. Armed Services Comm.(4/17-1/19). Military LA, Rep. John Carter (11/15-4/17). Military LA, Rep. Trent Franks (12/12-11/15). LA/LC/Staff Asst., Rep. Allen West (1/11-12/12). Intern, Rep. Baron Hill.",True,True
7f1a20a0-72fb-4b41-8f22-673c74a4a792,2024,third_quarter,Q3,3rd Quarter - Report,2024-10-18T13:03:53-04:00,401106168,"COUPANG, INC.",211631,"COUPANG, INC.",direct_client,https://lda.gov/filings/public/filing/7f1a20a0-72fb-4b41-8f22-673c74a4a792/print/,3,TRD,Trade (domestic/foreign),Discussion of economic benefits of Coupang's participation in and expansion to foreign markets (no specific legislation). Encouragement of expanded SME participation in Coupang's e-commerce offering (no specific legislation). Discussion of issues facing U.S. firms when participating in and expanding to foreign markets (no specific legislation).,"SVF Investments (UK), Ltd., identified on Registration (LD-1), has an ownership interest in registrant and, as an investor, in the lobbying issues listed above.",145063,BILL ANAYA,,False,True
7f1a20a0-72fb-4b41-8f22-673c74a4a792,2024,third_quarter,Q3,3rd Quarter - Report,2024-10-18T13:03:53-04:00,401106168,"COUPANG, INC.",211631,"COUPANG, INC.",direct_client,https://lda.gov/filings/public/filing/7f1a20a0-72fb-4b41-8f22-673c74a4a792/print/,3,TRD,Trade (domestic/foreign),Discussion of economic benefits of Coupang's participation in and expansion to foreign markets (no specific legislation). Encouragement of expanded SME participation in Coupang's e-commerce offering (no specific legislation). Discussion of issues facing U.S. firms when participating in and expanding to foreign markets (no specific legislation).,"SVF Investments (UK), Ltd., identified on Registration (LD-1), has an ownership interest in registrant and, as an investor, in the lobbying issues listed above.",137906,ALEX NELSON WONG,,False,True
7f1a20a0-72fb-4b41-8f22-673c74a4a792,2024,third_quarter,Q3,3rd Quarter - Report,2024-10-18T13:03:53-04:00,401106168,"COUPANG, INC.",211631,"COUPANG, INC.",direct_client,https://lda.gov/filings/public/filing/7f1a20a0-72fb-4b41-8f22-673c74a4a792/print/,3,TRD,Trade (domestic/foreign),Discussion of economic benefits of Coupang's participation in and expansion to foreign markets (no specific legislation). Encouragement of expanded SME participation in Coupang's e-commerce offering (no specific legislation). Discussion of issues facing U.S. firms when participating in and expanding to foreign markets (no specific legislation).,"SVF Investments (UK), Ltd., identified on Registration (LD-1), has an ownership interest in registrant and, as an investor, in the lobbying issues listed above.",147684,ARI ZIMMERMAN,"Prof. Staff, H. Armed Services Comm.(4/17-1/19). Military LA, Rep. John Carter (11/15-4/17). Military LA, Rep. Trent Franks (12/12-11/15). LA/LC/Staff Asst., Rep. Allen West (1/11-12/12). Intern, Rep. Baron Hill.",True,True
a08d6fcd-a3cc-4fa7-9db9-e1c28a56e68d,2024,third_quarter,Q3,3rd Quarter - Report,2024-10-19T13:56:37-04:00,287394,PUTALASTRATEGIES,58096,"COUPANG, INC.",direct_client,https://lda.gov/filings/public/filing/a08d6fcd-a3cc-4fa7-9db9-e1c28a56e68d/print/,1,TRD,Trade (domestic/foreign),Policies and proposals to support U.S. exports and business growth in international markets.,"SVF Investments (UK), Ltd., identified on Registration (LD-1), has an ownership interest in client, and, as an investor, in the lobbying issues listed above.",18680,CHRISTOPHER PUTALA,,False,True
626ad078-4796-45f9-97d2-3bb16aa43be4,2024,third_quarter,Q3,3rd Quarter - Report,2024-10-21T17:20:27-04:00,682,AKIN GUMP STRAUSS HAUER & FELD,211969,"COUPANG, INC.",direct_client,https://lda.gov/filings/public/filing/626ad078-4796-45f9-97d2-3bb16aa43be4/print/,1,ECN,Economics/Economic Development,Advancing economic development goals through Coupangs expansion in current and new markets.,,72819,CLETE WILLEMS,,False,True
626ad078-4796-45f9-97d2-3bb16aa43be4,2024,third_quarter,Q3,3rd Quarter - Report,2024-10-21T17:20:27-04:00,682,AKIN GUMP STRAUSS HAUER & FELD,211969,"COUPANG, INC.",direct_client,https://lda.gov/filings/public/filing/626ad078-4796-45f9-97d2-3bb16aa43be4/print/,2,TRD,Trade (domestic/foreign),Issues related to export promotion.,,52134,BRIAN ARTHUR POMPER,,False,True
626ad078-4796-45f9-97d2-3bb16aa43be4,2024,third_quarter,Q3,3rd Quarter - Report,2024-10-21T17:20:27-04:00,682,AKIN GUMP STRAUSS HAUER & FELD,211969,"COUPANG, INC.",direct_client,https://lda.gov/filings/public/filing/626ad078-4796-45f9-97d2-3bb16aa43be4/print/,2,TRD,Trade (domestic/foreign),Issues related to export promotion.,,51406,ROGER MURRY,,False,True
626ad078-4796-45f9-97d2-3bb16aa43be4,2024,third_quarter,Q3,3rd Quarter - Report,2024-10-21T17:20:27-04:00,682,AKIN GUMP STRAUSS HAUER & FELD,211969,"COUPANG, INC.",direct_client,https://lda.gov/filings/public/filing/626ad078-4796-45f9-97d2-3bb16aa43be4/print/,2,TRD,Trade (domestic/foreign),Issues related to export promotion.,,145980,PHYLICIA WU,,False,True
9ac941da-ab58-432e-8b1b-907d4812c36f,2025,first_quarter,RR,Registration,2025-01-03T17:38:23-05:00,401104313,"MILLER STRATEGIES, LLC",63370,"COUPANG, INC.",direct_client,https://lda.gov/filings/public/filing/9ac941da-ab58-432e-8b1b-907d4812c36f/print/,1,ECN,Economics/Economic Development,Advancing economic development goals through Coupang's expansion in current and new markets. Issues as they relate to export promotion.,,71740,JONATHAN HILER,"Director of Legislative Affairs, Office of the Vice President, Mike Pence;Legislative Director, Senator Tom Cotton; Legislative Director, Rep. TomCotton; Policy Advisor, Rep. Mike Pence; Policy Advisor, Rep. JebHensarling.",True,False
9ac941da-ab58-432e-8b1b-907d4812c36f,2025,first_quarter,RR,Registration,2025-01-03T17:38:23-05:00,401104313,"MILLER STRATEGIES, LLC",63370,"COUPANG, INC.",direct_client,https://lda.gov/filings/public/filing/9ac941da-ab58-432e-8b1b-907d4812c36f/print/,1,ECN,Economics/Economic Development,Advancing economic development goals through Coupang's expansion in current and new markets. Issues as they relate to export promotion.,,65463,JEFFREY MILLER,,True,False
9ac941da-ab58-432e-8b1b-907d4812c36f,2025,first_quarter,RR,Registration,2025-01-03T17:38:23-05:00,401104313,"MILLER STRATEGIES, LLC",63370,"COUPANG, INC.",direct_client,https://lda.gov/filings/public/filing/9ac941da-ab58-432e-8b1b-907d4812c36f/print/,1,ECN,Economics/Economic Development,Advancing economic development goals through Coupang's expansion in current and new markets. Issues as they relate to export promotion.,,148686,JAMES TYLER GRIMM,"Chief Counsel, Policy and Strategy, Counsel, Chief Adviser, Policy,Strategy and Communications, Rep. Jim Jordan. Deputy Chief of Staff,Legislative Director, Senior Staff Member, Rep. Darrell Issa. Senior StaffMember, Rep. Jason Chaffetz",True,False
9ac941da-ab58-432e-8b1b-907d4812c36f,2025,first_quarter,RR,Registration,2025-01-03T17:38:23-05:00,401104313,"MILLER STRATEGIES, LLC",63370,"COUPANG, INC.",direct_client,https://lda.gov/filings/public/filing/9ac941da-ab58-432e-8b1b-907d4812c36f/print/,2,TRD,Trade (domestic/foreign),Advancing economic development goals through Coupang's expansion in current and new markets. Issues as they relate to export promotion.,,71740,JONATHAN HILER,"Director of Legislative Affairs, Office of the Vice President, Mike Pence;Legislative Director, Senator Tom Cotton; Legislative Director, Rep. TomCotton; Policy Advisor, Rep. Mike Pence; Policy Advisor, Rep. JebHensarling.",True,False
9ac941da-ab58-432e-8b1b-907d4812c36f,2025,first_quarter,RR,Registration,2025-01-03T17:38:23-05:00,401104313,"MILLER STRATEGIES, LLC",63370,"COUPANG, INC.",direct_client,https://lda.gov/filings/public/filing/9ac941da-ab58-432e-8b1b-907d4812c36f/print/,2,TRD,Trade (domestic/foreign),Advancing economic development goals through Coupang's expansion in current and new markets. Issues as they relate to export promotion.,,65463,JEFFREY MILLER,,True,False
9ac941da-ab58-432e-8b1b-907d4812c36f,2025,first_quarter,RR,Registration,2025-01-03T17:38:23-05:00,401104313,"MILLER STRATEGIES, LLC",63370,"COUPANG, INC.",direct_client,https://lda.gov/filings/public/filing/9ac941da-ab58-432e-8b1b-907d4812c36f/print/,2,TRD,Trade (domestic/foreign),Advancing economic development goals through Coupang's expansion in current and new markets. Issues as they relate to export promotion.,,148686,JAMES TYLER GRIMM,"Chief Counsel, Policy and Strategy, Counsel, Chief Adviser, Policy,Strategy and Communications, Rep. Jim Jordan. Deputy Chief of Staff,Legislative Director, Senior Staff Member, Rep. Darrell Issa. Senior StaffMember, Rep. Jason Chaffetz",True,False
4e77bb1e-a3e5-488a-9a99-9f96c8edc2df,2024,fourth_quarter,4T,4th Quarter - Termination,2025-01-18T13:31:12-05:00,287394,PUTALASTRATEGIES,58096,"COUPANG, INC.",direct_client,https://lda.gov/filings/public/filing/4e77bb1e-a3e5-488a-9a99-9f96c8edc2df/print/,1,TRD,Trade (domestic/foreign),Policies and proposals to support U.S. exports and business growth in international markets.,"SVF Investments (UK), Ltd., identified on Registration (LD-1), has an ownership interest in client, and, as an investor, in the lobbying issues listed above.",18680,CHRISTOPHER PUTALA,,False,True
afd21958-3eb1-43d6-8b65-1a5c5f4872a6,2024,fourth_quarter,Q4,4th Quarter - Report,2025-01-21T10:04:35-05:00,401106168,"COUPANG, INC.",211631,"COUPANG, INC.",direct_client,https://lda.gov/filings/public/filing/afd21958-3eb1-43d6-8b65-1a5c5f4872a6/print/,1,SMB,Small Business,Encouragement of expanded SME participation in Coupang's e-commerce offering and increased market access (no specific legislation).,"SVF Investments (UK), Ltd., identified on Registration (LD-1), has an ownership interest in registrant and, as an investor, in the lobbying issues listed above.",145063,BILL ANAYA,,False,True
afd21958-3eb1-43d6-8b65-1a5c5f4872a6,2024,fourth_quarter,Q4,4th Quarter - Report,2025-01-21T10:04:35-05:00,401106168,"COUPANG, INC.",211631,"COUPANG, INC.",direct_client,https://lda.gov/filings/public/filing/afd21958-3eb1-43d6-8b65-1a5c5f4872a6/print/,1,SMB,Small Business,Encouragement of expanded SME participation in Coupang's e-commerce offering and increased market access (no specific legislation).,"SVF Investments (UK), Ltd., identified on Registration (LD-1), has an ownership interest in registrant and, as an investor, in the lobbying issues listed above.",137906,ALEX NELSON WONG,,False,True
afd21958-3eb1-43d6-8b65-1a5c5f4872a6,2024,fourth_quarter,Q4,4th Quarter - Report,2025-01-21T10:04:35-05:00,401106168,"COUPANG, INC.",211631,"COUPANG, INC.",direct_client,https://lda.gov/filings/public/filing/afd21958-3eb1-43d6-8b65-1a5c5f4872a6/print/,1,SMB,Small Business,Encouragement of expanded SME participation in Coupang's e-commerce offering and increased market access (no specific legislation).,"SVF Investments (UK), Ltd., identified on Registration (LD-1), has an ownership interest in registrant and, as an investor, in the lobbying issues listed above.",147684,ARI ZIMMERMAN,,False,True
afd21958-3eb1-43d6-8b65-1a5c5f4872a6,2024,fourth_quarter,Q4,4th Quarter - Report,2025-01-21T10:04:35-05:00,401106168,"COUPANG, INC.",211631,"COUPANG, INC.",direct_client,https://lda.gov/filings/public/filing/afd21958-3eb1-43d6-8b65-1a5c5f4872a6/print/,2,TRD,Trade (domestic/foreign),Discussion of economic benefits of Coupang's participation in and expansion to foreign markets. Encouragement of expanded SME participation in Coupang's e-commerce offering. Discussion of issues facing U.S. firms when participating in and expanding to foreign markets (no specific legislation).,"SVF Investments (UK), Ltd., identified on Registration (LD-1), has an ownership interest in registrant and, as an investor, in the lobbying issues listed above.",137906,ALEX NELSON WONG,,False,True
afd21958-3eb1-43d6-8b65-1a5c5f4872a6,2024,fourth_quarter,Q4,4th Quarter - Report,2025-01-21T10:04:35-05:00,401106168,"COUPANG, INC.",211631,"COUPANG, INC.",direct_client,https://lda.gov/filings/public/filing/afd21958-3eb1-43d6-8b65-1a5c5f4872a6/print/,2,TRD,Trade (domestic/foreign),Discussion of economic benefits of Coupang's participation in and expansion to foreign markets. Encouragement of expanded SME participation in Coupang's e-commerce offering. Discussion of issues facing U.S. firms when participating in and expanding to foreign markets (no specific legislation).,"SVF Investments (UK), Ltd., identified on Registration (LD-1), has an ownership interest in registrant and, as an investor, in the lobbying issues listed above.",147684,ARI ZIMMERMAN,,False,True
afd21958-3eb1-43d6-8b65-1a5c5f4872a6,2024,fourth_quarter,Q4,4th Quarter - Report,2025-01-21T10:04:35-05:00,401106168,"COUPANG, INC.",211631,"COUPANG, INC.",direct_client,https://lda.gov/filings/public/filing/afd21958-3eb1-43d6-8b65-1a5c5f4872a6/print/,2,TRD,Trade (domestic/foreign),Discussion of economic benefits of Coupang's participation in and expansion to foreign markets. Encouragement of expanded SME participation in Coupang's e-commerce offering. Discussion of issues facing U.S. firms when participating in and expanding to foreign markets (no specific legislation).,"SVF Investments (UK), Ltd., identified on Registration (LD-1), has an ownership interest in registrant and, as an investor, in the lobbying issues listed above.",145063,BILL ANAYA,,False,True
afd21958-3eb1-43d6-8b65-1a5c5f4872a6,2024,fourth_quarter,Q4,4th Quarter - Report,2025-01-21T10:04:35-05:00,401106168,"COUPANG, INC.",211631,"COUPANG, INC.",direct_client,https://lda.gov/filings/public/filing/afd21958-3eb1-43d6-8b65-1a5c5f4872a6/print/,3,ECN,Economics/Economic Development,Encouragement of expanded small- and medium-sized enterprise (SME) participation in Coupang's e-commerce offering. Discussion of job creation gains made possible by Coupang's business model and innovation (no specific legislation).,"SVF Investments (UK), Ltd., identified on Registration (LD-1), has an ownership interest in registrant and, as an investor, in the lobbying issues listed above.",145063,BILL ANAYA,,False,True
afd21958-3eb1-43d6-8b65-1a5c5f4872a6,2024,fourth_quarter,Q4,4th Quarter - Report,2025-01-21T10:04:35-05:00,401106168,"COUPANG, INC.",211631,"COUPANG, INC.",direct_client,https://lda.gov/filings/public/filing/afd21958-3eb1-43d6-8b65-1a5c5f4872a6/print/,3,ECN,Economics/Economic Development,Encouragement of expanded small- and medium-sized enterprise (SME) participation in Coupang's e-commerce offering. Discussion of job creation gains made possible by Coupang's business model and innovation (no specific legislation).,"SVF Investments (UK), Ltd., identified on Registration (LD-1), has an ownership interest in registrant and, as an investor, in the lobbying issues listed above.",137906,ALEX NELSON WONG,,False,True
afd21958-3eb1-43d6-8b65-1a5c5f4872a6,2024,fourth_quarter,Q4,4th Quarter - Report,2025-01-21T10:04:35-05:00,401106168,"COUPANG, INC.",211631,"COUPANG, INC.",direct_client,https://lda.gov/filings/public/filing/afd21958-3eb1-43d6-8b65-1a5c5f4872a6/print/,3,ECN,Economics/Economic Development,Encouragement of expanded small- and medium-sized enterprise (SME) participation in Coupang's e-commerce offering. Discussion of job creation gains made possible by Coupang's business model and innovation (no specific legislation).,"SVF Investments (UK), Ltd., identified on Registration (LD-1), has an ownership interest in registrant and, as an investor, in the lobbying issues listed above.",147684,ARI ZIMMERMAN,,False,True
276294f4-c2f1-4e08-8207-cdb57a69ef62,2024,fourth_quarter,Q4,4th Quarter - Report,2025-01-21T15:25:15-05:00,682,AKIN GUMP STRAUSS HAUER & FELD,211969,"COUPANG, INC.",direct_client,https://lda.gov/filings/public/filing/276294f4-c2f1-4e08-8207-cdb57a69ef62/print/,1,ECN,Economics/Economic Development,Advancing economic development goals through Coupangs expansion in current and new markets.,,72819,CLETE WILLEMS,,False,True
276294f4-c2f1-4e08-8207-cdb57a69ef62,2024,fourth_quarter,Q4,4th Quarter - Report,2025-01-21T15:25:15-05:00,682,AKIN GUMP STRAUSS HAUER & FELD,211969,"COUPANG, INC.",direct_client,https://lda.gov/filings/public/filing/276294f4-c2f1-4e08-8207-cdb57a69ef62/print/,2,TRD,Trade (domestic/foreign),Issues related to export promotion.,,72819,CLETE WILLEMS,,False,True
276294f4-c2f1-4e08-8207-cdb57a69ef62,2024,fourth_quarter,Q4,4th Quarter - Report,2025-01-21T15:25:15-05:00,682,AKIN GUMP STRAUSS HAUER & FELD,211969,"COUPANG, INC.",direct_client,https://lda.gov/filings/public/filing/276294f4-c2f1-4e08-8207-cdb57a69ef62/print/,2,TRD,Trade (domestic/foreign),Issues related to export promotion.,,145980,PHYLICIA WU,,False,True
276294f4-c2f1-4e08-8207-cdb57a69ef62,2024,fourth_quarter,Q4,4th Quarter - Report,2025-01-21T15:25:15-05:00,682,AKIN GUMP STRAUSS HAUER & FELD,211969,"COUPANG, INC.",direct_client,https://lda.gov/filings/public/filing/276294f4-c2f1-4e08-8207-cdb57a69ef62/print/,2,TRD,Trade (domestic/foreign),Issues related to export promotion.,,51406,ROGER MURRY,,False,True
491655eb-09d0-4d07-88b2-c3e65d6fab2f,2025,first_quarter,RR,Registration,2025-02-10T18:55:09-05:00,401106285,"CONTINENTAL STRATEGY, LLC",64134,COUPANG INC.,direct_client,https://lda.gov/filings/public/filing/491655eb-09d0-4d07-88b2-c3e65d6fab2f/print/,1,ECN,Economics/Economic Development,Discussion of economic benefits of Coupang's participation in and expansion to foreign markets. Encouragement of expanded SME participation in Coupang's E-commerce offering. Discussion of issues facing U.S. firms when participating in and expanding to foreign markets (no specific legislation).,,148927,ALBERTO ENRIQUE MARTINEZ,Chief of Staff for Marco Rubio,True,False
491655eb-09d0-4d07-88b2-c3e65d6fab2f,2025,first_quarter,RR,Registration,2025-02-10T18:55:09-05:00,401106285,"CONTINENTAL STRATEGY, LLC",64134,COUPANG INC.,direct_client,https://lda.gov/filings/public/filing/491655eb-09d0-4d07-88b2-c3e65d6fab2f/print/,1,ECN,Economics/Economic Development,Discussion of economic benefits of Coupang's participation in and expansion to foreign markets. Encouragement of expanded SME participation in Coupang's E-commerce offering. Discussion of issues facing U.S. firms when participating in and expanding to foreign markets (no specific legislation).,,114736,CARLOS TRUJILLO,US OAS Ambassador,True,False
18975d8f-9f25-4f5f-af99-88c77919252f,2025,first_quarter,Q1,1st Quarter - Report,2025-04-16T09:36:25-04:00,401106285,"CONTINENTAL STRATEGY, LLC",64134,COUPANG INC.,direct_client,https://lda.gov/filings/public/filing/18975d8f-9f25-4f5f-af99-88c77919252f/print/,1,ECN,Economics/Economic Development,Facilitating meetings and discussions on the expansion into foreign markets and E-commerce.,,114736,CARLOS TRUJILLO,US OAS Ambassador,False,True
18975d8f-9f25-4f5f-af99-88c77919252f,2025,first_quarter,Q1,1st Quarter - Report,2025-04-16T09:36:25-04:00,401106285,"CONTINENTAL STRATEGY, LLC",64134,COUPANG INC.,direct_client,https://lda.gov/filings/public/filing/18975d8f-9f25-4f5f-af99-88c77919252f/print/,1,ECN,Economics/Economic Development,Facilitating meetings and discussions on the expansion into foreign markets and E-commerce.,,148927,ALBERTO ENRIQUE MARTINEZ,Chief of Staff to Marco Rubio,False,True
5fad11e6-0c8c-4430-8105-fce1c3677eea,2025,first_quarter,Q1,1st Quarter - Report,2025-04-21T14:18:54-04:00,682,AKIN GUMP STRAUSS HAUER & FELD,211969,"COUPANG, INC.",direct_client,https://lda.gov/filings/public/filing/5fad11e6-0c8c-4430-8105-fce1c3677eea/print/,1,ECN,Economics/Economic Development,Advancing economic development goals through Coupangs expansion in current and new markets.,,72819,CLETE WILLEMS,,False,True
5fad11e6-0c8c-4430-8105-fce1c3677eea,2025,first_quarter,Q1,1st Quarter - Report,2025-04-21T14:18:54-04:00,682,AKIN GUMP STRAUSS HAUER & FELD,211969,"COUPANG, INC.",direct_client,https://lda.gov/filings/public/filing/5fad11e6-0c8c-4430-8105-fce1c3677eea/print/,1,ECN,Economics/Economic Development,Advancing economic development goals through Coupangs expansion in current and new markets.,,93554,JOSE BORJON,,False,True
5fad11e6-0c8c-4430-8105-fce1c3677eea,2025,first_quarter,Q1,1st Quarter - Report,2025-04-21T14:18:54-04:00,682,AKIN GUMP STRAUSS HAUER & FELD,211969,"COUPANG, INC.",direct_client,https://lda.gov/filings/public/filing/5fad11e6-0c8c-4430-8105-fce1c3677eea/print/,1,ECN,Economics/Economic Development,Advancing economic development goals through Coupangs expansion in current and new markets.,,139541,JOSEPH G. FAWKNER,,False,True
5fad11e6-0c8c-4430-8105-fce1c3677eea,2025,first_quarter,Q1,1st Quarter - Report,2025-04-21T14:18:54-04:00,682,AKIN GUMP STRAUSS HAUER & FELD,211969,"COUPANG, INC.",direct_client,https://lda.gov/filings/public/filing/5fad11e6-0c8c-4430-8105-fce1c3677eea/print/,1,ECN,Economics/Economic Development,Advancing economic development goals through Coupangs expansion in current and new markets.,,57048,SALLY STEWART LAING,"Chief International Trade Counsel, Senate Finance Committee and Chair Ron Wyden, Sept. 2021- Oct. 2024.",True,True
5fad11e6-0c8c-4430-8105-fce1c3677eea,2025,first_quarter,Q1,1st Quarter - Report,2025-04-21T14:18:54-04:00,682,AKIN GUMP STRAUSS HAUER & FELD,211969,"COUPANG, INC.",direct_client,https://lda.gov/filings/public/filing/5fad11e6-0c8c-4430-8105-fce1c3677eea/print/,1,ECN,Economics/Economic Development,Advancing economic development goals through Coupangs expansion in current and new markets.,,51406,ROGER MURRY,,False,True
5fad11e6-0c8c-4430-8105-fce1c3677eea,2025,first_quarter,Q1,1st Quarter - Report,2025-04-21T14:18:54-04:00,682,AKIN GUMP STRAUSS HAUER & FELD,211969,"COUPANG, INC.",direct_client,https://lda.gov/filings/public/filing/5fad11e6-0c8c-4430-8105-fce1c3677eea/print/,1,ECN,Economics/Economic Development,Advancing economic development goals through Coupangs expansion in current and new markets.,,52134,BRIAN ARTHUR POMPER,,False,True
5fad11e6-0c8c-4430-8105-fce1c3677eea,2025,first_quarter,Q1,1st Quarter - Report,2025-04-21T14:18:54-04:00,682,AKIN GUMP STRAUSS HAUER & FELD,211969,"COUPANG, INC.",direct_client,https://lda.gov/filings/public/filing/5fad11e6-0c8c-4430-8105-fce1c3677eea/print/,1,ECN,Economics/Economic Development,Advancing economic development goals through Coupangs expansion in current and new markets.,,145980,PHYLICIA WU,,False,True
5fad11e6-0c8c-4430-8105-fce1c3677eea,2025,first_quarter,Q1,1st Quarter - Report,2025-04-21T14:18:54-04:00,682,AKIN GUMP STRAUSS HAUER & FELD,211969,"COUPANG, INC.",direct_client,https://lda.gov/filings/public/filing/5fad11e6-0c8c-4430-8105-fce1c3677eea/print/,2,TRD,Trade (domestic/foreign),Issues related to export promotion.,,145980,PHYLICIA WU,,False,True
5fad11e6-0c8c-4430-8105-fce1c3677eea,2025,first_quarter,Q1,1st Quarter - Report,2025-04-21T14:18:54-04:00,682,AKIN GUMP STRAUSS HAUER & FELD,211969,"COUPANG, INC.",direct_client,https://lda.gov/filings/public/filing/5fad11e6-0c8c-4430-8105-fce1c3677eea/print/,2,TRD,Trade (domestic/foreign),Issues related to export promotion.,,93554,JOSE BORJON,,False,True
5fad11e6-0c8c-4430-8105-fce1c3677eea,2025,first_quarter,Q1,1st Quarter - Report,2025-04-21T14:18:54-04:00,682,AKIN GUMP STRAUSS HAUER & FELD,211969,"COUPANG, INC.",direct_client,https://lda.gov/filings/public/filing/5fad11e6-0c8c-4430-8105-fce1c3677eea/print/,2,TRD,Trade (domestic/foreign),Issues related to export promotion.,,149567,ZACH DEATHERAGE,"Sr. Leg. Asst. & Leg. Dir., Rep. Stefanik (2/23-1/25); Leg. Asst., Rep. Hinson (1/21-2/23); Leg. Cor., Leg. Aide, & Leg. Asst., Rep. Ralph Abraham (6/19-1/21); Intern & Staff Asst., Rep. Steve Womack (6/18-6/19); Intern, Sen. Joni Ernst (7/16-8/16).",True,True
5fad11e6-0c8c-4430-8105-fce1c3677eea,2025,first_quarter,Q1,1st Quarter - Report,2025-04-21T14:18:54-04:00,682,AKIN GUMP STRAUSS HAUER & FELD,211969,"COUPANG, INC.",direct_client,https://lda.gov/filings/public/filing/5fad11e6-0c8c-4430-8105-fce1c3677eea/print/,2,TRD,Trade (domestic/foreign),Issues related to export promotion.,,139541,JOSEPH G. FAWKNER,,False,True
5fad11e6-0c8c-4430-8105-fce1c3677eea,2025,first_quarter,Q1,1st Quarter - Report,2025-04-21T14:18:54-04:00,682,AKIN GUMP STRAUSS HAUER & FELD,211969,"COUPANG, INC.",direct_client,https://lda.gov/filings/public/filing/5fad11e6-0c8c-4430-8105-fce1c3677eea/print/,2,TRD,Trade (domestic/foreign),Issues related to export promotion.,,57048,SALLY STEWART LAING,"Chief International Trade Counsel, Senate Finance Committee and Chair Ron Wyden, Sept. 2021- Oct. 2024.",True,True
5fad11e6-0c8c-4430-8105-fce1c3677eea,2025,first_quarter,Q1,1st Quarter - Report,2025-04-21T14:18:54-04:00,682,AKIN GUMP STRAUSS HAUER & FELD,211969,"COUPANG, INC.",direct_client,https://lda.gov/filings/public/filing/5fad11e6-0c8c-4430-8105-fce1c3677eea/print/,2,TRD,Trade (domestic/foreign),Issues related to export promotion.,,51406,ROGER MURRY,,False,True
5fad11e6-0c8c-4430-8105-fce1c3677eea,2025,first_quarter,Q1,1st Quarter - Report,2025-04-21T14:18:54-04:00,682,AKIN GUMP STRAUSS HAUER & FELD,211969,"COUPANG, INC.",direct_client,https://lda.gov/filings/public/filing/5fad11e6-0c8c-4430-8105-fce1c3677eea/print/,2,TRD,Trade (domestic/foreign),Issues related to export promotion.,,59406,SAM OLSWANGER,"Leg staff, Rep Webster, Jan 11-Jun 11; intrn, Rep Blackburn, Sep 08-Dec 08",True,True
5fad11e6-0c8c-4430-8105-fce1c3677eea,2025,first_quarter,Q1,1st Quarter - Report,2025-04-21T14:18:54-04:00,682,AKIN GUMP STRAUSS HAUER & FELD,211969,"COUPANG, INC.",direct_client,https://lda.gov/filings/public/filing/5fad11e6-0c8c-4430-8105-fce1c3677eea/print/,2,TRD,Trade (domestic/foreign),Issues related to export promotion.,,52134,BRIAN ARTHUR POMPER,,False,True
5fad11e6-0c8c-4430-8105-fce1c3677eea,2025,first_quarter,Q1,1st Quarter - Report,2025-04-21T14:18:54-04:00,682,AKIN GUMP STRAUSS HAUER & FELD,211969,"COUPANG, INC.",direct_client,https://lda.gov/filings/public/filing/5fad11e6-0c8c-4430-8105-fce1c3677eea/print/,2,TRD,Trade (domestic/foreign),Issues related to export promotion.,,151187,LAUREN SOLTANI RUBIN,,False,True
d6a62628-5116-407c-930b-e2ff2075e220,2025,first_quarter,Q1,1st Quarter - Report,2025-04-21T19:10:06-04:00,401106168,"COUPANG, INC.",211631,"COUPANG, INC.",direct_client,https://lda.gov/filings/public/filing/d6a62628-5116-407c-930b-e2ff2075e220/print/,1,ECN,Economics/Economic Development,Encouragement of expanded small- and medium-sized enterprise (SME) participation in Coupang's e-commerce offering. Discussion of job creation gains made possible by Coupang's business model and innovation (no specific legislation).,"SVF Investments (UK), Ltd., identified on Registration (LD-1), has an ownership interest in registrant and, as an investor, in the lobbying issues listed above.",145063,BILL ANAYA,,False,True
d6a62628-5116-407c-930b-e2ff2075e220,2025,first_quarter,Q1,1st Quarter - Report,2025-04-21T19:10:06-04:00,401106168,"COUPANG, INC.",211631,"COUPANG, INC.",direct_client,https://lda.gov/filings/public/filing/d6a62628-5116-407c-930b-e2ff2075e220/print/,1,ECN,Economics/Economic Development,Encouragement of expanded small- and medium-sized enterprise (SME) participation in Coupang's e-commerce offering. Discussion of job creation gains made possible by Coupang's business model and innovation (no specific legislation).,"SVF Investments (UK), Ltd., identified on Registration (LD-1), has an ownership interest in registrant and, as an investor, in the lobbying issues listed above.",147684,ARI ZIMMERMAN,,False,True
d6a62628-5116-407c-930b-e2ff2075e220,2025,first_quarter,Q1,1st Quarter - Report,2025-04-21T19:10:06-04:00,401106168,"COUPANG, INC.",211631,"COUPANG, INC.",direct_client,https://lda.gov/filings/public/filing/d6a62628-5116-407c-930b-e2ff2075e220/print/,1,ECN,Economics/Economic Development,Encouragement of expanded small- and medium-sized enterprise (SME) participation in Coupang's e-commerce offering. Discussion of job creation gains made possible by Coupang's business model and innovation (no specific legislation).,"SVF Investments (UK), Ltd., identified on Registration (LD-1), has an ownership interest in registrant and, as an investor, in the lobbying issues listed above.",150796,JASON ALEXANDER PARK,"Senate Committee on Finance, International Trade Counsel; Senate Committee on the Budget, Revenues Counsel; Senator Patty Murray, Legislative Counsel",True,True
d6a62628-5116-407c-930b-e2ff2075e220,2025,first_quarter,Q1,1st Quarter - Report,2025-04-21T19:10:06-04:00,401106168,"COUPANG, INC.",211631,"COUPANG, INC.",direct_client,https://lda.gov/filings/public/filing/d6a62628-5116-407c-930b-e2ff2075e220/print/,2,SMB,Small Business,Encouragement of expanded SME participation in Coupang's e-commerce offering and increased market access (no specific legislation).,"SVF Investments (UK), Ltd., identified on Registration (LD-1), has an ownership interest in registrant and, as an investor, in the lobbying issues listed above.",150796,JASON ALEXANDER PARK,"Senate Committee on Finance, International Trade Counsel; Senate Committee on the Budget, Revenues Counsel; Senator Patty Murray, Legislative Counsel",True,True
d6a62628-5116-407c-930b-e2ff2075e220,2025,first_quarter,Q1,1st Quarter - Report,2025-04-21T19:10:06-04:00,401106168,"COUPANG, INC.",211631,"COUPANG, INC.",direct_client,https://lda.gov/filings/public/filing/d6a62628-5116-407c-930b-e2ff2075e220/print/,2,SMB,Small Business,Encouragement of expanded SME participation in Coupang's e-commerce offering and increased market access (no specific legislation).,"SVF Investments (UK), Ltd., identified on Registration (LD-1), has an ownership interest in registrant and, as an investor, in the lobbying issues listed above.",145063,BILL ANAYA,,False,True
d6a62628-5116-407c-930b-e2ff2075e220,2025,first_quarter,Q1,1st Quarter - Report,2025-04-21T19:10:06-04:00,401106168,"COUPANG, INC.",211631,"COUPANG, INC.",direct_client,https://lda.gov/filings/public/filing/d6a62628-5116-407c-930b-e2ff2075e220/print/,2,SMB,Small Business,Encouragement of expanded SME participation in Coupang's e-commerce offering and increased market access (no specific legislation).,"SVF Investments (UK), Ltd., identified on Registration (LD-1), has an ownership interest in registrant and, as an investor, in the lobbying issues listed above.",147684,ARI ZIMMERMAN,,False,True
d6a62628-5116-407c-930b-e2ff2075e220,2025,first_quarter,Q1,1st Quarter - Report,2025-04-21T19:10:06-04:00,401106168,"COUPANG, INC.",211631,"COUPANG, INC.",direct_client,https://lda.gov/filings/public/filing/d6a62628-5116-407c-930b-e2ff2075e220/print/,3,TRD,Trade (domestic/foreign),Discussion of economic benefits of Coupang's participation in and expansion to foreign markets. Encouragement of expanded SME participation in Coupang's e-commerce offering. Discussion of issues facing U.S. firms when participating in and expanding to foreign markets (no specific legislation).,"SVF Investments (UK), Ltd., identified on Registration (LD-1), has an ownership interest in registrant and, as an investor, in the lobbying issues listed above.",145063,BILL ANAYA,,False,True
d6a62628-5116-407c-930b-e2ff2075e220,2025,first_quarter,Q1,1st Quarter - Report,2025-04-21T19:10:06-04:00,401106168,"COUPANG, INC.",211631,"COUPANG, INC.",direct_client,https://lda.gov/filings/public/filing/d6a62628-5116-407c-930b-e2ff2075e220/print/,3,TRD,Trade (domestic/foreign),Discussion of economic benefits of Coupang's participation in and expansion to foreign markets. Encouragement of expanded SME participation in Coupang's e-commerce offering. Discussion of issues facing U.S. firms when participating in and expanding to foreign markets (no specific legislation).,"SVF Investments (UK), Ltd., identified on Registration (LD-1), has an ownership interest in registrant and, as an investor, in the lobbying issues listed above.",147684,ARI ZIMMERMAN,,False,True
d6a62628-5116-407c-930b-e2ff2075e220,2025,first_quarter,Q1,1st Quarter - Report,2025-04-21T19:10:06-04:00,401106168,"COUPANG, INC.",211631,"COUPANG, INC.",direct_client,https://lda.gov/filings/public/filing/d6a62628-5116-407c-930b-e2ff2075e220/print/,3,TRD,Trade (domestic/foreign),Discussion of economic benefits of Coupang's participation in and expansion to foreign markets. Encouragement of expanded SME participation in Coupang's e-commerce offering. Discussion of issues facing U.S. firms when participating in and expanding to foreign markets (no specific legislation).,"SVF Investments (UK), Ltd., identified on Registration (LD-1), has an ownership interest in registrant and, as an investor, in the lobbying issues listed above.",150796,JASON ALEXANDER PARK,Encouragement of expanded SME participation in Coupang's e-commerce offering and increased market access (no specific legislation).,True,True
2469e4d4-70a9-4ec2-bf59-899b701396c0,2025,first_quarter,Q1,1st Quarter - Report,2025-04-21T21:43:01-04:00,401104313,"MILLER STRATEGIES, LLC",63370,"COUPANG, INC.",direct_client,https://lda.gov/filings/public/filing/2469e4d4-70a9-4ec2-bf59-899b701396c0/print/,1,ECN,Economics/Economic Development,Advancing economic development goals through Coupang's expansion in current and new markets.,,65463,JEFFREY MILLER,,True,True
2469e4d4-70a9-4ec2-bf59-899b701396c0,2025,first_quarter,Q1,1st Quarter - Report,2025-04-21T21:43:01-04:00,401104313,"MILLER STRATEGIES, LLC",63370,"COUPANG, INC.",direct_client,https://lda.gov/filings/public/filing/2469e4d4-70a9-4ec2-bf59-899b701396c0/print/,1,ECN,Economics/Economic Development,Advancing economic development goals through Coupang's expansion in current and new markets.,,71740,JONATHAN HILER,"Director of Legislative Affairs, Office of the Vice President, Mike Pence; Legislative Director, Senator Tom Cotton; Legislative Director, Rep. Tom Cotton; Policy Advisor, Rep. Mike Pence; Policy Advisor, Rep. Jeb Hensarling.",True,True
2469e4d4-70a9-4ec2-bf59-899b701396c0,2025,first_quarter,Q1,1st Quarter - Report,2025-04-21T21:43:01-04:00,401104313,"MILLER STRATEGIES, LLC",63370,"COUPANG, INC.",direct_client,https://lda.gov/filings/public/filing/2469e4d4-70a9-4ec2-bf59-899b701396c0/print/,1,ECN,Economics/Economic Development,Advancing economic development goals through Coupang's expansion in current and new markets.,,148686,JAMES TYLER GRIMM,"Chief Counsel, Policy and Strategy, Counsel, Chief Adviser, Policy, Strategy and Communications, Rep. Jim Jordan. Deputy Chief of Staff, Legislative Director, Senior Staff Member, Rep. Darrell Issa. Senior Staff Member, Rep. Jason Chaffetz",True,True
2469e4d4-70a9-4ec2-bf59-899b701396c0,2025,first_quarter,Q1,1st Quarter - Report,2025-04-21T21:43:01-04:00,401104313,"MILLER STRATEGIES, LLC",63370,"COUPANG, INC.",direct_client,https://lda.gov/filings/public/filing/2469e4d4-70a9-4ec2-bf59-899b701396c0/print/,2,TRD,Trade (domestic/foreign),Issues as they relate to export promotion.,,65463,JEFFREY MILLER,,True,True
2469e4d4-70a9-4ec2-bf59-899b701396c0,2025,first_quarter,Q1,1st Quarter - Report,2025-04-21T21:43:01-04:00,401104313,"MILLER STRATEGIES, LLC",63370,"COUPANG, INC.",direct_client,https://lda.gov/filings/public/filing/2469e4d4-70a9-4ec2-bf59-899b701396c0/print/,2,TRD,Trade (domestic/foreign),Issues as they relate to export promotion.,,71740,JONATHAN HILER,"Director of Legislative Affairs, Office of the Vice President, Mike Pence; Legislative Director, Senator Tom Cotton; Legislative Director, Rep. Tom Cotton; Policy Advisor, Rep. Mike Pence; Policy Advisor, Rep. Jeb Hensarling.",True,True
2469e4d4-70a9-4ec2-bf59-899b701396c0,2025,first_quarter,Q1,1st Quarter - Report,2025-04-21T21:43:01-04:00,401104313,"MILLER STRATEGIES, LLC",63370,"COUPANG, INC.",direct_client,https://lda.gov/filings/public/filing/2469e4d4-70a9-4ec2-bf59-899b701396c0/print/,2,TRD,Trade (domestic/foreign),Issues as they relate to export promotion.,,148686,JAMES TYLER GRIMM,"Chief Counsel, Policy and Strategy, Counsel, Chief Adviser, Policy, Strategy and Communications, Rep. Jim Jordan. Deputy Chief of Staff, Legislative Director, Senior Staff Member, Rep. Darrell Issa. Senior Staff Member, Rep. Jason Chaffetz",True,True
8f3f0c3d-76df-4cfd-907a-78175ca57d5b,2025,second_quarter,Q2,2nd Quarter - Report,2025-07-18T16:16:13-04:00,401106285,"CONTINENTAL STRATEGY, LLC",64134,COUPANG INC.,direct_client,https://lda.gov/filings/public/filing/8f3f0c3d-76df-4cfd-907a-78175ca57d5b/print/,1,ECN,Economics/Economic Development,Facilitating meetings and discussions on the expansion into foreign markets and E-commerce.,,148927,ALBERTO ENRIQUE MARTINEZ,Chief of Staff to Marco Rubio,False,True
8f3f0c3d-76df-4cfd-907a-78175ca57d5b,2025,second_quarter,Q2,2nd Quarter - Report,2025-07-18T16:16:13-04:00,401106285,"CONTINENTAL STRATEGY, LLC",64134,COUPANG INC.,direct_client,https://lda.gov/filings/public/filing/8f3f0c3d-76df-4cfd-907a-78175ca57d5b/print/,1,ECN,Economics/Economic Development,Facilitating meetings and discussions on the expansion into foreign markets and E-commerce.,,148995,TIMOTHY COSTA,Chief of Staff to Dan Meuser,False,True
8f3f0c3d-76df-4cfd-907a-78175ca57d5b,2025,second_quarter,Q2,2nd Quarter - Report,2025-07-18T16:16:13-04:00,401106285,"CONTINENTAL STRATEGY, LLC",64134,COUPANG INC.,direct_client,https://lda.gov/filings/public/filing/8f3f0c3d-76df-4cfd-907a-78175ca57d5b/print/,1,ECN,Economics/Economic Development,Facilitating meetings and discussions on the expansion into foreign markets and E-commerce.,,148272,DANIEL GOMEZ,Legislative Aide to Senator Deb Fischer,False,True
8f3f0c3d-76df-4cfd-907a-78175ca57d5b,2025,second_quarter,Q2,2nd Quarter - Report,2025-07-18T16:16:13-04:00,401106285,"CONTINENTAL STRATEGY, LLC",64134,COUPANG INC.,direct_client,https://lda.gov/filings/public/filing/8f3f0c3d-76df-4cfd-907a-78175ca57d5b/print/,1,ECN,Economics/Economic Development,Facilitating meetings and discussions on the expansion into foreign markets and E-commerce.,,150421,CRAIG PATRICK CARBONE,Chief of Staff to Sen. Rick Scott,False,True
8f3f0c3d-76df-4cfd-907a-78175ca57d5b,2025,second_quarter,Q2,2nd Quarter - Report,2025-07-18T16:16:13-04:00,401106285,"CONTINENTAL STRATEGY, LLC",64134,COUPANG INC.,direct_client,https://lda.gov/filings/public/filing/8f3f0c3d-76df-4cfd-907a-78175ca57d5b/print/,1,ECN,Economics/Economic Development,Facilitating meetings and discussions on the expansion into foreign markets and E-commerce.,,114736,CARLOS TRUJILLO,US OAS Ambassador,False,True
f95d1984-a010-44b4-91b9-47eb25ea69bb,2025,second_quarter,Q2,2nd Quarter - Report,2025-07-21T15:44:58-04:00,682,AKIN GUMP STRAUSS HAUER & FELD,211969,"COUPANG, INC.",direct_client,https://lda.gov/filings/public/filing/f95d1984-a010-44b4-91b9-47eb25ea69bb/print/,1,ECN,Economics/Economic Development,Advancing economic development goals through Coupangs expansion in current and new markets.,,93554,JOSE BORJON,,False,True
f95d1984-a010-44b4-91b9-47eb25ea69bb,2025,second_quarter,Q2,2nd Quarter - Report,2025-07-21T15:44:58-04:00,682,AKIN GUMP STRAUSS HAUER & FELD,211969,"COUPANG, INC.",direct_client,https://lda.gov/filings/public/filing/f95d1984-a010-44b4-91b9-47eb25ea69bb/print/,1,ECN,Economics/Economic Development,Advancing economic development goals through Coupangs expansion in current and new markets.,,52134,BRIAN ARTHUR POMPER,,False,True
f95d1984-a010-44b4-91b9-47eb25ea69bb,2025,second_quarter,Q2,2nd Quarter - Report,2025-07-21T15:44:58-04:00,682,AKIN GUMP STRAUSS HAUER & FELD,211969,"COUPANG, INC.",direct_client,https://lda.gov/filings/public/filing/f95d1984-a010-44b4-91b9-47eb25ea69bb/print/,1,ECN,Economics/Economic Development,Advancing economic development goals through Coupangs expansion in current and new markets.,,147654,KANDIS MCCLURE,"Intern for Sen. Harry Reid, Jan. - Apr. 2013",True,True
f95d1984-a010-44b4-91b9-47eb25ea69bb,2025,second_quarter,Q2,2nd Quarter - Report,2025-07-21T15:44:58-04:00,682,AKIN GUMP STRAUSS HAUER & FELD,211969,"COUPANG, INC.",direct_client,https://lda.gov/filings/public/filing/f95d1984-a010-44b4-91b9-47eb25ea69bb/print/,1,ECN,Economics/Economic Development,Advancing economic development goals through Coupangs expansion in current and new markets.,,148373,ANA MONTANEZ,,True,True
f95d1984-a010-44b4-91b9-47eb25ea69bb,2025,second_quarter,Q2,2nd Quarter - Report,2025-07-21T15:44:58-04:00,682,AKIN GUMP STRAUSS HAUER & FELD,211969,"COUPANG, INC.",direct_client,https://lda.gov/filings/public/filing/f95d1984-a010-44b4-91b9-47eb25ea69bb/print/,1,ECN,Economics/Economic Development,Advancing economic development goals through Coupangs expansion in current and new markets.,,148811,DAVID SCHWIETERT,"Sen. Comm. On Commerce, Science, & Transport., Staff Dir (13-15); Sen. Thune, Leg. Dir (07-12); Sen. Comm. On Environ. & Public Works, Waste Management SubComm., Staff Dir (05-06)",True,True
f95d1984-a010-44b4-91b9-47eb25ea69bb,2025,second_quarter,Q2,2nd Quarter - Report,2025-07-21T15:44:58-04:00,682,AKIN GUMP STRAUSS HAUER & FELD,211969,"COUPANG, INC.",direct_client,https://lda.gov/filings/public/filing/f95d1984-a010-44b4-91b9-47eb25ea69bb/print/,2,TRD,Trade (domestic/foreign),Issues related to export promotion.,,93554,JOSE BORJON,,False,True
f95d1984-a010-44b4-91b9-47eb25ea69bb,2025,second_quarter,Q2,2nd Quarter - Report,2025-07-21T15:44:58-04:00,682,AKIN GUMP STRAUSS HAUER & FELD,211969,"COUPANG, INC.",direct_client,https://lda.gov/filings/public/filing/f95d1984-a010-44b4-91b9-47eb25ea69bb/print/,2,TRD,Trade (domestic/foreign),Issues related to export promotion.,,149567,ZACH DEATHERAGE,,False,True
f95d1984-a010-44b4-91b9-47eb25ea69bb,2025,second_quarter,Q2,2nd Quarter - Report,2025-07-21T15:44:58-04:00,682,AKIN GUMP STRAUSS HAUER & FELD,211969,"COUPANG, INC.",direct_client,https://lda.gov/filings/public/filing/f95d1984-a010-44b4-91b9-47eb25ea69bb/print/,2,TRD,Trade (domestic/foreign),Issues related to export promotion.,,139541,JOSEPH G. FAWKNER,,False,True
f95d1984-a010-44b4-91b9-47eb25ea69bb,2025,second_quarter,Q2,2nd Quarter - Report,2025-07-21T15:44:58-04:00,682,AKIN GUMP STRAUSS HAUER & FELD,211969,"COUPANG, INC.",direct_client,https://lda.gov/filings/public/filing/f95d1984-a010-44b4-91b9-47eb25ea69bb/print/,2,TRD,Trade (domestic/foreign),Issues related to export promotion.,,57048,SALLY STEWART LAING,,False,True
f95d1984-a010-44b4-91b9-47eb25ea69bb,2025,second_quarter,Q2,2nd Quarter - Report,2025-07-21T15:44:58-04:00,682,AKIN GUMP STRAUSS HAUER & FELD,211969,"COUPANG, INC.",direct_client,https://lda.gov/filings/public/filing/f95d1984-a010-44b4-91b9-47eb25ea69bb/print/,2,TRD,Trade (domestic/foreign),Issues related to export promotion.,,59406,SAM OLSWANGER,,False,True
f95d1984-a010-44b4-91b9-47eb25ea69bb,2025,second_quarter,Q2,2nd Quarter - Report,2025-07-21T15:44:58-04:00,682,AKIN GUMP STRAUSS HAUER & FELD,211969,"COUPANG, INC.",direct_client,https://lda.gov/filings/public/filing/f95d1984-a010-44b4-91b9-47eb25ea69bb/print/,2,TRD,Trade (domestic/foreign),Issues related to export promotion.,,52134,BRIAN ARTHUR POMPER,,False,True
f95d1984-a010-44b4-91b9-47eb25ea69bb,2025,second_quarter,Q2,2nd Quarter - Report,2025-07-21T15:44:58-04:00,682,AKIN GUMP STRAUSS HAUER & FELD,211969,"COUPANG, INC.",direct_client,https://lda.gov/filings/public/filing/f95d1984-a010-44b4-91b9-47eb25ea69bb/print/,2,TRD,Trade (domestic/foreign),Issues related to export promotion.,,145966,RICHARD COPPOLA,"Intern, Rep. Himes (Aug 17 - Dec 17); Intern, Sen. Blumenthal (Jan 18 - Mar 18)",True,True
f95d1984-a010-44b4-91b9-47eb25ea69bb,2025,second_quarter,Q2,2nd Quarter - Report,2025-07-21T15:44:58-04:00,682,AKIN GUMP STRAUSS HAUER & FELD,211969,"COUPANG, INC.",direct_client,https://lda.gov/filings/public/filing/f95d1984-a010-44b4-91b9-47eb25ea69bb/print/,2,TRD,Trade (domestic/foreign),Issues related to export promotion.,,143814,CASEY CHRISTINE HIGGINS,"Asst to Spkr for Policy and Trade Cnsl, Paul Ryan, Nov 15-Jan 19; Trade Cncl to House Ways & Means, Jan 15-Nov 15; LC to Rep. Paul Ryan, Oct 11-Jan 15; Law Clrk House Budget Comm, Sep 09-May 10",True,True
f95d1984-a010-44b4-91b9-47eb25ea69bb,2025,second_quarter,Q2,2nd Quarter - Report,2025-07-21T15:44:58-04:00,682,AKIN GUMP STRAUSS HAUER & FELD,211969,"COUPANG, INC.",direct_client,https://lda.gov/filings/public/filing/f95d1984-a010-44b4-91b9-47eb25ea69bb/print/,2,TRD,Trade (domestic/foreign),Issues related to export promotion.,,148373,ANA MONTANEZ,,True,True
f95d1984-a010-44b4-91b9-47eb25ea69bb,2025,second_quarter,Q2,2nd Quarter - Report,2025-07-21T15:44:58-04:00,682,AKIN GUMP STRAUSS HAUER & FELD,211969,"COUPANG, INC.",direct_client,https://lda.gov/filings/public/filing/f95d1984-a010-44b4-91b9-47eb25ea69bb/print/,2,TRD,Trade (domestic/foreign),Issues related to export promotion.,,148811,DAVID SCHWIETERT,"Sen. Comm. On Commerce, Science, & Transport., Staff Dir (13-15); Sen. Thune, Leg. Dir (07-12); Sen. Comm. On Environ. & Public Works, Waste Management SubComm., Staff Dir (05-06)",True,True
f95d1984-a010-44b4-91b9-47eb25ea69bb,2025,second_quarter,Q2,2nd Quarter - Report,2025-07-21T15:44:58-04:00,682,AKIN GUMP STRAUSS HAUER & FELD,211969,"COUPANG, INC.",direct_client,https://lda.gov/filings/public/filing/f95d1984-a010-44b4-91b9-47eb25ea69bb/print/,2,TRD,Trade (domestic/foreign),Issues related to export promotion.,,145980,PHYLICIA WU,,False,True
f95d1984-a010-44b4-91b9-47eb25ea69bb,2025,second_quarter,Q2,2nd Quarter - Report,2025-07-21T15:44:58-04:00,682,AKIN GUMP STRAUSS HAUER & FELD,211969,"COUPANG, INC.",direct_client,https://lda.gov/filings/public/filing/f95d1984-a010-44b4-91b9-47eb25ea69bb/print/,2,TRD,Trade (domestic/foreign),Issues related to export promotion.,,151187,LAUREN SOLTANI RUBIN,,False,True
0e266acc-3df8-46c9-a957-12911d8c5bc5,2025,second_quarter,RR,Registration,2025-07-21T17:15:37-04:00,308775,MONUMENT ADVOCACY,68107,COUPANG,direct_client,https://lda.gov/filings/public/filing/0e266acc-3df8-46c9-a957-12911d8c5bc5/print/,1,TRD,Trade (domestic/foreign),Issues related to e-commerce and digital trade.,,45392,RICH THOMAS,"Staff Assistant, Legislative Correspondent, Legislative Assistant, Senior Legislative Assistant, and Legislative Director, Rep. Bill Pascrell (D-NJ)",True,False
0e266acc-3df8-46c9-a957-12911d8c5bc5,2025,second_quarter,RR,Registration,2025-07-21T17:15:37-04:00,308775,MONUMENT ADVOCACY,68107,COUPANG,direct_client,https://lda.gov/filings/public/filing/0e266acc-3df8-46c9-a957-12911d8c5bc5/print/,1,TRD,Trade (domestic/foreign),Issues related to e-commerce and digital trade.,,56188,KIMBERLY ELLIS,"Legislative Director, Rep. Kevin Brady (R-TX); Deputy Executive Secretary and Confidential Assistant, Office of U.S. Trade Representative",True,False
5006b048-918f-41ee-a98f-7098bc992bb0,2025,second_quarter,Q2,2nd Quarter - Report,2025-07-21T17:18:26-04:00,401104313,"MILLER STRATEGIES, LLC",63370,"COUPANG, INC.",direct_client,https://lda.gov/filings/public/filing/5006b048-918f-41ee-a98f-7098bc992bb0/print/,1,ECN,Economics/Economic Development,Advancing economic development goals through Coupang's expansion in current and new markets.,,65463,JEFFREY MILLER,,False,True
5006b048-918f-41ee-a98f-7098bc992bb0,2025,second_quarter,Q2,2nd Quarter - Report,2025-07-21T17:18:26-04:00,401104313,"MILLER STRATEGIES, LLC",63370,"COUPANG, INC.",direct_client,https://lda.gov/filings/public/filing/5006b048-918f-41ee-a98f-7098bc992bb0/print/,1,ECN,Economics/Economic Development,Advancing economic development goals through Coupang's expansion in current and new markets.,,71740,JONATHAN HILER,,False,True
5006b048-918f-41ee-a98f-7098bc992bb0,2025,second_quarter,Q2,2nd Quarter - Report,2025-07-21T17:18:26-04:00,401104313,"MILLER STRATEGIES, LLC",63370,"COUPANG, INC.",direct_client,https://lda.gov/filings/public/filing/5006b048-918f-41ee-a98f-7098bc992bb0/print/,1,ECN,Economics/Economic Development,Advancing economic development goals through Coupang's expansion in current and new markets.,,148686,JAMES TYLER GRIMM,,False,True
5006b048-918f-41ee-a98f-7098bc992bb0,2025,second_quarter,Q2,2nd Quarter - Report,2025-07-21T17:18:26-04:00,401104313,"MILLER STRATEGIES, LLC",63370,"COUPANG, INC.",direct_client,https://lda.gov/filings/public/filing/5006b048-918f-41ee-a98f-7098bc992bb0/print/,1,ECN,Economics/Economic Development,Advancing economic development goals through Coupang's expansion in current and new markets.,,149246,JAMES MIN,"Chief of Staff, Rep. Vince Fong; Chief of Staff, Office of the 20th District of California; Chief of Staff, Deputy Chief of Staff, and Counsel, Speaker Kevin McCarthy; Chief of Staff, Rep. Bill Thomas",True,True
5006b048-918f-41ee-a98f-7098bc992bb0,2025,second_quarter,Q2,2nd Quarter - Report,2025-07-21T17:18:26-04:00,401104313,"MILLER STRATEGIES, LLC",63370,"COUPANG, INC.",direct_client,https://lda.gov/filings/public/filing/5006b048-918f-41ee-a98f-7098bc992bb0/print/,1,ECN,Economics/Economic Development,Advancing economic development goals through Coupang's expansion in current and new markets.,,69623,ASHLEY GUNN,"Special Asst to the President, Senior Director, White House Office of Cabinet Affairs.",True,True
5006b048-918f-41ee-a98f-7098bc992bb0,2025,second_quarter,Q2,2nd Quarter - Report,2025-07-21T17:18:26-04:00,401104313,"MILLER STRATEGIES, LLC",63370,"COUPANG, INC.",direct_client,https://lda.gov/filings/public/filing/5006b048-918f-41ee-a98f-7098bc992bb0/print/,2,TRD,Trade (domestic/foreign),Issues as they relate to export promotion.,,65463,JEFFREY MILLER,,False,True
5006b048-918f-41ee-a98f-7098bc992bb0,2025,second_quarter,Q2,2nd Quarter - Report,2025-07-21T17:18:26-04:00,401104313,"MILLER STRATEGIES, LLC",63370,"COUPANG, INC.",direct_client,https://lda.gov/filings/public/filing/5006b048-918f-41ee-a98f-7098bc992bb0/print/,2,TRD,Trade (domestic/foreign),Issues as they relate to export promotion.,,71740,JONATHAN HILER,,False,True
5006b048-918f-41ee-a98f-7098bc992bb0,2025,second_quarter,Q2,2nd Quarter - Report,2025-07-21T17:18:26-04:00,401104313,"MILLER STRATEGIES, LLC",63370,"COUPANG, INC.",direct_client,https://lda.gov/filings/public/filing/5006b048-918f-41ee-a98f-7098bc992bb0/print/,2,TRD,Trade (domestic/foreign),Issues as they relate to export promotion.,,148686,JAMES TYLER GRIMM,,False,True
5006b048-918f-41ee-a98f-7098bc992bb0,2025,second_quarter,Q2,2nd Quarter - Report,2025-07-21T17:18:26-04:00,401104313,"MILLER STRATEGIES, LLC",63370,"COUPANG, INC.",direct_client,https://lda.gov/filings/public/filing/5006b048-918f-41ee-a98f-7098bc992bb0/print/,2,TRD,Trade (domestic/foreign),Issues as they relate to export promotion.,,69623,ASHLEY GUNN,"Special Asst to the President, Senior Director, White House Office of Cabinet Affairs.",True,True
5006b048-918f-41ee-a98f-7098bc992bb0,2025,second_quarter,Q2,2nd Quarter - Report,2025-07-21T17:18:26-04:00,401104313,"MILLER STRATEGIES, LLC",63370,"COUPANG, INC.",direct_client,https://lda.gov/filings/public/filing/5006b048-918f-41ee-a98f-7098bc992bb0/print/,2,TRD,Trade (domestic/foreign),Issues as they relate to export promotion.,,149246,JAMES MIN,"Chief of Staff, Rep. Vince Fong; Chief of Staff, Office of the 20th District of California; Chief of Staff, Deputy Chief of Staff, and Counsel, Speaker Kevin McCarthy; Chief of Staff, Rep. Bill Thomas",True,True
b0183012-158e-42d0-9501-319b47a90178,2025,second_quarter,Q2,2nd Quarter - Report,2025-07-21T21:13:59-04:00,401106168,"COUPANG, INC.",211631,"COUPANG, INC.",direct_client,https://lda.gov/filings/public/filing/b0183012-158e-42d0-9501-319b47a90178/print/,1,ECN,Economics/Economic Development,Encouragement of expanded small- and medium-sized enterprise (SME) participation in Coupang's e-commerce offering. Discussion of job creation gains made possible by Coupang's business model and innovation (no specific legislation).,,145063,BILL ANAYA,,False,True
b0183012-158e-42d0-9501-319b47a90178,2025,second_quarter,Q2,2nd Quarter - Report,2025-07-21T21:13:59-04:00,401106168,"COUPANG, INC.",211631,"COUPANG, INC.",direct_client,https://lda.gov/filings/public/filing/b0183012-158e-42d0-9501-319b47a90178/print/,1,ECN,Economics/Economic Development,Encouragement of expanded small- and medium-sized enterprise (SME) participation in Coupang's e-commerce offering. Discussion of job creation gains made possible by Coupang's business model and innovation (no specific legislation).,,147684,ARI ZIMMERMAN,,False,True
b0183012-158e-42d0-9501-319b47a90178,2025,second_quarter,Q2,2nd Quarter - Report,2025-07-21T21:13:59-04:00,401106168,"COUPANG, INC.",211631,"COUPANG, INC.",direct_client,https://lda.gov/filings/public/filing/b0183012-158e-42d0-9501-319b47a90178/print/,1,ECN,Economics/Economic Development,Encouragement of expanded small- and medium-sized enterprise (SME) participation in Coupang's e-commerce offering. Discussion of job creation gains made possible by Coupang's business model and innovation (no specific legislation).,,150796,JASON ALEXANDER PARK,,False,True
b0183012-158e-42d0-9501-319b47a90178,2025,second_quarter,Q2,2nd Quarter - Report,2025-07-21T21:13:59-04:00,401106168,"COUPANG, INC.",211631,"COUPANG, INC.",direct_client,https://lda.gov/filings/public/filing/b0183012-158e-42d0-9501-319b47a90178/print/,2,SMB,Small Business,Encouragement of expanded SME participation in Coupang's e-commerce offering and increased market access (no specific legislation).,,145063,BILL ANAYA,,False,True
b0183012-158e-42d0-9501-319b47a90178,2025,second_quarter,Q2,2nd Quarter - Report,2025-07-21T21:13:59-04:00,401106168,"COUPANG, INC.",211631,"COUPANG, INC.",direct_client,https://lda.gov/filings/public/filing/b0183012-158e-42d0-9501-319b47a90178/print/,2,SMB,Small Business,Encouragement of expanded SME participation in Coupang's e-commerce offering and increased market access (no specific legislation).,,147684,ARI ZIMMERMAN,,False,True
b0183012-158e-42d0-9501-319b47a90178,2025,second_quarter,Q2,2nd Quarter - Report,2025-07-21T21:13:59-04:00,401106168,"COUPANG, INC.",211631,"COUPANG, INC.",direct_client,https://lda.gov/filings/public/filing/b0183012-158e-42d0-9501-319b47a90178/print/,2,SMB,Small Business,Encouragement of expanded SME participation in Coupang's e-commerce offering and increased market access (no specific legislation).,,150796,JASON ALEXANDER PARK,,False,True
b0183012-158e-42d0-9501-319b47a90178,2025,second_quarter,Q2,2nd Quarter - Report,2025-07-21T21:13:59-04:00,401106168,"COUPANG, INC.",211631,"COUPANG, INC.",direct_client,https://lda.gov/filings/public/filing/b0183012-158e-42d0-9501-319b47a90178/print/,3,TRD,Trade (domestic/foreign),Discussion of economic benefits of Coupang's participation in and expansion to foreign markets. Encouragement of expanded SME participation in Coupang's e-commerce offering. Discussion of issues facing U.S. firms when participating in and expanding to foreign markets (no specific legislation).,,145063,BILL ANAYA,,False,True
b0183012-158e-42d0-9501-319b47a90178,2025,second_quarter,Q2,2nd Quarter - Report,2025-07-21T21:13:59-04:00,401106168,"COUPANG, INC.",211631,"COUPANG, INC.",direct_client,https://lda.gov/filings/public/filing/b0183012-158e-42d0-9501-319b47a90178/print/,3,TRD,Trade (domestic/foreign),Discussion of economic benefits of Coupang's participation in and expansion to foreign markets. Encouragement of expanded SME participation in Coupang's e-commerce offering. Discussion of issues facing U.S. firms when participating in and expanding to foreign markets (no specific legislation).,,147684,ARI ZIMMERMAN,,False,True
b0183012-158e-42d0-9501-319b47a90178,2025,second_quarter,Q2,2nd Quarter - Report,2025-07-21T21:13:59-04:00,401106168,"COUPANG, INC.",211631,"COUPANG, INC.",direct_client,https://lda.gov/filings/public/filing/b0183012-158e-42d0-9501-319b47a90178/print/,3,TRD,Trade (domestic/foreign),Discussion of economic benefits of Coupang's participation in and expansion to foreign markets. Encouragement of expanded SME participation in Coupang's e-commerce offering. Discussion of issues facing U.S. firms when participating in and expanding to foreign markets (no specific legislation).,,150796,JASON ALEXANDER PARK,,False,True
2ae293de-2e5a-49d9-8e74-d21f7afb70ca,2025,second_quarter,Q2,2nd Quarter - Report,2025-08-12T13:51:45-04:00,308775,MONUMENT ADVOCACY,68107,COUPANG,direct_client,https://lda.gov/filings/public/filing/2ae293de-2e5a-49d9-8e74-d21f7afb70ca/print/,1,TRD,Trade (domestic/foreign),Issues related to e-commerce and digital trade.,,45392,RICH THOMAS,,False,True
2ae293de-2e5a-49d9-8e74-d21f7afb70ca,2025,second_quarter,Q2,2nd Quarter - Report,2025-08-12T13:51:45-04:00,308775,MONUMENT ADVOCACY,68107,COUPANG,direct_client,https://lda.gov/filings/public/filing/2ae293de-2e5a-49d9-8e74-d21f7afb70ca/print/,1,TRD,Trade (domestic/foreign),Issues related to e-commerce and digital trade.,,56188,KIMBERLY ELLIS,,False,True
917c9af5-7029-4a3a-b0cf-8e86f82f5b24,2025,third_quarter,Q3,3rd Quarter - Report,2025-10-20T09:40:28-04:00,308775,MONUMENT ADVOCACY,68107,COUPANG,direct_client,https://lda.gov/filings/public/filing/917c9af5-7029-4a3a-b0cf-8e86f82f5b24/print/,1,TRD,Trade (domestic/foreign),Issues related to e-commerce and export and trade promotion.,,45392,RICH THOMAS,,False,True
917c9af5-7029-4a3a-b0cf-8e86f82f5b24,2025,third_quarter,Q3,3rd Quarter - Report,2025-10-20T09:40:28-04:00,308775,MONUMENT ADVOCACY,68107,COUPANG,direct_client,https://lda.gov/filings/public/filing/917c9af5-7029-4a3a-b0cf-8e86f82f5b24/print/,1,TRD,Trade (domestic/foreign),Issues related to e-commerce and export and trade promotion.,,56188,KIMBERLY ELLIS,,False,True
c01ba3a2-146b-4fbc-8a67-3ffa7df88238,2025,third_quarter,Q3,3rd Quarter - Report,2025-10-20T10:17:08-04:00,682,AKIN GUMP STRAUSS HAUER & FELD,211969,"COUPANG, INC.",direct_client,https://lda.gov/filings/public/filing/c01ba3a2-146b-4fbc-8a67-3ffa7df88238/print/,1,ECN,Economics/Economic Development,Issues related to advancing economic development goals through Coupangs expansion in current and new markets.,,151187,LAUREN SOLTANI RUBIN,,False,True
c01ba3a2-146b-4fbc-8a67-3ffa7df88238,2025,third_quarter,Q3,3rd Quarter - Report,2025-10-20T10:17:08-04:00,682,AKIN GUMP STRAUSS HAUER & FELD,211969,"COUPANG, INC.",direct_client,https://lda.gov/filings/public/filing/c01ba3a2-146b-4fbc-8a67-3ffa7df88238/print/,1,ECN,Economics/Economic Development,Issues related to advancing economic development goals through Coupangs expansion in current and new markets.,,145980,PHYLICIA WU,,False,True
c01ba3a2-146b-4fbc-8a67-3ffa7df88238,2025,third_quarter,Q3,3rd Quarter - Report,2025-10-20T10:17:08-04:00,682,AKIN GUMP STRAUSS HAUER & FELD,211969,"COUPANG, INC.",direct_client,https://lda.gov/filings/public/filing/c01ba3a2-146b-4fbc-8a67-3ffa7df88238/print/,1,ECN,Economics/Economic Development,Issues related to advancing economic development goals through Coupangs expansion in current and new markets.,,93554,JOSE BORJON,,False,True
c01ba3a2-146b-4fbc-8a67-3ffa7df88238,2025,third_quarter,Q3,3rd Quarter - Report,2025-10-20T10:17:08-04:00,682,AKIN GUMP STRAUSS HAUER & FELD,211969,"COUPANG, INC.",direct_client,https://lda.gov/filings/public/filing/c01ba3a2-146b-4fbc-8a67-3ffa7df88238/print/,1,ECN,Economics/Economic Development,Issues related to advancing economic development goals through Coupangs expansion in current and new markets.,,148373,ANA MONTANEZ,,False,True
c01ba3a2-146b-4fbc-8a67-3ffa7df88238,2025,third_quarter,Q3,3rd Quarter - Report,2025-10-20T10:17:08-04:00,682,AKIN GUMP STRAUSS HAUER & FELD,211969,"COUPANG, INC.",direct_client,https://lda.gov/filings/public/filing/c01ba3a2-146b-4fbc-8a67-3ffa7df88238/print/,1,ECN,Economics/Economic Development,Issues related to advancing economic development goals through Coupangs expansion in current and new markets.,,148811,DAVID SCHWIETERT,,False,True
c01ba3a2-146b-4fbc-8a67-3ffa7df88238,2025,third_quarter,Q3,3rd Quarter - Report,2025-10-20T10:17:08-04:00,682,AKIN GUMP STRAUSS HAUER & FELD,211969,"COUPANG, INC.",direct_client,https://lda.gov/filings/public/filing/c01ba3a2-146b-4fbc-8a67-3ffa7df88238/print/,1,ECN,Economics/Economic Development,Issues related to advancing economic development goals through Coupangs expansion in current and new markets.,,145966,RICHARD COPPOLA,,False,True
c01ba3a2-146b-4fbc-8a67-3ffa7df88238,2025,third_quarter,Q3,3rd Quarter - Report,2025-10-20T10:17:08-04:00,682,AKIN GUMP STRAUSS HAUER & FELD,211969,"COUPANG, INC.",direct_client,https://lda.gov/filings/public/filing/c01ba3a2-146b-4fbc-8a67-3ffa7df88238/print/,1,ECN,Economics/Economic Development,Issues related to advancing economic development goals through Coupangs expansion in current and new markets.,,149567,ZACH DEATHERAGE,,False,True
c01ba3a2-146b-4fbc-8a67-3ffa7df88238,2025,third_quarter,Q3,3rd Quarter - Report,2025-10-20T10:17:08-04:00,682,AKIN GUMP STRAUSS HAUER & FELD,211969,"COUPANG, INC.",direct_client,https://lda.gov/filings/public/filing/c01ba3a2-146b-4fbc-8a67-3ffa7df88238/print/,1,ECN,Economics/Economic Development,Issues related to advancing economic development goals through Coupangs expansion in current and new markets.,,139541,JOSEPH G. FAWKNER,,False,True
c01ba3a2-146b-4fbc-8a67-3ffa7df88238,2025,third_quarter,Q3,3rd Quarter - Report,2025-10-20T10:17:08-04:00,682,AKIN GUMP STRAUSS HAUER & FELD,211969,"COUPANG, INC.",direct_client,https://lda.gov/filings/public/filing/c01ba3a2-146b-4fbc-8a67-3ffa7df88238/print/,1,ECN,Economics/Economic Development,Issues related to advancing economic development goals through Coupangs expansion in current and new markets.,,59406,SAM OLSWANGER,,False,True
c01ba3a2-146b-4fbc-8a67-3ffa7df88238,2025,third_quarter,Q3,3rd Quarter - Report,2025-10-20T10:17:08-04:00,682,AKIN GUMP STRAUSS HAUER & FELD,211969,"COUPANG, INC.",direct_client,https://lda.gov/filings/public/filing/c01ba3a2-146b-4fbc-8a67-3ffa7df88238/print/,1,ECN,Economics/Economic Development,Issues related to advancing economic development goals through Coupangs expansion in current and new markets.,,52134,BRIAN ARTHUR POMPER,,False,True
c01ba3a2-146b-4fbc-8a67-3ffa7df88238,2025,third_quarter,Q3,3rd Quarter - Report,2025-10-20T10:17:08-04:00,682,AKIN GUMP STRAUSS HAUER & FELD,211969,"COUPANG, INC.",direct_client,https://lda.gov/filings/public/filing/c01ba3a2-146b-4fbc-8a67-3ffa7df88238/print/,1,ECN,Economics/Economic Development,Issues related to advancing economic development goals through Coupangs expansion in current and new markets.,,150263,KELLY ANN SHAW,"Depty. Assistant, President for International Economic Affairs, Depty Director, National Economic Council 2018-2019; Trade Counsel Committee on Ways and Means, 2016-2018; Legislative Correspondent Congressman George Nethercutt, 2004.",True,True
c01ba3a2-146b-4fbc-8a67-3ffa7df88238,2025,third_quarter,Q3,3rd Quarter - Report,2025-10-20T10:17:08-04:00,682,AKIN GUMP STRAUSS HAUER & FELD,211969,"COUPANG, INC.",direct_client,https://lda.gov/filings/public/filing/c01ba3a2-146b-4fbc-8a67-3ffa7df88238/print/,1,ECN,Economics/Economic Development,Issues related to advancing economic development goals through Coupangs expansion in current and new markets.,,70608,LAMAR SMITH,"Mbr of Cong, 1987-2019.",True,True
c01ba3a2-146b-4fbc-8a67-3ffa7df88238,2025,third_quarter,Q3,3rd Quarter - Report,2025-10-20T10:17:08-04:00,682,AKIN GUMP STRAUSS HAUER & FELD,211969,"COUPANG, INC.",direct_client,https://lda.gov/filings/public/filing/c01ba3a2-146b-4fbc-8a67-3ffa7df88238/print/,2,TRD,Trade (domestic/foreign),Issues related to export promotion.,,93554,JOSE BORJON,,False,True
c01ba3a2-146b-4fbc-8a67-3ffa7df88238,2025,third_quarter,Q3,3rd Quarter - Report,2025-10-20T10:17:08-04:00,682,AKIN GUMP STRAUSS HAUER & FELD,211969,"COUPANG, INC.",direct_client,https://lda.gov/filings/public/filing/c01ba3a2-146b-4fbc-8a67-3ffa7df88238/print/,2,TRD,Trade (domestic/foreign),Issues related to export promotion.,,149567,ZACH DEATHERAGE,,False,True
c01ba3a2-146b-4fbc-8a67-3ffa7df88238,2025,third_quarter,Q3,3rd Quarter - Report,2025-10-20T10:17:08-04:00,682,AKIN GUMP STRAUSS HAUER & FELD,211969,"COUPANG, INC.",direct_client,https://lda.gov/filings/public/filing/c01ba3a2-146b-4fbc-8a67-3ffa7df88238/print/,2,TRD,Trade (domestic/foreign),Issues related to export promotion.,,139541,JOSEPH G. FAWKNER,,False,True
c01ba3a2-146b-4fbc-8a67-3ffa7df88238,2025,third_quarter,Q3,3rd Quarter - Report,2025-10-20T10:17:08-04:00,682,AKIN GUMP STRAUSS HAUER & FELD,211969,"COUPANG, INC.",direct_client,https://lda.gov/filings/public/filing/c01ba3a2-146b-4fbc-8a67-3ffa7df88238/print/,2,TRD,Trade (domestic/foreign),Issues related to export promotion.,,59406,SAM OLSWANGER,,False,True
c01ba3a2-146b-4fbc-8a67-3ffa7df88238,2025,third_quarter,Q3,3rd Quarter - Report,2025-10-20T10:17:08-04:00,682,AKIN GUMP STRAUSS HAUER & FELD,211969,"COUPANG, INC.",direct_client,https://lda.gov/filings/public/filing/c01ba3a2-146b-4fbc-8a67-3ffa7df88238/print/,2,TRD,Trade (domestic/foreign),Issues related to export promotion.,,52134,BRIAN ARTHUR POMPER,,False,True
c01ba3a2-146b-4fbc-8a67-3ffa7df88238,2025,third_quarter,Q3,3rd Quarter - Report,2025-10-20T10:17:08-04:00,682,AKIN GUMP STRAUSS HAUER & FELD,211969,"COUPANG, INC.",direct_client,https://lda.gov/filings/public/filing/c01ba3a2-146b-4fbc-8a67-3ffa7df88238/print/,2,TRD,Trade (domestic/foreign),Issues related to export promotion.,,151187,LAUREN SOLTANI RUBIN,,False,True
c01ba3a2-146b-4fbc-8a67-3ffa7df88238,2025,third_quarter,Q3,3rd Quarter - Report,2025-10-20T10:17:08-04:00,682,AKIN GUMP STRAUSS HAUER & FELD,211969,"COUPANG, INC.",direct_client,https://lda.gov/filings/public/filing/c01ba3a2-146b-4fbc-8a67-3ffa7df88238/print/,2,TRD,Trade (domestic/foreign),Issues related to export promotion.,,145966,RICHARD COPPOLA,,False,True
c01ba3a2-146b-4fbc-8a67-3ffa7df88238,2025,third_quarter,Q3,3rd Quarter - Report,2025-10-20T10:17:08-04:00,682,AKIN GUMP STRAUSS HAUER & FELD,211969,"COUPANG, INC.",direct_client,https://lda.gov/filings/public/filing/c01ba3a2-146b-4fbc-8a67-3ffa7df88238/print/,2,TRD,Trade (domestic/foreign),Issues related to export promotion.,,148373,ANA MONTANEZ,,False,True
c01ba3a2-146b-4fbc-8a67-3ffa7df88238,2025,third_quarter,Q3,3rd Quarter - Report,2025-10-20T10:17:08-04:00,682,AKIN GUMP STRAUSS HAUER & FELD,211969,"COUPANG, INC.",direct_client,https://lda.gov/filings/public/filing/c01ba3a2-146b-4fbc-8a67-3ffa7df88238/print/,2,TRD,Trade (domestic/foreign),Issues related to export promotion.,,148811,DAVID SCHWIETERT,,False,True
c01ba3a2-146b-4fbc-8a67-3ffa7df88238,2025,third_quarter,Q3,3rd Quarter - Report,2025-10-20T10:17:08-04:00,682,AKIN GUMP STRAUSS HAUER & FELD,211969,"COUPANG, INC.",direct_client,https://lda.gov/filings/public/filing/c01ba3a2-146b-4fbc-8a67-3ffa7df88238/print/,2,TRD,Trade (domestic/foreign),Issues related to export promotion.,,145980,PHYLICIA WU,,False,True
c01ba3a2-146b-4fbc-8a67-3ffa7df88238,2025,third_quarter,Q3,3rd Quarter - Report,2025-10-20T10:17:08-04:00,682,AKIN GUMP STRAUSS HAUER & FELD,211969,"COUPANG, INC.",direct_client,https://lda.gov/filings/public/filing/c01ba3a2-146b-4fbc-8a67-3ffa7df88238/print/,2,TRD,Trade (domestic/foreign),Issues related to export promotion.,,150263,KELLY ANN SHAW,"Depty. Assistant, President for International Economic Affairs, Depty Director, National Economic Council 2018-2019; Trade Counsel Committee on Ways and Means, 2016-2018; Legislative Correspondent Congressman George Nethercutt, 2004.",True,True
c01ba3a2-146b-4fbc-8a67-3ffa7df88238,2025,third_quarter,Q3,3rd Quarter - Report,2025-10-20T10:17:08-04:00,682,AKIN GUMP STRAUSS HAUER & FELD,211969,"COUPANG, INC.",direct_client,https://lda.gov/filings/public/filing/c01ba3a2-146b-4fbc-8a67-3ffa7df88238/print/,2,TRD,Trade (domestic/foreign),Issues related to export promotion.,,70608,LAMAR SMITH,"Mbr of Cong, 1987-2019.",True,True
65109ac3-bb3b-401c-9c7f-6563b9c7372d,2025,third_quarter,Q3,3rd Quarter - Report,2025-10-20T12:31:15-04:00,401104313,"MILLER STRATEGIES, LLC",63370,"COUPANG, INC.",direct_client,https://lda.gov/filings/public/filing/65109ac3-bb3b-401c-9c7f-6563b9c7372d/print/,1,ECN,Economics/Economic Development,Advancing economic development goals through Coupang's expansion in current and new markets.,,65463,JEFFREY MILLER,,False,True
65109ac3-bb3b-401c-9c7f-6563b9c7372d,2025,third_quarter,Q3,3rd Quarter - Report,2025-10-20T12:31:15-04:00,401104313,"MILLER STRATEGIES, LLC",63370,"COUPANG, INC.",direct_client,https://lda.gov/filings/public/filing/65109ac3-bb3b-401c-9c7f-6563b9c7372d/print/,1,ECN,Economics/Economic Development,Advancing economic development goals through Coupang's expansion in current and new markets.,,71740,JONATHAN HILER,,False,True
65109ac3-bb3b-401c-9c7f-6563b9c7372d,2025,third_quarter,Q3,3rd Quarter - Report,2025-10-20T12:31:15-04:00,401104313,"MILLER STRATEGIES, LLC",63370,"COUPANG, INC.",direct_client,https://lda.gov/filings/public/filing/65109ac3-bb3b-401c-9c7f-6563b9c7372d/print/,1,ECN,Economics/Economic Development,Advancing economic development goals through Coupang's expansion in current and new markets.,,148686,JAMES TYLER GRIMM,,False,True
65109ac3-bb3b-401c-9c7f-6563b9c7372d,2025,third_quarter,Q3,3rd Quarter - Report,2025-10-20T12:31:15-04:00,401104313,"MILLER STRATEGIES, LLC",63370,"COUPANG, INC.",direct_client,https://lda.gov/filings/public/filing/65109ac3-bb3b-401c-9c7f-6563b9c7372d/print/,1,ECN,Economics/Economic Development,Advancing economic development goals through Coupang's expansion in current and new markets.,,149246,JAMES MIN,,False,True
65109ac3-bb3b-401c-9c7f-6563b9c7372d,2025,third_quarter,Q3,3rd Quarter - Report,2025-10-20T12:31:15-04:00,401104313,"MILLER STRATEGIES, LLC",63370,"COUPANG, INC.",direct_client,https://lda.gov/filings/public/filing/65109ac3-bb3b-401c-9c7f-6563b9c7372d/print/,1,ECN,Economics/Economic Development,Advancing economic development goals through Coupang's expansion in current and new markets.,,69623,ASHLEY GUNN,,False,True
65109ac3-bb3b-401c-9c7f-6563b9c7372d,2025,third_quarter,Q3,3rd Quarter - Report,2025-10-20T12:31:15-04:00,401104313,"MILLER STRATEGIES, LLC",63370,"COUPANG, INC.",direct_client,https://lda.gov/filings/public/filing/65109ac3-bb3b-401c-9c7f-6563b9c7372d/print/,2,TRD,Trade (domestic/foreign),Issues as they relate to export promotion.,,65463,JEFFREY MILLER,,False,True
65109ac3-bb3b-401c-9c7f-6563b9c7372d,2025,third_quarter,Q3,3rd Quarter - Report,2025-10-20T12:31:15-04:00,401104313,"MILLER STRATEGIES, LLC",63370,"COUPANG, INC.",direct_client,https://lda.gov/filings/public/filing/65109ac3-bb3b-401c-9c7f-6563b9c7372d/print/,2,TRD,Trade (domestic/foreign),Issues as they relate to export promotion.,,71740,JONATHAN HILER,,False,True
65109ac3-bb3b-401c-9c7f-6563b9c7372d,2025,third_quarter,Q3,3rd Quarter - Report,2025-10-20T12:31:15-04:00,401104313,"MILLER STRATEGIES, LLC",63370,"COUPANG, INC.",direct_client,https://lda.gov/filings/public/filing/65109ac3-bb3b-401c-9c7f-6563b9c7372d/print/,2,TRD,Trade (domestic/foreign),Issues as they relate to export promotion.,,148686,JAMES TYLER GRIMM,,False,True
65109ac3-bb3b-401c-9c7f-6563b9c7372d,2025,third_quarter,Q3,3rd Quarter - Report,2025-10-20T12:31:15-04:00,401104313,"MILLER STRATEGIES, LLC",63370,"COUPANG, INC.",direct_client,https://lda.gov/filings/public/filing/65109ac3-bb3b-401c-9c7f-6563b9c7372d/print/,2,TRD,Trade (domestic/foreign),Issues as they relate to export promotion.,,69623,ASHLEY GUNN,,False,True
65109ac3-bb3b-401c-9c7f-6563b9c7372d,2025,third_quarter,Q3,3rd Quarter - Report,2025-10-20T12:31:15-04:00,401104313,"MILLER STRATEGIES, LLC",63370,"COUPANG, INC.",direct_client,https://lda.gov/filings/public/filing/65109ac3-bb3b-401c-9c7f-6563b9c7372d/print/,2,TRD,Trade (domestic/foreign),Issues as they relate to export promotion.,,149246,JAMES MIN,,False,True
8efbef6e-e53b-4fb6-b888-58e074ffe1b5,2025,third_quarter,Q3,3rd Quarter - Report,2025-10-20T12:52:24-04:00,401106285,"CONTINENTAL STRATEGY, LLC",64134,COUPANG INC.,direct_client,https://lda.gov/filings/public/filing/8efbef6e-e53b-4fb6-b888-58e074ffe1b5/print/,1,ECN,Economics/Economic Development,Facilitating meetings and discussions on the expansion into foreign markets and E-commerce.,,148927,ALBERTO ENRIQUE MARTINEZ,Chief of Staff to Marco Rubio,False,True
f852f554-8c83-404b-8e79-309613e03c66,2025,third_quarter,Q3,3rd Quarter - Report,2025-10-20T20:30:37-04:00,401106168,"COUPANG, INC.",211631,"COUPANG, INC.",direct_client,https://lda.gov/filings/public/filing/f852f554-8c83-404b-8e79-309613e03c66/print/,1,ECN,Economics/Economic Development,"Discussions regarding expanded use of Coupang's digital, retail, and logistics offerings by American SMEs, large businesses, and agricultural producers. Discussions regarding U.S. job creation and economic growth made possible by Coupang's business model and innovation (no specific legislation).",,145063,BILL ANAYA,,False,True
f852f554-8c83-404b-8e79-309613e03c66,2025,third_quarter,Q3,3rd Quarter - Report,2025-10-20T20:30:37-04:00,401106168,"COUPANG, INC.",211631,"COUPANG, INC.",direct_client,https://lda.gov/filings/public/filing/f852f554-8c83-404b-8e79-309613e03c66/print/,1,ECN,Economics/Economic Development,"Discussions regarding expanded use of Coupang's digital, retail, and logistics offerings by American SMEs, large businesses, and agricultural producers. Discussions regarding U.S. job creation and economic growth made possible by Coupang's business model and innovation (no specific legislation).",,147684,ARI ZIMMERMAN,,False,True
f852f554-8c83-404b-8e79-309613e03c66,2025,third_quarter,Q3,3rd Quarter - Report,2025-10-20T20:30:37-04:00,401106168,"COUPANG, INC.",211631,"COUPANG, INC.",direct_client,https://lda.gov/filings/public/filing/f852f554-8c83-404b-8e79-309613e03c66/print/,1,ECN,Economics/Economic Development,"Discussions regarding expanded use of Coupang's digital, retail, and logistics offerings by American SMEs, large businesses, and agricultural producers. Discussions regarding U.S. job creation and economic growth made possible by Coupang's business model and innovation (no specific legislation).",,150796,JASON ALEXANDER PARK,,False,True
f852f554-8c83-404b-8e79-309613e03c66,2025,third_quarter,Q3,3rd Quarter - Report,2025-10-20T20:30:37-04:00,401106168,"COUPANG, INC.",211631,"COUPANG, INC.",direct_client,https://lda.gov/filings/public/filing/f852f554-8c83-404b-8e79-309613e03c66/print/,2,TRD,Trade (domestic/foreign),"Discussions regarding U.S. export promotion and efforts to increase trade and investment flows between countries in North America, Asia, and Europe (no specific legislation). Discussions regarding international economic policy issues related to trade promotion (no specific legislation). Discussions regarding efforts to strengthen economic and commercial ties between the United States and allied countries like South Korea, Taiwan, Japan, the UK, and the European Union (no specific legislation).",,147684,ARI ZIMMERMAN,,False,True
f852f554-8c83-404b-8e79-309613e03c66,2025,third_quarter,Q3,3rd Quarter - Report,2025-10-20T20:30:37-04:00,401106168,"COUPANG, INC.",211631,"COUPANG, INC.",direct_client,https://lda.gov/filings/public/filing/f852f554-8c83-404b-8e79-309613e03c66/print/,2,TRD,Trade (domestic/foreign),"Discussions regarding U.S. export promotion and efforts to increase trade and investment flows between countries in North America, Asia, and Europe (no specific legislation). Discussions regarding international economic policy issues related to trade promotion (no specific legislation). Discussions regarding efforts to strengthen economic and commercial ties between the United States and allied countries like South Korea, Taiwan, Japan, the UK, and the European Union (no specific legislation).",,150796,JASON ALEXANDER PARK,,False,True
f852f554-8c83-404b-8e79-309613e03c66,2025,third_quarter,Q3,3rd Quarter - Report,2025-10-20T20:30:37-04:00,401106168,"COUPANG, INC.",211631,"COUPANG, INC.",direct_client,https://lda.gov/filings/public/filing/f852f554-8c83-404b-8e79-309613e03c66/print/,2,TRD,Trade (domestic/foreign),"Discussions regarding U.S. export promotion and efforts to increase trade and investment flows between countries in North America, Asia, and Europe (no specific legislation). Discussions regarding international economic policy issues related to trade promotion (no specific legislation). Discussions regarding efforts to strengthen economic and commercial ties between the United States and allied countries like South Korea, Taiwan, Japan, the UK, and the European Union (no specific legislation).",,145063,BILL ANAYA,,False,True
8c060cf7-8e46-4be5-83ef-e47b655f0a9d,2025,fourth_quarter,Q4,4th Quarter - Report,2026-01-19T12:26:37-05:00,401106285,"CONTINENTAL STRATEGY, LLC",64134,COUPANG INC.,direct_client,https://lda.gov/filings/public/filing/8c060cf7-8e46-4be5-83ef-e47b655f0a9d/print/,1,ECN,Economics/Economic Development,Facilitating meetings and discussions on the expansion into foreign markets and E-commerce.,,148927,ALBERTO ENRIQUE MARTINEZ,Chief of Staff to Marco Rubio,False,True
8bd9e258-ab0e-4830-980a-ddfe4049b370,2025,fourth_quarter,Q4,4th Quarter - Report,2026-01-20T10:14:45-05:00,682,AKIN GUMP STRAUSS HAUER & FELD,211969,"COUPANG, INC.",direct_client,https://lda.gov/filings/public/filing/8bd9e258-ab0e-4830-980a-ddfe4049b370/print/,1,ECN,Economics/Economic Development,Issues related to advancing economic development goals through Coupangs expansion in current and new markets.,,93554,JOSE BORJON,,False,True
8bd9e258-ab0e-4830-980a-ddfe4049b370,2025,fourth_quarter,Q4,4th Quarter - Report,2026-01-20T10:14:45-05:00,682,AKIN GUMP STRAUSS HAUER & FELD,211969,"COUPANG, INC.",direct_client,https://lda.gov/filings/public/filing/8bd9e258-ab0e-4830-980a-ddfe4049b370/print/,1,ECN,Economics/Economic Development,Issues related to advancing economic development goals through Coupangs expansion in current and new markets.,,52134,BRIAN ARTHUR POMPER,,False,True
8bd9e258-ab0e-4830-980a-ddfe4049b370,2025,fourth_quarter,Q4,4th Quarter - Report,2026-01-20T10:14:45-05:00,682,AKIN GUMP STRAUSS HAUER & FELD,211969,"COUPANG, INC.",direct_client,https://lda.gov/filings/public/filing/8bd9e258-ab0e-4830-980a-ddfe4049b370/print/,1,ECN,Economics/Economic Development,Issues related to advancing economic development goals through Coupangs expansion in current and new markets.,,150263,KELLY ANN SHAW,,False,True
8bd9e258-ab0e-4830-980a-ddfe4049b370,2025,fourth_quarter,Q4,4th Quarter - Report,2026-01-20T10:14:45-05:00,682,AKIN GUMP STRAUSS HAUER & FELD,211969,"COUPANG, INC.",direct_client,https://lda.gov/filings/public/filing/8bd9e258-ab0e-4830-980a-ddfe4049b370/print/,2,TRD,Trade (domestic/foreign),Issues related to export promotion.,,93554,JOSE BORJON,,False,True
8bd9e258-ab0e-4830-980a-ddfe4049b370,2025,fourth_quarter,Q4,4th Quarter - Report,2026-01-20T10:14:45-05:00,682,AKIN GUMP STRAUSS HAUER & FELD,211969,"COUPANG, INC.",direct_client,https://lda.gov/filings/public/filing/8bd9e258-ab0e-4830-980a-ddfe4049b370/print/,2,TRD,Trade (domestic/foreign),Issues related to export promotion.,,139541,JOSEPH G. FAWKNER,,False,True
8bd9e258-ab0e-4830-980a-ddfe4049b370,2025,fourth_quarter,Q4,4th Quarter - Report,2026-01-20T10:14:45-05:00,682,AKIN GUMP STRAUSS HAUER & FELD,211969,"COUPANG, INC.",direct_client,https://lda.gov/filings/public/filing/8bd9e258-ab0e-4830-980a-ddfe4049b370/print/,2,TRD,Trade (domestic/foreign),Issues related to export promotion.,,59406,SAM OLSWANGER,,False,True
8bd9e258-ab0e-4830-980a-ddfe4049b370,2025,fourth_quarter,Q4,4th Quarter - Report,2026-01-20T10:14:45-05:00,682,AKIN GUMP STRAUSS HAUER & FELD,211969,"COUPANG, INC.",direct_client,https://lda.gov/filings/public/filing/8bd9e258-ab0e-4830-980a-ddfe4049b370/print/,2,TRD,Trade (domestic/foreign),Issues related to export promotion.,,52134,BRIAN ARTHUR POMPER,,False,True
8bd9e258-ab0e-4830-980a-ddfe4049b370,2025,fourth_quarter,Q4,4th Quarter - Report,2026-01-20T10:14:45-05:00,682,AKIN GUMP STRAUSS HAUER & FELD,211969,"COUPANG, INC.",direct_client,https://lda.gov/filings/public/filing/8bd9e258-ab0e-4830-980a-ddfe4049b370/print/,2,TRD,Trade (domestic/foreign),Issues related to export promotion.,,148811,DAVID SCHWIETERT,,False,True
8bd9e258-ab0e-4830-980a-ddfe4049b370,2025,fourth_quarter,Q4,4th Quarter - Report,2026-01-20T10:14:45-05:00,682,AKIN GUMP STRAUSS HAUER & FELD,211969,"COUPANG, INC.",direct_client,https://lda.gov/filings/public/filing/8bd9e258-ab0e-4830-980a-ddfe4049b370/print/,2,TRD,Trade (domestic/foreign),Issues related to export promotion.,,150263,KELLY ANN SHAW,,False,True
b314f385-0076-412e-96dc-e77c77fed203,2025,fourth_quarter,Q4,4th Quarter - Report,2026-01-20T12:18:50-05:00,308775,MONUMENT ADVOCACY,68107,COUPANG,direct_client,https://lda.gov/filings/public/filing/b314f385-0076-412e-96dc-e77c77fed203/print/,1,TRD,Trade (domestic/foreign),Issues related to e-commerce and export and trade promotion.,,45392,RICH THOMAS,,False,True
b314f385-0076-412e-96dc-e77c77fed203,2025,fourth_quarter,Q4,4th Quarter - Report,2026-01-20T12:18:50-05:00,308775,MONUMENT ADVOCACY,68107,COUPANG,direct_client,https://lda.gov/filings/public/filing/b314f385-0076-412e-96dc-e77c77fed203/print/,1,TRD,Trade (domestic/foreign),Issues related to e-commerce and export and trade promotion.,,56188,KIMBERLY ELLIS,,False,True
6a1648ef-2f34-49e7-86aa-4c52063c0c09,2025,fourth_quarter,Q4,4th Quarter - Report,2026-01-20T12:21:31-05:00,401104313,"MILLER STRATEGIES, LLC",63370,"COUPANG, INC.",direct_client,https://lda.gov/filings/public/filing/6a1648ef-2f34-49e7-86aa-4c52063c0c09/print/,1,ECN,Economics/Economic Development,Advancing economic development goals through Coupang's expansion in current and new markets.,,65463,JEFFREY MILLER,,False,True
6a1648ef-2f34-49e7-86aa-4c52063c0c09,2025,fourth_quarter,Q4,4th Quarter - Report,2026-01-20T12:21:31-05:00,401104313,"MILLER STRATEGIES, LLC",63370,"COUPANG, INC.",direct_client,https://lda.gov/filings/public/filing/6a1648ef-2f34-49e7-86aa-4c52063c0c09/print/,1,ECN,Economics/Economic Development,Advancing economic development goals through Coupang's expansion in current and new markets.,,71740,JONATHAN HILER,,False,True
6a1648ef-2f34-49e7-86aa-4c52063c0c09,2025,fourth_quarter,Q4,4th Quarter - Report,2026-01-20T12:21:31-05:00,401104313,"MILLER STRATEGIES, LLC",63370,"COUPANG, INC.",direct_client,https://lda.gov/filings/public/filing/6a1648ef-2f34-49e7-86aa-4c52063c0c09/print/,1,ECN,Economics/Economic Development,Advancing economic development goals through Coupang's expansion in current and new markets.,,148686,JAMES TYLER GRIMM,,False,True
6a1648ef-2f34-49e7-86aa-4c52063c0c09,2025,fourth_quarter,Q4,4th Quarter - Report,2026-01-20T12:21:31-05:00,401104313,"MILLER STRATEGIES, LLC",63370,"COUPANG, INC.",direct_client,https://lda.gov/filings/public/filing/6a1648ef-2f34-49e7-86aa-4c52063c0c09/print/,1,ECN,Economics/Economic Development,Advancing economic development goals through Coupang's expansion in current and new markets.,,149246,JAMES MIN,,False,True
6a1648ef-2f34-49e7-86aa-4c52063c0c09,2025,fourth_quarter,Q4,4th Quarter - Report,2026-01-20T12:21:31-05:00,401104313,"MILLER STRATEGIES, LLC",63370,"COUPANG, INC.",direct_client,https://lda.gov/filings/public/filing/6a1648ef-2f34-49e7-86aa-4c52063c0c09/print/,1,ECN,Economics/Economic Development,Advancing economic development goals through Coupang's expansion in current and new markets.,,69623,ASHLEY GUNN,,False,True
6a1648ef-2f34-49e7-86aa-4c52063c0c09,2025,fourth_quarter,Q4,4th Quarter - Report,2026-01-20T12:21:31-05:00,401104313,"MILLER STRATEGIES, LLC",63370,"COUPANG, INC.",direct_client,https://lda.gov/filings/public/filing/6a1648ef-2f34-49e7-86aa-4c52063c0c09/print/,2,TRD,Trade (domestic/foreign),Issues as they relate to export promotion.,,65463,JEFFREY MILLER,,False,True
6a1648ef-2f34-49e7-86aa-4c52063c0c09,2025,fourth_quarter,Q4,4th Quarter - Report,2026-01-20T12:21:31-05:00,401104313,"MILLER STRATEGIES, LLC",63370,"COUPANG, INC.",direct_client,https://lda.gov/filings/public/filing/6a1648ef-2f34-49e7-86aa-4c52063c0c09/print/,2,TRD,Trade (domestic/foreign),Issues as they relate to export promotion.,,71740,JONATHAN HILER,,False,True
6a1648ef-2f34-49e7-86aa-4c52063c0c09,2025,fourth_quarter,Q4,4th Quarter - Report,2026-01-20T12:21:31-05:00,401104313,"MILLER STRATEGIES, LLC",63370,"COUPANG, INC.",direct_client,https://lda.gov/filings/public/filing/6a1648ef-2f34-49e7-86aa-4c52063c0c09/print/,2,TRD,Trade (domestic/foreign),Issues as they relate to export promotion.,,148686,JAMES TYLER GRIMM,,False,True
6a1648ef-2f34-49e7-86aa-4c52063c0c09,2025,fourth_quarter,Q4,4th Quarter - Report,2026-01-20T12:21:31-05:00,401104313,"MILLER STRATEGIES, LLC",63370,"COUPANG, INC.",direct_client,https://lda.gov/filings/public/filing/6a1648ef-2f34-49e7-86aa-4c52063c0c09/print/,2,TRD,Trade (domestic/foreign),Issues as they relate to export promotion.,,69623,ASHLEY GUNN,,False,True
6a1648ef-2f34-49e7-86aa-4c52063c0c09,2025,fourth_quarter,Q4,4th Quarter - Report,2026-01-20T12:21:31-05:00,401104313,"MILLER STRATEGIES, LLC",63370,"COUPANG, INC.",direct_client,https://lda.gov/filings/public/filing/6a1648ef-2f34-49e7-86aa-4c52063c0c09/print/,2,TRD,Trade (domestic/foreign),Issues as they relate to export promotion.,,149246,JAMES MIN,,False,True
77d080b1-32cb-4c3a-909b-508b7f2737fc,2025,fourth_quarter,Q4,4th Quarter - Report,2026-01-20T20:58:09-05:00,401106168,"COUPANG, INC.",211631,"COUPANG, INC.",direct_client,https://lda.gov/filings/public/filing/77d080b1-32cb-4c3a-909b-508b7f2737fc/print/,1,ECN,Economics/Economic Development,"Discussions regarding expanded use of Coupang's digital, retail, and logistics offerings by American SMEs, large businesses, and agricultural producers. Discussions regarding U.S. job creation and economic growth made possible by Coupang's business model and innovation (no specific legislation).",,145063,BILL ANAYA,,False,True
77d080b1-32cb-4c3a-909b-508b7f2737fc,2025,fourth_quarter,Q4,4th Quarter - Report,2026-01-20T20:58:09-05:00,401106168,"COUPANG, INC.",211631,"COUPANG, INC.",direct_client,https://lda.gov/filings/public/filing/77d080b1-32cb-4c3a-909b-508b7f2737fc/print/,1,ECN,Economics/Economic Development,"Discussions regarding expanded use of Coupang's digital, retail, and logistics offerings by American SMEs, large businesses, and agricultural producers. Discussions regarding U.S. job creation and economic growth made possible by Coupang's business model and innovation (no specific legislation).",,147684,ARI ZIMMERMAN,,False,True
77d080b1-32cb-4c3a-909b-508b7f2737fc,2025,fourth_quarter,Q4,4th Quarter - Report,2026-01-20T20:58:09-05:00,401106168,"COUPANG, INC.",211631,"COUPANG, INC.",direct_client,https://lda.gov/filings/public/filing/77d080b1-32cb-4c3a-909b-508b7f2737fc/print/,1,ECN,Economics/Economic Development,"Discussions regarding expanded use of Coupang's digital, retail, and logistics offerings by American SMEs, large businesses, and agricultural producers. Discussions regarding U.S. job creation and economic growth made possible by Coupang's business model and innovation (no specific legislation).",,150796,JASON ALEXANDER PARK,,False,True
77d080b1-32cb-4c3a-909b-508b7f2737fc,2025,fourth_quarter,Q4,4th Quarter - Report,2026-01-20T20:58:09-05:00,401106168,"COUPANG, INC.",211631,"COUPANG, INC.",direct_client,https://lda.gov/filings/public/filing/77d080b1-32cb-4c3a-909b-508b7f2737fc/print/,2,TRD,Trade (domestic/foreign),"Discussions regarding U.S. export promotion and efforts to increase trade and investment flows between countries in North America, Asia, and Europe (no specific legislation). Discussions regarding international economic policy issues related to trade promotion (no specific legislation). Discussions regarding efforts to strengthen economic and commercial ties between the United States and allied countries like South Korea, Taiwan, Japan, the UK, and the European Union (no specific legislation).",,145063,BILL ANAYA,,False,True
77d080b1-32cb-4c3a-909b-508b7f2737fc,2025,fourth_quarter,Q4,4th Quarter - Report,2026-01-20T20:58:09-05:00,401106168,"COUPANG, INC.",211631,"COUPANG, INC.",direct_client,https://lda.gov/filings/public/filing/77d080b1-32cb-4c3a-909b-508b7f2737fc/print/,2,TRD,Trade (domestic/foreign),"Discussions regarding U.S. export promotion and efforts to increase trade and investment flows between countries in North America, Asia, and Europe (no specific legislation). Discussions regarding international economic policy issues related to trade promotion (no specific legislation). Discussions regarding efforts to strengthen economic and commercial ties between the United States and allied countries like South Korea, Taiwan, Japan, the UK, and the European Union (no specific legislation).",,147684,ARI ZIMMERMAN,,False,True
77d080b1-32cb-4c3a-909b-508b7f2737fc,2025,fourth_quarter,Q4,4th Quarter - Report,2026-01-20T20:58:09-05:00,401106168,"COUPANG, INC.",211631,"COUPANG, INC.",direct_client,https://lda.gov/filings/public/filing/77d080b1-32cb-4c3a-909b-508b7f2737fc/print/,2,TRD,Trade (domestic/foreign),"Discussions regarding U.S. export promotion and efforts to increase trade and investment flows between countries in North America, Asia, and Europe (no specific legislation). Discussions regarding international economic policy issues related to trade promotion (no specific legislation). Discussions regarding efforts to strengthen economic and commercial ties between the United States and allied countries like South Korea, Taiwan, Japan, the UK, and the European Union (no specific legislation).",,150796,JASON ALEXANDER PARK,,False,True
77d080b1-32cb-4c3a-909b-508b7f2737fc,2025,fourth_quarter,Q4,4th Quarter - Report,2026-01-20T20:58:09-05:00,401106168,"COUPANG, INC.",211631,"COUPANG, INC.",direct_client,https://lda.gov/filings/public/filing/77d080b1-32cb-4c3a-909b-508b7f2737fc/print/,3,IMM,Immigration,"Issues related to general business immigration policy. H. R. 4687, Partner with Korea Act.",,150796,JASON ALEXANDER PARK,,False,True
4f23a7cd-17c8-4bdd-a8b2-e1858f129908,2026,first_quarter,1T,1st Quarter - Termination,2026-01-30T21:20:07-05:00,682,AKIN GUMP STRAUSS HAUER & FELD,211969,"COUPANG, INC.",direct_client,https://lda.gov/filings/public/filing/4f23a7cd-17c8-4bdd-a8b2-e1858f129908/print/,1,TRD,Trade (domestic/foreign),Issues related to export promotion.,,93554,JOSE BORJON,,False,False
4f23a7cd-17c8-4bdd-a8b2-e1858f129908,2026,first_quarter,1T,1st Quarter - Termination,2026-01-30T21:20:07-05:00,682,AKIN GUMP STRAUSS HAUER & FELD,211969,"COUPANG, INC.",direct_client,https://lda.gov/filings/public/filing/4f23a7cd-17c8-4bdd-a8b2-e1858f129908/print/,1,TRD,Trade (domestic/foreign),Issues related to export promotion.,,139541,JOSEPH G. FAWKNER,,False,False
4f23a7cd-17c8-4bdd-a8b2-e1858f129908,2026,first_quarter,1T,1st Quarter - Termination,2026-01-30T21:20:07-05:00,682,AKIN GUMP STRAUSS HAUER & FELD,211969,"COUPANG, INC.",direct_client,https://lda.gov/filings/public/filing/4f23a7cd-17c8-4bdd-a8b2-e1858f129908/print/,1,TRD,Trade (domestic/foreign),Issues related to export promotion.,,59406,SAM OLSWANGER,,False,False
4f23a7cd-17c8-4bdd-a8b2-e1858f129908,2026,first_quarter,1T,1st Quarter - Termination,2026-01-30T21:20:07-05:00,682,AKIN GUMP STRAUSS HAUER & FELD,211969,"COUPANG, INC.",direct_client,https://lda.gov/filings/public/filing/4f23a7cd-17c8-4bdd-a8b2-e1858f129908/print/,1,TRD,Trade (domestic/foreign),Issues related to export promotion.,,52134,BRIAN ARTHUR POMPER,,False,False
4f23a7cd-17c8-4bdd-a8b2-e1858f129908,2026,first_quarter,1T,1st Quarter - Termination,2026-01-30T21:20:07-05:00,682,AKIN GUMP STRAUSS HAUER & FELD,211969,"COUPANG, INC.",direct_client,https://lda.gov/filings/public/filing/4f23a7cd-17c8-4bdd-a8b2-e1858f129908/print/,1,TRD,Trade (domestic/foreign),Issues related to export promotion.,,148811,DAVID SCHWIETERT,,False,False
4f23a7cd-17c8-4bdd-a8b2-e1858f129908,2026,first_quarter,1T,1st Quarter - Termination,2026-01-30T21:20:07-05:00,682,AKIN GUMP STRAUSS HAUER & FELD,211969,"COUPANG, INC.",direct_client,https://lda.gov/filings/public/filing/4f23a7cd-17c8-4bdd-a8b2-e1858f129908/print/,1,TRD,Trade (domestic/foreign),Issues related to export promotion.,,150263,KELLY ANN SHAW,,False,False
4f23a7cd-17c8-4bdd-a8b2-e1858f129908,2026,first_quarter,1T,1st Quarter - Termination,2026-01-30T21:20:07-05:00,682,AKIN GUMP STRAUSS HAUER & FELD,211969,"COUPANG, INC.",direct_client,https://lda.gov/filings/public/filing/4f23a7cd-17c8-4bdd-a8b2-e1858f129908/print/,1,TRD,Trade (domestic/foreign),Issues related to export promotion.,,145980,PHYLICIA WU,,False,False
ab749e29-7d74-4037-b395-bbd42e5a7fe2,2026,first_quarter,RR,Registration,2026-03-20T16:06:03-04:00,41454,"WILLIAMS AND JENSEN, PLLC",71887,"COUPANG, INC.",direct_client,https://lda.gov/filings/public/filing/ab749e29-7d74-4037-b395-bbd42e5a7fe2/print/,1,TRD,Trade (domestic/foreign),"Issues related to U.S. export promotion, international economic policy, and improving economic and commercial ties between the United States and allied nations, particularly in Asia.",,14682,SUSAN HIRSCHMANN,,True,False
ab749e29-7d74-4037-b395-bbd42e5a7fe2,2026,first_quarter,RR,Registration,2026-03-20T16:06:03-04:00,41454,"WILLIAMS AND JENSEN, PLLC",71887,"COUPANG, INC.",direct_client,https://lda.gov/filings/public/filing/ab749e29-7d74-4037-b395-bbd42e5a7fe2/print/,1,TRD,Trade (domestic/foreign),"Issues related to U.S. export promotion, international economic policy, and improving economic and commercial ties between the United States and allied nations, particularly in Asia.",,141323,DANIEL ZIEGLER,"Executive Director, Republican Study Committee; Legislative Director for Rep Doug Lamborn, Policy Director; Speaker Mike Johnson",True,False
ab749e29-7d74-4037-b395-bbd42e5a7fe2,2026,first_quarter,RR,Registration,2026-03-20T16:06:03-04:00,41454,"WILLIAMS AND JENSEN, PLLC",71887,"COUPANG, INC.",direct_client,https://lda.gov/filings/public/filing/ab749e29-7d74-4037-b395-bbd42e5a7fe2/print/,1,TRD,Trade (domestic/foreign),"Issues related to U.S. export promotion, international economic policy, and improving economic and commercial ties between the United States and allied nations, particularly in Asia.",,43332,CHRISTOPHER W HATCHER,,True,False
ab749e29-7d74-4037-b395-bbd42e5a7fe2,2026,first_quarter,RR,Registration,2026-03-20T16:06:03-04:00,41454,"WILLIAMS AND JENSEN, PLLC",71887,"COUPANG, INC.",direct_client,https://lda.gov/filings/public/filing/ab749e29-7d74-4037-b395-bbd42e5a7fe2/print/,1,TRD,Trade (domestic/foreign),"Issues related to U.S. export promotion, international economic policy, and improving economic and commercial ties between the United States and allied nations, particularly in Asia.",,148718,CHRISTOPHER BRINSON,"Deputy Chief LD, COS/General Counsel, Rep. Mike Rogers",True,False
3900e55e-35d6-4489-bf6e-ebff6715ab44,2026,first_quarter,RR,Registration,2026-03-20T18:10:22-04:00,400531586,"CROSSROADS STRATEGIES, LLC",71892,"COUPANG, INC.",direct_client,https://lda.gov/filings/public/filing/3900e55e-35d6-4489-bf6e-ebff6715ab44/print/,1,ECN,Economics/Economic Development,"Discussions regarding U.S. export promotion and efforts to increase trade and investment flows between countries in North America, Asia, and Europe (no specific legislation). Discussions regarding international economic policy issues related to trade promotion (no specific legislation). Discussions regarding efforts to strengthen economic and commercial ties between the United States and allied countries like South Korea, Taiwan, Japan, the UK, and the European Union (no specific legislation).",,66496,JASON BENJAMIN VAN PELT,"Legislative Director, Senior Legislative Asst, Legislative Asst, Staff Asst: Rep. Ed Whitfield",True,False
3900e55e-35d6-4489-bf6e-ebff6715ab44,2026,first_quarter,RR,Registration,2026-03-20T18:10:22-04:00,400531586,"CROSSROADS STRATEGIES, LLC",71892,"COUPANG, INC.",direct_client,https://lda.gov/filings/public/filing/3900e55e-35d6-4489-bf6e-ebff6715ab44/print/,1,ECN,Economics/Economic Development,"Discussions regarding U.S. export promotion and efforts to increase trade and investment flows between countries in North America, Asia, and Europe (no specific legislation). Discussions regarding international economic policy issues related to trade promotion (no specific legislation). Discussions regarding efforts to strengthen economic and commercial ties between the United States and allied countries like South Korea, Taiwan, Japan, the UK, and the European Union (no specific legislation).",,58561,MATHEW LAPINSKI,,True,False
3900e55e-35d6-4489-bf6e-ebff6715ab44,2026,first_quarter,RR,Registration,2026-03-20T18:10:22-04:00,400531586,"CROSSROADS STRATEGIES, LLC",71892,"COUPANG, INC.",direct_client,https://lda.gov/filings/public/filing/3900e55e-35d6-4489-bf6e-ebff6715ab44/print/,1,ECN,Economics/Economic Development,"Discussions regarding U.S. export promotion and efforts to increase trade and investment flows between countries in North America, Asia, and Europe (no specific legislation). Discussions regarding international economic policy issues related to trade promotion (no specific legislation). Discussions regarding efforts to strengthen economic and commercial ties between the United States and allied countries like South Korea, Taiwan, Japan, the UK, and the European Union (no specific legislation).",,66499,CHRIS J MILLER,"Chief of Staff/Legislative Director, Rep. Dave Reichert; Senior Legislative Asst, Rep. Gary Miller; Legislative Asst, Rep. Jennifer Dunn; LC, Sen. Tim Hutchinson; Staff Asst, Sen. Gordon Smith",True,False
3900e55e-35d6-4489-bf6e-ebff6715ab44,2026,first_quarter,RR,Registration,2026-03-20T18:10:22-04:00,400531586,"CROSSROADS STRATEGIES, LLC",71892,"COUPANG, INC.",direct_client,https://lda.gov/filings/public/filing/3900e55e-35d6-4489-bf6e-ebff6715ab44/print/,1,ECN,Economics/Economic Development,"Discussions regarding U.S. export promotion and efforts to increase trade and investment flows between countries in North America, Asia, and Europe (no specific legislation). Discussions regarding international economic policy issues related to trade promotion (no specific legislation). Discussions regarding efforts to strengthen economic and commercial ties between the United States and allied countries like South Korea, Taiwan, Japan, the UK, and the European Union (no specific legislation).",,107303,BRITTANY JOHNSON HERNANDEZ,"Senior Legislative Assistant, Legislative Assistant, Legislative Correspondent, Staff Assistant: Rep. Steve Cohen",True,False
3900e55e-35d6-4489-bf6e-ebff6715ab44,2026,first_quarter,RR,Registration,2026-03-20T18:10:22-04:00,400531586,"CROSSROADS STRATEGIES, LLC",71892,"COUPANG, INC.",direct_client,https://lda.gov/filings/public/filing/3900e55e-35d6-4489-bf6e-ebff6715ab44/print/,1,ECN,Economics/Economic Development,"Discussions regarding U.S. export promotion and efforts to increase trade and investment flows between countries in North America, Asia, and Europe (no specific legislation). Discussions regarding international economic policy issues related to trade promotion (no specific legislation). Discussions regarding efforts to strengthen economic and commercial ties between the United States and allied countries like South Korea, Taiwan, Japan, the UK, and the European Union (no specific legislation).",,151117,STEPHEN THOMAS VOLJAVEC,"Legislative Director, Rep. Vern Buchanan; Legislative Assistant, Senator Marsha Blackburn",True,False
3900e55e-35d6-4489-bf6e-ebff6715ab44,2026,first_quarter,RR,Registration,2026-03-20T18:10:22-04:00,400531586,"CROSSROADS STRATEGIES, LLC",71892,"COUPANG, INC.",direct_client,https://lda.gov/filings/public/filing/3900e55e-35d6-4489-bf6e-ebff6715ab44/print/,1,ECN,Economics/Economic Development,"Discussions regarding U.S. export promotion and efforts to increase trade and investment flows between countries in North America, Asia, and Europe (no specific legislation). Discussions regarding international economic policy issues related to trade promotion (no specific legislation). Discussions regarding efforts to strengthen economic and commercial ties between the United States and allied countries like South Korea, Taiwan, Japan, the UK, and the European Union (no specific legislation).",,153070,WILL COURTNEY,"Chief of Staff, Deputy Chief of Staff, Legislative Assistant, Legislative Correspondent, Staff Assistant: Rep. David Kustoff",True,False
3900e55e-35d6-4489-bf6e-ebff6715ab44,2026,first_quarter,RR,Registration,2026-03-20T18:10:22-04:00,400531586,"CROSSROADS STRATEGIES, LLC",71892,"COUPANG, INC.",direct_client,https://lda.gov/filings/public/filing/3900e55e-35d6-4489-bf6e-ebff6715ab44/print/,1,ECN,Economics/Economic Development,"Discussions regarding U.S. export promotion and efforts to increase trade and investment flows between countries in North America, Asia, and Europe (no specific legislation). Discussions regarding international economic policy issues related to trade promotion (no specific legislation). Discussions regarding efforts to strengthen economic and commercial ties between the United States and allied countries like South Korea, Taiwan, Japan, the UK, and the European Union (no specific legislation).",,71310,BEN LEE MCMAKIN,"Legislative Director, Sen. Patty Murray",True,False
3900e55e-35d6-4489-bf6e-ebff6715ab44,2026,first_quarter,RR,Registration,2026-03-20T18:10:22-04:00,400531586,"CROSSROADS STRATEGIES, LLC",71892,"COUPANG, INC.",direct_client,https://lda.gov/filings/public/filing/3900e55e-35d6-4489-bf6e-ebff6715ab44/print/,1,ECN,Economics/Economic Development,"Discussions regarding U.S. export promotion and efforts to increase trade and investment flows between countries in North America, Asia, and Europe (no specific legislation). Discussions regarding international economic policy issues related to trade promotion (no specific legislation). Discussions regarding efforts to strengthen economic and commercial ties between the United States and allied countries like South Korea, Taiwan, Japan, the UK, and the European Union (no specific legislation).",,50836,JOHN GREEN,,True,False
3900e55e-35d6-4489-bf6e-ebff6715ab44,2026,first_quarter,RR,Registration,2026-03-20T18:10:22-04:00,400531586,"CROSSROADS STRATEGIES, LLC",71892,"COUPANG, INC.",direct_client,https://lda.gov/filings/public/filing/3900e55e-35d6-4489-bf6e-ebff6715ab44/print/,1,ECN,Economics/Economic Development,"Discussions regarding U.S. export promotion and efforts to increase trade and investment flows between countries in North America, Asia, and Europe (no specific legislation). Discussions regarding international economic policy issues related to trade promotion (no specific legislation). Discussions regarding efforts to strengthen economic and commercial ties between the United States and allied countries like South Korea, Taiwan, Japan, the UK, and the European Union (no specific legislation).",,67957,SALIM ALAMEDDIN,"Legislative Asst/Legislative Aide, Rep. Will Hurd; Legislative Correspondent/Staff Asst, Sen. John Cornyn",True,False
3900e55e-35d6-4489-bf6e-ebff6715ab44,2026,first_quarter,RR,Registration,2026-03-20T18:10:22-04:00,400531586,"CROSSROADS STRATEGIES, LLC",71892,"COUPANG, INC.",direct_client,https://lda.gov/filings/public/filing/3900e55e-35d6-4489-bf6e-ebff6715ab44/print/,1,ECN,Economics/Economic Development,"Discussions regarding U.S. export promotion and efforts to increase trade and investment flows between countries in North America, Asia, and Europe (no specific legislation). Discussions regarding international economic policy issues related to trade promotion (no specific legislation). Discussions regarding efforts to strengthen economic and commercial ties between the United States and allied countries like South Korea, Taiwan, Japan, the UK, and the European Union (no specific legislation).",,50936,HUNTER MOORHEAD,"Policy Advisor, Sen. Thad Cochran; Special Asst to the President, WH National Economic Council; Professional Staff, Senate Approps Committee; Legislative Asst, Sen. Cochran; Subcommittee Staff Director/ Legislative Asst, House Agriculture Committee",True,False
3900e55e-35d6-4489-bf6e-ebff6715ab44,2026,first_quarter,RR,Registration,2026-03-20T18:10:22-04:00,400531586,"CROSSROADS STRATEGIES, LLC",71892,"COUPANG, INC.",direct_client,https://lda.gov/filings/public/filing/3900e55e-35d6-4489-bf6e-ebff6715ab44/print/,1,ECN,Economics/Economic Development,"Discussions regarding U.S. export promotion and efforts to increase trade and investment flows between countries in North America, Asia, and Europe (no specific legislation). Discussions regarding international economic policy issues related to trade promotion (no specific legislation). Discussions regarding efforts to strengthen economic and commercial ties between the United States and allied countries like South Korea, Taiwan, Japan, the UK, and the European Union (no specific legislation).",,73822,JOHN BREAUX,"US Senator (18 yrs), US Representative (2 yrs)",True,False
3900e55e-35d6-4489-bf6e-ebff6715ab44,2026,first_quarter,RR,Registration,2026-03-20T18:10:22-04:00,400531586,"CROSSROADS STRATEGIES, LLC",71892,"COUPANG, INC.",direct_client,https://lda.gov/filings/public/filing/3900e55e-35d6-4489-bf6e-ebff6715ab44/print/,1,ECN,Economics/Economic Development,"Discussions regarding U.S. export promotion and efforts to increase trade and investment flows between countries in North America, Asia, and Europe (no specific legislation). Discussions regarding international economic policy issues related to trade promotion (no specific legislation). Discussions regarding efforts to strengthen economic and commercial ties between the United States and allied countries like South Korea, Taiwan, Japan, the UK, and the European Union (no specific legislation).",,146110,LUCIA PANZA,"Counsel, U.S. Senator Charles E. Schumer; Counsel, U.S. Senate Judiciary Committee; Legislative Assistant, U.S. Senator Barbara Boxer; Law Clerk, Senate Health, Education, Labor & Pensions Committee; Law Clerk, Senate Judiciary Committee",True,False
3900e55e-35d6-4489-bf6e-ebff6715ab44,2026,first_quarter,RR,Registration,2026-03-20T18:10:22-04:00,400531586,"CROSSROADS STRATEGIES, LLC",71892,"COUPANG, INC.",direct_client,https://lda.gov/filings/public/filing/3900e55e-35d6-4489-bf6e-ebff6715ab44/print/,1,ECN,Economics/Economic Development,"Discussions regarding U.S. export promotion and efforts to increase trade and investment flows between countries in North America, Asia, and Europe (no specific legislation). Discussions regarding international economic policy issues related to trade promotion (no specific legislation). Discussions regarding efforts to strengthen economic and commercial ties between the United States and allied countries like South Korea, Taiwan, Japan, the UK, and the European Union (no specific legislation).",,73823,CHESTER TRENT LOTT sr,"US Senator (19 yrs), US Representative (1 yr)",True,False
3900e55e-35d6-4489-bf6e-ebff6715ab44,2026,first_quarter,RR,Registration,2026-03-20T18:10:22-04:00,400531586,"CROSSROADS STRATEGIES, LLC",71892,"COUPANG, INC.",direct_client,https://lda.gov/filings/public/filing/3900e55e-35d6-4489-bf6e-ebff6715ab44/print/,2,TRD,Trade (domestic/foreign),"Discussions regarding U.S. export promotion and efforts to increase trade and investment flows between countries in North America, Asia, and Europe (no specific legislation). Discussions regarding international economic policy issues related to trade promotion (no specific legislation). Discussions regarding efforts to strengthen economic and commercial ties between the United States and allied countries like South Korea, Taiwan, Japan, the UK, and the European Union (no specific legislation).",,66496,JASON BENJAMIN VAN PELT,"Legislative Director, Senior Legislative Asst, Legislative Asst, Staff Asst: Rep. Ed Whitfield",True,False
3900e55e-35d6-4489-bf6e-ebff6715ab44,2026,first_quarter,RR,Registration,2026-03-20T18:10:22-04:00,400531586,"CROSSROADS STRATEGIES, LLC",71892,"COUPANG, INC.",direct_client,https://lda.gov/filings/public/filing/3900e55e-35d6-4489-bf6e-ebff6715ab44/print/,2,TRD,Trade (domestic/foreign),"Discussions regarding U.S. export promotion and efforts to increase trade and investment flows between countries in North America, Asia, and Europe (no specific legislation). Discussions regarding international economic policy issues related to trade promotion (no specific legislation). Discussions regarding efforts to strengthen economic and commercial ties between the United States and allied countries like South Korea, Taiwan, Japan, the UK, and the European Union (no specific legislation).",,58561,MATHEW LAPINSKI,,True,False
3900e55e-35d6-4489-bf6e-ebff6715ab44,2026,first_quarter,RR,Registration,2026-03-20T18:10:22-04:00,400531586,"CROSSROADS STRATEGIES, LLC",71892,"COUPANG, INC.",direct_client,https://lda.gov/filings/public/filing/3900e55e-35d6-4489-bf6e-ebff6715ab44/print/,2,TRD,Trade (domestic/foreign),"Discussions regarding U.S. export promotion and efforts to increase trade and investment flows between countries in North America, Asia, and Europe (no specific legislation). Discussions regarding international economic policy issues related to trade promotion (no specific legislation). Discussions regarding efforts to strengthen economic and commercial ties between the United States and allied countries like South Korea, Taiwan, Japan, the UK, and the European Union (no specific legislation).",,66499,CHRIS J MILLER,"Chief of Staff/Legislative Director, Rep. Dave Reichert; Senior Legislative Asst, Rep. Gary Miller; Legislative Asst, Rep. Jennifer Dunn; LC, Sen. Tim Hutchinson; Staff Asst, Sen. Gordon Smith",True,False
3900e55e-35d6-4489-bf6e-ebff6715ab44,2026,first_quarter,RR,Registration,2026-03-20T18:10:22-04:00,400531586,"CROSSROADS STRATEGIES, LLC",71892,"COUPANG, INC.",direct_client,https://lda.gov/filings/public/filing/3900e55e-35d6-4489-bf6e-ebff6715ab44/print/,2,TRD,Trade (domestic/foreign),"Discussions regarding U.S. export promotion and efforts to increase trade and investment flows between countries in North America, Asia, and Europe (no specific legislation). Discussions regarding international economic policy issues related to trade promotion (no specific legislation). Discussions regarding efforts to strengthen economic and commercial ties between the United States and allied countries like South Korea, Taiwan, Japan, the UK, and the European Union (no specific legislation).",,107303,BRITTANY JOHNSON HERNANDEZ,"Senior Legislative Assistant, Legislative Assistant, Legislative Correspondent, Staff Assistant: Rep. Steve Cohen",True,False
3900e55e-35d6-4489-bf6e-ebff6715ab44,2026,first_quarter,RR,Registration,2026-03-20T18:10:22-04:00,400531586,"CROSSROADS STRATEGIES, LLC",71892,"COUPANG, INC.",direct_client,https://lda.gov/filings/public/filing/3900e55e-35d6-4489-bf6e-ebff6715ab44/print/,2,TRD,Trade (domestic/foreign),"Discussions regarding U.S. export promotion and efforts to increase trade and investment flows between countries in North America, Asia, and Europe (no specific legislation). Discussions regarding international economic policy issues related to trade promotion (no specific legislation). Discussions regarding efforts to strengthen economic and commercial ties between the United States and allied countries like South Korea, Taiwan, Japan, the UK, and the European Union (no specific legislation).",,151117,STEPHEN THOMAS VOLJAVEC,"Legislative Director, Rep. Vern Buchanan; Legislative Assistant, Senator Marsha Blackburn",True,False
3900e55e-35d6-4489-bf6e-ebff6715ab44,2026,first_quarter,RR,Registration,2026-03-20T18:10:22-04:00,400531586,"CROSSROADS STRATEGIES, LLC",71892,"COUPANG, INC.",direct_client,https://lda.gov/filings/public/filing/3900e55e-35d6-4489-bf6e-ebff6715ab44/print/,2,TRD,Trade (domestic/foreign),"Discussions regarding U.S. export promotion and efforts to increase trade and investment flows between countries in North America, Asia, and Europe (no specific legislation). Discussions regarding international economic policy issues related to trade promotion (no specific legislation). Discussions regarding efforts to strengthen economic and commercial ties between the United States and allied countries like South Korea, Taiwan, Japan, the UK, and the European Union (no specific legislation).",,153070,WILL COURTNEY,"Chief of Staff, Deputy Chief of Staff, Legislative Assistant, Legislative Correspondent, Staff Assistant: Rep. David Kustoff",True,False
3900e55e-35d6-4489-bf6e-ebff6715ab44,2026,first_quarter,RR,Registration,2026-03-20T18:10:22-04:00,400531586,"CROSSROADS STRATEGIES, LLC",71892,"COUPANG, INC.",direct_client,https://lda.gov/filings/public/filing/3900e55e-35d6-4489-bf6e-ebff6715ab44/print/,2,TRD,Trade (domestic/foreign),"Discussions regarding U.S. export promotion and efforts to increase trade and investment flows between countries in North America, Asia, and Europe (no specific legislation). Discussions regarding international economic policy issues related to trade promotion (no specific legislation). Discussions regarding efforts to strengthen economic and commercial ties between the United States and allied countries like South Korea, Taiwan, Japan, the UK, and the European Union (no specific legislation).",,71310,BEN LEE MCMAKIN,"Legislative Director, Sen. Patty Murray",True,False
3900e55e-35d6-4489-bf6e-ebff6715ab44,2026,first_quarter,RR,Registration,2026-03-20T18:10:22-04:00,400531586,"CROSSROADS STRATEGIES, LLC",71892,"COUPANG, INC.",direct_client,https://lda.gov/filings/public/filing/3900e55e-35d6-4489-bf6e-ebff6715ab44/print/,2,TRD,Trade (domestic/foreign),"Discussions regarding U.S. export promotion and efforts to increase trade and investment flows between countries in North America, Asia, and Europe (no specific legislation). Discussions regarding international economic policy issues related to trade promotion (no specific legislation). Discussions regarding efforts to strengthen economic and commercial ties between the United States and allied countries like South Korea, Taiwan, Japan, the UK, and the European Union (no specific legislation).",,50836,JOHN GREEN,,True,False
3900e55e-35d6-4489-bf6e-ebff6715ab44,2026,first_quarter,RR,Registration,2026-03-20T18:10:22-04:00,400531586,"CROSSROADS STRATEGIES, LLC",71892,"COUPANG, INC.",direct_client,https://lda.gov/filings/public/filing/3900e55e-35d6-4489-bf6e-ebff6715ab44/print/,2,TRD,Trade (domestic/foreign),"Discussions regarding U.S. export promotion and efforts to increase trade and investment flows between countries in North America, Asia, and Europe (no specific legislation). Discussions regarding international economic policy issues related to trade promotion (no specific legislation). Discussions regarding efforts to strengthen economic and commercial ties between the United States and allied countries like South Korea, Taiwan, Japan, the UK, and the European Union (no specific legislation).",,67957,SALIM ALAMEDDIN,"Legislative Asst/Legislative Aide, Rep. Will Hurd; Legislative Correspondent/Staff Asst, Sen. John Cornyn",True,False
3900e55e-35d6-4489-bf6e-ebff6715ab44,2026,first_quarter,RR,Registration,2026-03-20T18:10:22-04:00,400531586,"CROSSROADS STRATEGIES, LLC",71892,"COUPANG, INC.",direct_client,https://lda.gov/filings/public/filing/3900e55e-35d6-4489-bf6e-ebff6715ab44/print/,2,TRD,Trade (domestic/foreign),"Discussions regarding U.S. export promotion and efforts to increase trade and investment flows between countries in North America, Asia, and Europe (no specific legislation). Discussions regarding international economic policy issues related to trade promotion (no specific legislation). Discussions regarding efforts to strengthen economic and commercial ties between the United States and allied countries like South Korea, Taiwan, Japan, the UK, and the European Union (no specific legislation).",,50936,HUNTER MOORHEAD,"Policy Advisor, Sen. Thad Cochran; Special Asst to the President, WH National Economic Council; Professional Staff, Senate Approps Committee; Legislative Asst, Sen. Cochran; Subcommittee Staff Director/ Legislative Asst, House Agriculture Committee",True,False
3900e55e-35d6-4489-bf6e-ebff6715ab44,2026,first_quarter,RR,Registration,2026-03-20T18:10:22-04:00,400531586,"CROSSROADS STRATEGIES, LLC",71892,"COUPANG, INC.",direct_client,https://lda.gov/filings/public/filing/3900e55e-35d6-4489-bf6e-ebff6715ab44/print/,2,TRD,Trade (domestic/foreign),"Discussions regarding U.S. export promotion and efforts to increase trade and investment flows between countries in North America, Asia, and Europe (no specific legislation). Discussions regarding international economic policy issues related to trade promotion (no specific legislation). Discussions regarding efforts to strengthen economic and commercial ties between the United States and allied countries like South Korea, Taiwan, Japan, the UK, and the European Union (no specific legislation).",,73822,JOHN BREAUX,"US Senator (18 yrs), US Representative (2 yrs)",True,False
3900e55e-35d6-4489-bf6e-ebff6715ab44,2026,first_quarter,RR,Registration,2026-03-20T18:10:22-04:00,400531586,"CROSSROADS STRATEGIES, LLC",71892,"COUPANG, INC.",direct_client,https://lda.gov/filings/public/filing/3900e55e-35d6-4489-bf6e-ebff6715ab44/print/,2,TRD,Trade (domestic/foreign),"Discussions regarding U.S. export promotion and efforts to increase trade and investment flows between countries in North America, Asia, and Europe (no specific legislation). Discussions regarding international economic policy issues related to trade promotion (no specific legislation). Discussions regarding efforts to strengthen economic and commercial ties between the United States and allied countries like South Korea, Taiwan, Japan, the UK, and the European Union (no specific legislation).",,146110,LUCIA PANZA,"Counsel, U.S. Senator Charles E. Schumer; Counsel, U.S. Senate Judiciary Committee; Legislative Assistant, U.S. Senator Barbara Boxer; Law Clerk, Senate Health, Education, Labor & Pensions Committee; Law Clerk, Senate Judiciary Committee",True,False
3900e55e-35d6-4489-bf6e-ebff6715ab44,2026,first_quarter,RR,Registration,2026-03-20T18:10:22-04:00,400531586,"CROSSROADS STRATEGIES, LLC",71892,"COUPANG, INC.",direct_client,https://lda.gov/filings/public/filing/3900e55e-35d6-4489-bf6e-ebff6715ab44/print/,2,TRD,Trade (domestic/foreign),"Discussions regarding U.S. export promotion and efforts to increase trade and investment flows between countries in North America, Asia, and Europe (no specific legislation). Discussions regarding international economic policy issues related to trade promotion (no specific legislation). Discussions regarding efforts to strengthen economic and commercial ties between the United States and allied countries like South Korea, Taiwan, Japan, the UK, and the European Union (no specific legislation).",,73823,CHESTER TRENT LOTT sr,"US Senator (19 yrs), US Representative (1 yr)",True,False
8e4a96ab-6773-455a-92a2-af2c33025b53,2026,first_quarter,RR,Registration,2026-03-25T19:46:33-04:00,401104288,BALLARD PARTNERS,71985,"COUPANG, INC.",direct_client,https://lda.gov/filings/public/filing/8e4a96ab-6773-455a-92a2-af2c33025b53/print/,1,ECN,Economics/Economic Development,"Issues related to U.S. export promotion, international economic policy, and investment flows. Discussions regarding efforts to strengthen economic and commercial ties between the United States and allied countries such as South Korea, Taiwan, Japan, the UK, and the European Union.",,65360,BRIAN BALLARD,,True,False
8e4a96ab-6773-455a-92a2-af2c33025b53,2026,first_quarter,RR,Registration,2026-03-25T19:46:33-04:00,401104288,BALLARD PARTNERS,71985,"COUPANG, INC.",direct_client,https://lda.gov/filings/public/filing/8e4a96ab-6773-455a-92a2-af2c33025b53/print/,1,ECN,Economics/Economic Development,"Issues related to U.S. export promotion, international economic policy, and investment flows. Discussions regarding efforts to strengthen economic and commercial ties between the United States and allied countries such as South Korea, Taiwan, Japan, the UK, and the European Union.",,93936,HUNTER MORGEN,"Policy Advisor, Office of Policy Planning, U.S. State Dept. (2017); Deputy Director, Office of Trade & Manufacturing Policy, WH (2017-2018); Special Assistant to the President, Office of the Senior Advisor for Policy, WH (2018-2020)",True,False
8e4a96ab-6773-455a-92a2-af2c33025b53,2026,first_quarter,RR,Registration,2026-03-25T19:46:33-04:00,401104288,BALLARD PARTNERS,71985,"COUPANG, INC.",direct_client,https://lda.gov/filings/public/filing/8e4a96ab-6773-455a-92a2-af2c33025b53/print/,1,ECN,Economics/Economic Development,"Issues related to U.S. export promotion, international economic policy, and investment flows. Discussions regarding efforts to strengthen economic and commercial ties between the United States and allied countries such as South Korea, Taiwan, Japan, the UK, and the European Union.",,152173,MICAH KETCHEL,"Senior Advisor, State Dept. 2025; Special Assistant to the President & Senior Advisor to the NSA, White House 2025;Chief of Staff, US Rep. Mike Waltz 2019-2025;Counsel, House Vet. Affairs Comm. 2011-2012;Staff Assistant, House Vet.Affairs Comm.2011",True,False
d5b565ea-4e0c-47ca-8762-0e6e6b4242de,2026,first_quarter,Q1,1st Quarter - Report,2026-04-15T18:35:57-04:00,401104288,BALLARD PARTNERS,71985,"COUPANG, INC.",direct_client,https://lda.gov/filings/public/filing/d5b565ea-4e0c-47ca-8762-0e6e6b4242de/print/,1,ECN,Economics/Economic Development,"Issues related to U.S. export promotion, international economic policy, and investment flows. Discussions regarding efforts to strengthen economic and commercial ties between the United States and allied countries such as South Korea, Taiwan, Japan, the UK, and the European Union.",,65360,BRIAN BALLARD,,False,True
d5b565ea-4e0c-47ca-8762-0e6e6b4242de,2026,first_quarter,Q1,1st Quarter - Report,2026-04-15T18:35:57-04:00,401104288,BALLARD PARTNERS,71985,"COUPANG, INC.",direct_client,https://lda.gov/filings/public/filing/d5b565ea-4e0c-47ca-8762-0e6e6b4242de/print/,1,ECN,Economics/Economic Development,"Issues related to U.S. export promotion, international economic policy, and investment flows. Discussions regarding efforts to strengthen economic and commercial ties between the United States and allied countries such as South Korea, Taiwan, Japan, the UK, and the European Union.",,93936,HUNTER MORGEN,"Policy Advisor, Office of Policy Planning, U.S. State Dept. (2017); Deputy Director, Office of Trade & Manufacturing Policy, WH (2017-2018); Special Assistant to the President, Office of the Senior Advisor for Policy, WH (2018-2020)",False,True
d5b565ea-4e0c-47ca-8762-0e6e6b4242de,2026,first_quarter,Q1,1st Quarter - Report,2026-04-15T18:35:57-04:00,401104288,BALLARD PARTNERS,71985,"COUPANG, INC.",direct_client,https://lda.gov/filings/public/filing/d5b565ea-4e0c-47ca-8762-0e6e6b4242de/print/,1,ECN,Economics/Economic Development,"Issues related to U.S. export promotion, international economic policy, and investment flows. Discussions regarding efforts to strengthen economic and commercial ties between the United States and allied countries such as South Korea, Taiwan, Japan, the UK, and the European Union.",,152173,MICAH KETCHEL,"Senior Advisor, State Dept. 2025; Special Assistant to the President & Senior Advisor to the NSA, White House 2025;Chief of Staff, US Rep. Mike Waltz 2019-2025;Counsel, House Vet. Affairs Comm. 2011-2012;Staff Assistant, House Vet.AffairsComm.2011",False,True
9b5ccb50-00ad-45f2-bbc1-ecbfcdb4f70a,2026,first_quarter,Q1,1st Quarter - Report,2026-04-17T12:47:53-04:00,41454,"WILLIAMS AND JENSEN, PLLC",71887,"COUPANG, INC.",direct_client,https://lda.gov/filings/public/filing/9b5ccb50-00ad-45f2-bbc1-ecbfcdb4f70a/print/,1,TRD,Trade (domestic/foreign),"Issues related to U.S. export promotion, international economic policy, and improving economic and commercial ties between the United States and allied nations, particularly in Asia.",,141323,DANIEL ZIEGLER,"Executive Director, Republican Study Committee; Legislative Director for Rep Doug Lamborn, Policy Director; Speaker Mike Johnson",True,True
9b5ccb50-00ad-45f2-bbc1-ecbfcdb4f70a,2026,first_quarter,Q1,1st Quarter - Report,2026-04-17T12:47:53-04:00,41454,"WILLIAMS AND JENSEN, PLLC",71887,"COUPANG, INC.",direct_client,https://lda.gov/filings/public/filing/9b5ccb50-00ad-45f2-bbc1-ecbfcdb4f70a/print/,1,TRD,Trade (domestic/foreign),"Issues related to U.S. export promotion, international economic policy, and improving economic and commercial ties between the United States and allied nations, particularly in Asia.",,14682,SUSAN HIRSCHMANN,,True,True
9b5ccb50-00ad-45f2-bbc1-ecbfcdb4f70a,2026,first_quarter,Q1,1st Quarter - Report,2026-04-17T12:47:53-04:00,41454,"WILLIAMS AND JENSEN, PLLC",71887,"COUPANG, INC.",direct_client,https://lda.gov/filings/public/filing/9b5ccb50-00ad-45f2-bbc1-ecbfcdb4f70a/print/,1,TRD,Trade (domestic/foreign),"Issues related to U.S. export promotion, international economic policy, and improving economic and commercial ties between the United States and allied nations, particularly in Asia.",,148718,CHRISTOPHER BRINSON,"Deputy Chief LD, COS/General Counsel, Rep. Mike Rogers",True,True
9b5ccb50-00ad-45f2-bbc1-ecbfcdb4f70a,2026,first_quarter,Q1,1st Quarter - Report,2026-04-17T12:47:53-04:00,41454,"WILLIAMS AND JENSEN, PLLC",71887,"COUPANG, INC.",direct_client,https://lda.gov/filings/public/filing/9b5ccb50-00ad-45f2-bbc1-ecbfcdb4f70a/print/,1,TRD,Trade (domestic/foreign),"Issues related to U.S. export promotion, international economic policy, and improving economic and commercial ties between the United States and allied nations, particularly in Asia.",,43332,CHRISTOPHER W HATCHER,,True,True
9b5ccb50-00ad-45f2-bbc1-ecbfcdb4f70a,2026,first_quarter,Q1,1st Quarter - Report,2026-04-17T12:47:53-04:00,41454,"WILLIAMS AND JENSEN, PLLC",71887,"COUPANG, INC.",direct_client,https://lda.gov/filings/public/filing/9b5ccb50-00ad-45f2-bbc1-ecbfcdb4f70a/print/,1,TRD,Trade (domestic/foreign),"Issues related to U.S. export promotion, international economic policy, and improving economic and commercial ties between the United States and allied nations, particularly in Asia.",,148559,JOSHUA DAVID FENDRICK,"Staff Assistant, Legislative Correspondent, and Legislative Aide, Sen. Gary C. Peters; Economic Policy Adviser, Rep. Josh Gottheimer; Economic Policy Adviser, Sen. Gary C. Peters",True,True
c0e6d02a-03c9-4305-900c-4c7f79423822,2026,first_quarter,Q1,1st Quarter - Report,2026-04-17T15:03:33-04:00,401106285,"CONTINENTAL STRATEGY, LLC",64134,COUPANG INC.,direct_client,https://lda.gov/filings/public/filing/c0e6d02a-03c9-4305-900c-4c7f79423822/print/,1,ECN,Economics/Economic Development,Facilitating meetings and discussions on the expansion into foreign markets and E-commerce.,,148927,ALBERTO ENRIQUE MARTINEZ,Chief of Staff to Marco Rubio,False,True
79280409-68e5-40e2-a8db-6989b1c7fc9a,2026,first_quarter,Q1,1st Quarter - Report,2026-04-17T17:02:39-04:00,401106168,"COUPANG, INC.",211631,"COUPANG, INC.",direct_client,https://lda.gov/filings/public/filing/79280409-68e5-40e2-a8db-6989b1c7fc9a/print/,1,IMM,Immigration,"Issues related to general business immigration policy. H. R. 4687, Partner with Korea Act.",,150796,JASON ALEXANDER PARK,,False,True
79280409-68e5-40e2-a8db-6989b1c7fc9a,2026,first_quarter,Q1,1st Quarter - Report,2026-04-17T17:02:39-04:00,401106168,"COUPANG, INC.",211631,"COUPANG, INC.",direct_client,https://lda.gov/filings/public/filing/79280409-68e5-40e2-a8db-6989b1c7fc9a/print/,2,ECN,Economics/Economic Development,"Discussions regarding expanded use of Coupang's digital, retail, and logistics offerings by American SMEs, large businesses, and agricultural producers. Discussions regarding U.S. job creation and economic growth made possible by Coupang's business model and innovation (no specific legislation).",,145063,BILL ANAYA,,False,True
79280409-68e5-40e2-a8db-6989b1c7fc9a,2026,first_quarter,Q1,1st Quarter - Report,2026-04-17T17:02:39-04:00,401106168,"COUPANG, INC.",211631,"COUPANG, INC.",direct_client,https://lda.gov/filings/public/filing/79280409-68e5-40e2-a8db-6989b1c7fc9a/print/,2,ECN,Economics/Economic Development,"Discussions regarding expanded use of Coupang's digital, retail, and logistics offerings by American SMEs, large businesses, and agricultural producers. Discussions regarding U.S. job creation and economic growth made possible by Coupang's business model and innovation (no specific legislation).",,147684,ARI ZIMMERMAN,,False,True
79280409-68e5-40e2-a8db-6989b1c7fc9a,2026,first_quarter,Q1,1st Quarter - Report,2026-04-17T17:02:39-04:00,401106168,"COUPANG, INC.",211631,"COUPANG, INC.",direct_client,https://lda.gov/filings/public/filing/79280409-68e5-40e2-a8db-6989b1c7fc9a/print/,2,ECN,Economics/Economic Development,"Discussions regarding expanded use of Coupang's digital, retail, and logistics offerings by American SMEs, large businesses, and agricultural producers. Discussions regarding U.S. job creation and economic growth made possible by Coupang's business model and innovation (no specific legislation).",,150796,JASON ALEXANDER PARK,,False,True
79280409-68e5-40e2-a8db-6989b1c7fc9a,2026,first_quarter,Q1,1st Quarter - Report,2026-04-17T17:02:39-04:00,401106168,"COUPANG, INC.",211631,"COUPANG, INC.",direct_client,https://lda.gov/filings/public/filing/79280409-68e5-40e2-a8db-6989b1c7fc9a/print/,3,TRD,Trade (domestic/foreign),"Discussions regarding U.S. export promotion and efforts to increase trade and investment flows between countries in North America, Asia, and Europe (no specific legislation). Discussions regarding international economic policy issues related to trade promotion (no specific legislation). Discussions regarding efforts to strengthen economic and commercial ties between the United States and allied countries like South Korea, Taiwan, Japan, the UK, and the European Union (no specific legislation).",,145063,BILL ANAYA,,False,True
79280409-68e5-40e2-a8db-6989b1c7fc9a,2026,first_quarter,Q1,1st Quarter - Report,2026-04-17T17:02:39-04:00,401106168,"COUPANG, INC.",211631,"COUPANG, INC.",direct_client,https://lda.gov/filings/public/filing/79280409-68e5-40e2-a8db-6989b1c7fc9a/print/,3,TRD,Trade (domestic/foreign),"Discussions regarding U.S. export promotion and efforts to increase trade and investment flows between countries in North America, Asia, and Europe (no specific legislation). Discussions regarding international economic policy issues related to trade promotion (no specific legislation). Discussions regarding efforts to strengthen economic and commercial ties between the United States and allied countries like South Korea, Taiwan, Japan, the UK, and the European Union (no specific legislation).",,147684,ARI ZIMMERMAN,,False,True
79280409-68e5-40e2-a8db-6989b1c7fc9a,2026,first_quarter,Q1,1st Quarter - Report,2026-04-17T17:02:39-04:00,401106168,"COUPANG, INC.",211631,"COUPANG, INC.",direct_client,https://lda.gov/filings/public/filing/79280409-68e5-40e2-a8db-6989b1c7fc9a/print/,3,TRD,Trade (domestic/foreign),"Discussions regarding U.S. export promotion and efforts to increase trade and investment flows between countries in North America, Asia, and Europe (no specific legislation). Discussions regarding international economic policy issues related to trade promotion (no specific legislation). Discussions regarding efforts to strengthen economic and commercial ties between the United States and allied countries like South Korea, Taiwan, Japan, the UK, and the European Union (no specific legislation).",,150796,JASON ALEXANDER PARK,,False,True
0e829113-4b16-4fd7-ae5a-38093a92414d,2026,first_quarter,1@,1st Quarter - Termination Amendment,2026-04-19T22:41:48-04:00,682,AKIN GUMP STRAUSS HAUER & FELD,211969,"COUPANG, INC.",direct_client,https://lda.gov/filings/public/filing/0e829113-4b16-4fd7-ae5a-38093a92414d/print/,1,TRD,Trade (domestic/foreign),Issues related to export promotion.,,93554,JOSE BORJON,,False,True
0e829113-4b16-4fd7-ae5a-38093a92414d,2026,first_quarter,1@,1st Quarter - Termination Amendment,2026-04-19T22:41:48-04:00,682,AKIN GUMP STRAUSS HAUER & FELD,211969,"COUPANG, INC.",direct_client,https://lda.gov/filings/public/filing/0e829113-4b16-4fd7-ae5a-38093a92414d/print/,1,TRD,Trade (domestic/foreign),Issues related to export promotion.,,139541,JOSEPH G. FAWKNER,,False,True
0e829113-4b16-4fd7-ae5a-38093a92414d,2026,first_quarter,1@,1st Quarter - Termination Amendment,2026-04-19T22:41:48-04:00,682,AKIN GUMP STRAUSS HAUER & FELD,211969,"COUPANG, INC.",direct_client,https://lda.gov/filings/public/filing/0e829113-4b16-4fd7-ae5a-38093a92414d/print/,1,TRD,Trade (domestic/foreign),Issues related to export promotion.,,59406,SAM OLSWANGER,,False,True
0e829113-4b16-4fd7-ae5a-38093a92414d,2026,first_quarter,1@,1st Quarter - Termination Amendment,2026-04-19T22:41:48-04:00,682,AKIN GUMP STRAUSS HAUER & FELD,211969,"COUPANG, INC.",direct_client,https://lda.gov/filings/public/filing/0e829113-4b16-4fd7-ae5a-38093a92414d/print/,1,TRD,Trade (domestic/foreign),Issues related to export promotion.,,52134,BRIAN ARTHUR POMPER,,False,True
0e829113-4b16-4fd7-ae5a-38093a92414d,2026,first_quarter,1@,1st Quarter - Termination Amendment,2026-04-19T22:41:48-04:00,682,AKIN GUMP STRAUSS HAUER & FELD,211969,"COUPANG, INC.",direct_client,https://lda.gov/filings/public/filing/0e829113-4b16-4fd7-ae5a-38093a92414d/print/,1,TRD,Trade (domestic/foreign),Issues related to export promotion.,,148811,DAVID SCHWIETERT,,False,True
0e829113-4b16-4fd7-ae5a-38093a92414d,2026,first_quarter,1@,1st Quarter - Termination Amendment,2026-04-19T22:41:48-04:00,682,AKIN GUMP STRAUSS HAUER & FELD,211969,"COUPANG, INC.",direct_client,https://lda.gov/filings/public/filing/0e829113-4b16-4fd7-ae5a-38093a92414d/print/,1,TRD,Trade (domestic/foreign),Issues related to export promotion.,,150263,KELLY ANN SHAW,,False,True
0e829113-4b16-4fd7-ae5a-38093a92414d,2026,first_quarter,1@,1st Quarter - Termination Amendment,2026-04-19T22:41:48-04:00,682,AKIN GUMP STRAUSS HAUER & FELD,211969,"COUPANG, INC.",direct_client,https://lda.gov/filings/public/filing/0e829113-4b16-4fd7-ae5a-38093a92414d/print/,1,TRD,Trade (domestic/foreign),Issues related to export promotion.,,145980,PHYLICIA WU,,False,True
0e829113-4b16-4fd7-ae5a-38093a92414d,2026,first_quarter,1@,1st Quarter - Termination Amendment,2026-04-19T22:41:48-04:00,682,AKIN GUMP STRAUSS HAUER & FELD,211969,"COUPANG, INC.",direct_client,https://lda.gov/filings/public/filing/0e829113-4b16-4fd7-ae5a-38093a92414d/print/,1,TRD,Trade (domestic/foreign),Issues related to export promotion.,,151187,LAUREN SOLTANI RUBIN,,False,True
6ee2163f-6b8c-49b8-b022-b6874ab41643,2026,first_quarter,Q1,1st Quarter - Report,2026-04-20T11:59:07-04:00,401104313,"MILLER STRATEGIES, LLC",63370,"COUPANG, INC.",direct_client,https://lda.gov/filings/public/filing/6ee2163f-6b8c-49b8-b022-b6874ab41643/print/,1,TRD,Trade (domestic/foreign),Issues as they relate to export promotion.,,65463,JEFFREY MILLER,,False,True
6ee2163f-6b8c-49b8-b022-b6874ab41643,2026,first_quarter,Q1,1st Quarter - Report,2026-04-20T11:59:07-04:00,401104313,"MILLER STRATEGIES, LLC",63370,"COUPANG, INC.",direct_client,https://lda.gov/filings/public/filing/6ee2163f-6b8c-49b8-b022-b6874ab41643/print/,1,TRD,Trade (domestic/foreign),Issues as they relate to export promotion.,,71740,JONATHAN HILER,,False,True
6ee2163f-6b8c-49b8-b022-b6874ab41643,2026,first_quarter,Q1,1st Quarter - Report,2026-04-20T11:59:07-04:00,401104313,"MILLER STRATEGIES, LLC",63370,"COUPANG, INC.",direct_client,https://lda.gov/filings/public/filing/6ee2163f-6b8c-49b8-b022-b6874ab41643/print/,1,TRD,Trade (domestic/foreign),Issues as they relate to export promotion.,,148686,JAMES TYLER GRIMM,,False,True
6ee2163f-6b8c-49b8-b022-b6874ab41643,2026,first_quarter,Q1,1st Quarter - Report,2026-04-20T11:59:07-04:00,401104313,"MILLER STRATEGIES, LLC",63370,"COUPANG, INC.",direct_client,https://lda.gov/filings/public/filing/6ee2163f-6b8c-49b8-b022-b6874ab41643/print/,1,TRD,Trade (domestic/foreign),Issues as they relate to export promotion.,,69623,ASHLEY GUNN,,False,True
6ee2163f-6b8c-49b8-b022-b6874ab41643,2026,first_quarter,Q1,1st Quarter - Report,2026-04-20T11:59:07-04:00,401104313,"MILLER STRATEGIES, LLC",63370,"COUPANG, INC.",direct_client,https://lda.gov/filings/public/filing/6ee2163f-6b8c-49b8-b022-b6874ab41643/print/,1,TRD,Trade (domestic/foreign),Issues as they relate to export promotion.,,149246,JAMES MIN,,False,True
6ee2163f-6b8c-49b8-b022-b6874ab41643,2026,first_quarter,Q1,1st Quarter - Report,2026-04-20T11:59:07-04:00,401104313,"MILLER STRATEGIES, LLC",63370,"COUPANG, INC.",direct_client,https://lda.gov/filings/public/filing/6ee2163f-6b8c-49b8-b022-b6874ab41643/print/,2,ECN,Economics/Economic Development,Advancing economic development goals through Coupang's expansion in current and new markets.,,65463,JEFFREY MILLER,,False,True
6ee2163f-6b8c-49b8-b022-b6874ab41643,2026,first_quarter,Q1,1st Quarter - Report,2026-04-20T11:59:07-04:00,401104313,"MILLER STRATEGIES, LLC",63370,"COUPANG, INC.",direct_client,https://lda.gov/filings/public/filing/6ee2163f-6b8c-49b8-b022-b6874ab41643/print/,2,ECN,Economics/Economic Development,Advancing economic development goals through Coupang's expansion in current and new markets.,,71740,JONATHAN HILER,,False,True
6ee2163f-6b8c-49b8-b022-b6874ab41643,2026,first_quarter,Q1,1st Quarter - Report,2026-04-20T11:59:07-04:00,401104313,"MILLER STRATEGIES, LLC",63370,"COUPANG, INC.",direct_client,https://lda.gov/filings/public/filing/6ee2163f-6b8c-49b8-b022-b6874ab41643/print/,2,ECN,Economics/Economic Development,Advancing economic development goals through Coupang's expansion in current and new markets.,,148686,JAMES TYLER GRIMM,,False,True
6ee2163f-6b8c-49b8-b022-b6874ab41643,2026,first_quarter,Q1,1st Quarter - Report,2026-04-20T11:59:07-04:00,401104313,"MILLER STRATEGIES, LLC",63370,"COUPANG, INC.",direct_client,https://lda.gov/filings/public/filing/6ee2163f-6b8c-49b8-b022-b6874ab41643/print/,2,ECN,Economics/Economic Development,Advancing economic development goals through Coupang's expansion in current and new markets.,,149246,JAMES MIN,,False,True
6ee2163f-6b8c-49b8-b022-b6874ab41643,2026,first_quarter,Q1,1st Quarter - Report,2026-04-20T11:59:07-04:00,401104313,"MILLER STRATEGIES, LLC",63370,"COUPANG, INC.",direct_client,https://lda.gov/filings/public/filing/6ee2163f-6b8c-49b8-b022-b6874ab41643/print/,2,ECN,Economics/Economic Development,Advancing economic development goals through Coupang's expansion in current and new markets.,,69623,ASHLEY GUNN,,False,True
09e08f6d-d58c-42a6-82e2-38d905a6b39f,2026,first_quarter,Q1,1st Quarter - Report,2026-04-20T17:31:11-04:00,400531586,"CROSSROADS STRATEGIES, LLC",71892,"COUPANG, INC.",direct_client,https://lda.gov/filings/public/filing/09e08f6d-d58c-42a6-82e2-38d905a6b39f/print/,1,TRD,Trade (domestic/foreign),"Discussions regarding U.S. export promotion and efforts to increase trade and investment flows between countries in North America, Asia, and Europe (no specific legislation). Discussions regarding international economic policy issues related to trade promotion (no specific legislation). Discussions regarding efforts to strengthen economic and commercial ties between the United States and allied countries like South Korea, Taiwan, Japan, the UK, and the European Union (no specific legislation).",,66496,JASON BENJAMIN VAN PELT,,False,True
09e08f6d-d58c-42a6-82e2-38d905a6b39f,2026,first_quarter,Q1,1st Quarter - Report,2026-04-20T17:31:11-04:00,400531586,"CROSSROADS STRATEGIES, LLC",71892,"COUPANG, INC.",direct_client,https://lda.gov/filings/public/filing/09e08f6d-d58c-42a6-82e2-38d905a6b39f/print/,1,TRD,Trade (domestic/foreign),"Discussions regarding U.S. export promotion and efforts to increase trade and investment flows between countries in North America, Asia, and Europe (no specific legislation). Discussions regarding international economic policy issues related to trade promotion (no specific legislation). Discussions regarding efforts to strengthen economic and commercial ties between the United States and allied countries like South Korea, Taiwan, Japan, the UK, and the European Union (no specific legislation).",,153070,WILL COURTNEY,,False,True
09e08f6d-d58c-42a6-82e2-38d905a6b39f,2026,first_quarter,Q1,1st Quarter - Report,2026-04-20T17:31:11-04:00,400531586,"CROSSROADS STRATEGIES, LLC",71892,"COUPANG, INC.",direct_client,https://lda.gov/filings/public/filing/09e08f6d-d58c-42a6-82e2-38d905a6b39f/print/,1,TRD,Trade (domestic/foreign),"Discussions regarding U.S. export promotion and efforts to increase trade and investment flows between countries in North America, Asia, and Europe (no specific legislation). Discussions regarding international economic policy issues related to trade promotion (no specific legislation). Discussions regarding efforts to strengthen economic and commercial ties between the United States and allied countries like South Korea, Taiwan, Japan, the UK, and the European Union (no specific legislation).",,71310,BEN LEE MCMAKIN,,False,True
09e08f6d-d58c-42a6-82e2-38d905a6b39f,2026,first_quarter,Q1,1st Quarter - Report,2026-04-20T17:31:11-04:00,400531586,"CROSSROADS STRATEGIES, LLC",71892,"COUPANG, INC.",direct_client,https://lda.gov/filings/public/filing/09e08f6d-d58c-42a6-82e2-38d905a6b39f/print/,1,TRD,Trade (domestic/foreign),"Discussions regarding U.S. export promotion and efforts to increase trade and investment flows between countries in North America, Asia, and Europe (no specific legislation). Discussions regarding international economic policy issues related to trade promotion (no specific legislation). Discussions regarding efforts to strengthen economic and commercial ties between the United States and allied countries like South Korea, Taiwan, Japan, the UK, and the European Union (no specific legislation).",,50836,JOHN GREEN,,False,True
09e08f6d-d58c-42a6-82e2-38d905a6b39f,2026,first_quarter,Q1,1st Quarter - Report,2026-04-20T17:31:11-04:00,400531586,"CROSSROADS STRATEGIES, LLC",71892,"COUPANG, INC.",direct_client,https://lda.gov/filings/public/filing/09e08f6d-d58c-42a6-82e2-38d905a6b39f/print/,1,TRD,Trade (domestic/foreign),"Discussions regarding U.S. export promotion and efforts to increase trade and investment flows between countries in North America, Asia, and Europe (no specific legislation). Discussions regarding international economic policy issues related to trade promotion (no specific legislation). Discussions regarding efforts to strengthen economic and commercial ties between the United States and allied countries like South Korea, Taiwan, Japan, the UK, and the European Union (no specific legislation).",,73823,CHESTER TRENT LOTT sr,,False,True
09e08f6d-d58c-42a6-82e2-38d905a6b39f,2026,first_quarter,Q1,1st Quarter - Report,2026-04-20T17:31:11-04:00,400531586,"CROSSROADS STRATEGIES, LLC",71892,"COUPANG, INC.",direct_client,https://lda.gov/filings/public/filing/09e08f6d-d58c-42a6-82e2-38d905a6b39f/print/,1,TRD,Trade (domestic/foreign),"Discussions regarding U.S. export promotion and efforts to increase trade and investment flows between countries in North America, Asia, and Europe (no specific legislation). Discussions regarding international economic policy issues related to trade promotion (no specific legislation). Discussions regarding efforts to strengthen economic and commercial ties between the United States and allied countries like South Korea, Taiwan, Japan, the UK, and the European Union (no specific legislation).",,73822,JOHN BREAUX,,False,True
09e08f6d-d58c-42a6-82e2-38d905a6b39f,2026,first_quarter,Q1,1st Quarter - Report,2026-04-20T17:31:11-04:00,400531586,"CROSSROADS STRATEGIES, LLC",71892,"COUPANG, INC.",direct_client,https://lda.gov/filings/public/filing/09e08f6d-d58c-42a6-82e2-38d905a6b39f/print/,1,TRD,Trade (domestic/foreign),"Discussions regarding U.S. export promotion and efforts to increase trade and investment flows between countries in North America, Asia, and Europe (no specific legislation). Discussions regarding international economic policy issues related to trade promotion (no specific legislation). Discussions regarding efforts to strengthen economic and commercial ties between the United States and allied countries like South Korea, Taiwan, Japan, the UK, and the European Union (no specific legislation).",,107303,BRITTANY JOHNSON HERNANDEZ,,False,True
09e08f6d-d58c-42a6-82e2-38d905a6b39f,2026,first_quarter,Q1,1st Quarter - Report,2026-04-20T17:31:11-04:00,400531586,"CROSSROADS STRATEGIES, LLC",71892,"COUPANG, INC.",direct_client,https://lda.gov/filings/public/filing/09e08f6d-d58c-42a6-82e2-38d905a6b39f/print/,1,TRD,Trade (domestic/foreign),"Discussions regarding U.S. export promotion and efforts to increase trade and investment flows between countries in North America, Asia, and Europe (no specific legislation). Discussions regarding international economic policy issues related to trade promotion (no specific legislation). Discussions regarding efforts to strengthen economic and commercial ties between the United States and allied countries like South Korea, Taiwan, Japan, the UK, and the European Union (no specific legislation).",,65205,WALLY BURNETT,"Clerk, Senate Appropriations Committee",True,True
09e08f6d-d58c-42a6-82e2-38d905a6b39f,2026,first_quarter,Q1,1st Quarter - Report,2026-04-20T17:31:11-04:00,400531586,"CROSSROADS STRATEGIES, LLC",71892,"COUPANG, INC.",direct_client,https://lda.gov/filings/public/filing/09e08f6d-d58c-42a6-82e2-38d905a6b39f/print/,1,TRD,Trade (domestic/foreign),"Discussions regarding U.S. export promotion and efforts to increase trade and investment flows between countries in North America, Asia, and Europe (no specific legislation). Discussions regarding international economic policy issues related to trade promotion (no specific legislation). Discussions regarding efforts to strengthen economic and commercial ties between the United States and allied countries like South Korea, Taiwan, Japan, the UK, and the European Union (no specific legislation).",,143856,IVELISSE ALEXANDRA PORROA-GARCIA,"Policy Director, Congressional Hispanic Caucus (CHC); Legislative Assistant, Rep. Raul Ruiz; Staff Assistant, Sen. Barbara Boxer",True,True
09e08f6d-d58c-42a6-82e2-38d905a6b39f,2026,first_quarter,Q1,1st Quarter - Report,2026-04-20T17:31:11-04:00,400531586,"CROSSROADS STRATEGIES, LLC",71892,"COUPANG, INC.",direct_client,https://lda.gov/filings/public/filing/09e08f6d-d58c-42a6-82e2-38d905a6b39f/print/,1,TRD,Trade (domestic/foreign),"Discussions regarding U.S. export promotion and efforts to increase trade and investment flows between countries in North America, Asia, and Europe (no specific legislation). Discussions regarding international economic policy issues related to trade promotion (no specific legislation). Discussions regarding efforts to strengthen economic and commercial ties between the United States and allied countries like South Korea, Taiwan, Japan, the UK, and the European Union (no specific legislation).",,149010,REGINALD ALEXANDER MCCRIMMON,"Director Member Services & External Affairs - Congressional Black Caucus; Special Assistant, Staff Assistant - Rep. G. K. Butterfield",True,True
09e08f6d-d58c-42a6-82e2-38d905a6b39f,2026,first_quarter,Q1,1st Quarter - Report,2026-04-20T17:31:11-04:00,400531586,"CROSSROADS STRATEGIES, LLC",71892,"COUPANG, INC.",direct_client,https://lda.gov/filings/public/filing/09e08f6d-d58c-42a6-82e2-38d905a6b39f/print/,1,TRD,Trade (domestic/foreign),"Discussions regarding U.S. export promotion and efforts to increase trade and investment flows between countries in North America, Asia, and Europe (no specific legislation). Discussions regarding international economic policy issues related to trade promotion (no specific legislation). Discussions regarding efforts to strengthen economic and commercial ties between the United States and allied countries like South Korea, Taiwan, Japan, the UK, and the European Union (no specific legislation).",,58561,MATHEW LAPINSKI,,False,True
09e08f6d-d58c-42a6-82e2-38d905a6b39f,2026,first_quarter,Q1,1st Quarter - Report,2026-04-20T17:31:11-04:00,400531586,"CROSSROADS STRATEGIES, LLC",71892,"COUPANG, INC.",direct_client,https://lda.gov/filings/public/filing/09e08f6d-d58c-42a6-82e2-38d905a6b39f/print/,1,TRD,Trade (domestic/foreign),"Discussions regarding U.S. export promotion and efforts to increase trade and investment flows between countries in North America, Asia, and Europe (no specific legislation). Discussions regarding international economic policy issues related to trade promotion (no specific legislation). Discussions regarding efforts to strengthen economic and commercial ties between the United States and allied countries like South Korea, Taiwan, Japan, the UK, and the European Union (no specific legislation).",,67957,SALIM ALAMEDDIN,,False,True
09e08f6d-d58c-42a6-82e2-38d905a6b39f,2026,first_quarter,Q1,1st Quarter - Report,2026-04-20T17:31:11-04:00,400531586,"CROSSROADS STRATEGIES, LLC",71892,"COUPANG, INC.",direct_client,https://lda.gov/filings/public/filing/09e08f6d-d58c-42a6-82e2-38d905a6b39f/print/,1,TRD,Trade (domestic/foreign),"Discussions regarding U.S. export promotion and efforts to increase trade and investment flows between countries in North America, Asia, and Europe (no specific legislation). Discussions regarding international economic policy issues related to trade promotion (no specific legislation). Discussions regarding efforts to strengthen economic and commercial ties between the United States and allied countries like South Korea, Taiwan, Japan, the UK, and the European Union (no specific legislation).",,66499,CHRIS J MILLER,,False,True
09e08f6d-d58c-42a6-82e2-38d905a6b39f,2026,first_quarter,Q1,1st Quarter - Report,2026-04-20T17:31:11-04:00,400531586,"CROSSROADS STRATEGIES, LLC",71892,"COUPANG, INC.",direct_client,https://lda.gov/filings/public/filing/09e08f6d-d58c-42a6-82e2-38d905a6b39f/print/,1,TRD,Trade (domestic/foreign),"Discussions regarding U.S. export promotion and efforts to increase trade and investment flows between countries in North America, Asia, and Europe (no specific legislation). Discussions regarding international economic policy issues related to trade promotion (no specific legislation). Discussions regarding efforts to strengthen economic and commercial ties between the United States and allied countries like South Korea, Taiwan, Japan, the UK, and the European Union (no specific legislation).",,50936,HUNTER MOORHEAD,,False,True
09e08f6d-d58c-42a6-82e2-38d905a6b39f,2026,first_quarter,Q1,1st Quarter - Report,2026-04-20T17:31:11-04:00,400531586,"CROSSROADS STRATEGIES, LLC",71892,"COUPANG, INC.",direct_client,https://lda.gov/filings/public/filing/09e08f6d-d58c-42a6-82e2-38d905a6b39f/print/,1,TRD,Trade (domestic/foreign),"Discussions regarding U.S. export promotion and efforts to increase trade and investment flows between countries in North America, Asia, and Europe (no specific legislation). Discussions regarding international economic policy issues related to trade promotion (no specific legislation). Discussions regarding efforts to strengthen economic and commercial ties between the United States and allied countries like South Korea, Taiwan, Japan, the UK, and the European Union (no specific legislation).",,146110,LUCIA PANZA,,False,True
09e08f6d-d58c-42a6-82e2-38d905a6b39f,2026,first_quarter,Q1,1st Quarter - Report,2026-04-20T17:31:11-04:00,400531586,"CROSSROADS STRATEGIES, LLC",71892,"COUPANG, INC.",direct_client,https://lda.gov/filings/public/filing/09e08f6d-d58c-42a6-82e2-38d905a6b39f/print/,1,TRD,Trade (domestic/foreign),"Discussions regarding U.S. export promotion and efforts to increase trade and investment flows between countries in North America, Asia, and Europe (no specific legislation). Discussions regarding international economic policy issues related to trade promotion (no specific legislation). Discussions regarding efforts to strengthen economic and commercial ties between the United States and allied countries like South Korea, Taiwan, Japan, the UK, and the European Union (no specific legislation).",,151117,STEPHEN THOMAS VOLJAVEC,,False,True
26769630-ee70-429a-9f67-fc97b9ced34a,2026,first_quarter,Q1,1st Quarter - Report,2026-04-20T18:22:08-04:00,308775,MONUMENT ADVOCACY,68107,COUPANG,direct_client,https://lda.gov/filings/public/filing/26769630-ee70-429a-9f67-fc97b9ced34a/print/,1,TRD,Trade (domestic/foreign),Issues related to e-commerce and export and trade promotion.,,63572,KATHRYN CHRISTENSEN MILLS,"Assistant Director for Congressional Relations, Deputy Assistant Director for Congressional Relations, U.S. Immigration and Customs Enforcement; Senior Legislative Counsel, Rep. Zoe Lofgren (D-CA)",True,True
26769630-ee70-429a-9f67-fc97b9ced34a,2026,first_quarter,Q1,1st Quarter - Report,2026-04-20T18:22:08-04:00,308775,MONUMENT ADVOCACY,68107,COUPANG,direct_client,https://lda.gov/filings/public/filing/26769630-ee70-429a-9f67-fc97b9ced34a/print/,1,TRD,Trade (domestic/foreign),Issues related to e-commerce and export and trade promotion.,,45392,RICH THOMAS,,False,True
26769630-ee70-429a-9f67-fc97b9ced34a,2026,first_quarter,Q1,1st Quarter - Report,2026-04-20T18:22:08-04:00,308775,MONUMENT ADVOCACY,68107,COUPANG,direct_client,https://lda.gov/filings/public/filing/26769630-ee70-429a-9f67-fc97b9ced34a/print/,1,TRD,Trade (domestic/foreign),Issues related to e-commerce and export and trade promotion.,,56188,KIMBERLY ELLIS,,False,True
26769630-ee70-429a-9f67-fc97b9ced34a,2026,first_quarter,Q1,1st Quarter - Report,2026-04-20T18:22:08-04:00,308775,MONUMENT ADVOCACY,68107,COUPANG,direct_client,https://lda.gov/filings/public/filing/26769630-ee70-429a-9f67-fc97b9ced34a/print/,1,TRD,Trade (domestic/foreign),Issues related to e-commerce and export and trade promotion.,,51869,TIMOTHY PUNKE,"Tim Punke International Trade Counsel, Chief International Trade Counsel, Senate Finance Committee",True,True
7c908677-b0a5-418e-aaa8-f260ac894e56,2026,second_quarter,Q2,2nd Quarter - Report,2026-07-14T19:41:01-04:00,401104288,BALLARD PARTNERS,71985,"COUPANG, INC.",direct_client,https://lda.gov/filings/public/filing/7c908677-b0a5-418e-aaa8-f260ac894e56/print/,1,ECN,Economics/Economic Development,"Issues related to U.S. export promotion, international economic policy, and investment flows. Discussions regarding efforts to strengthen economic and commercial ties between the United States and allied countries such as South Korea, Taiwan, Japan, the UK, and the European Union.",,65360,BRIAN BALLARD,,False,True
7c908677-b0a5-418e-aaa8-f260ac894e56,2026,second_quarter,Q2,2nd Quarter - Report,2026-07-14T19:41:01-04:00,401104288,BALLARD PARTNERS,71985,"COUPANG, INC.",direct_client,https://lda.gov/filings/public/filing/7c908677-b0a5-418e-aaa8-f260ac894e56/print/,1,ECN,Economics/Economic Development,"Issues related to U.S. export promotion, international economic policy, and investment flows. Discussions regarding efforts to strengthen economic and commercial ties between the United States and allied countries such as South Korea, Taiwan, Japan, the UK, and the European Union.",,93936,HUNTER MORGEN,"Policy Advisor, Office of Policy Planning, U.S. State Dept. (2017); Deputy Director, Office of Trade & Manufacturing Policy, WH (2017-2018); Special Assistant to the President, Office of the Senior Advisor for Policy, WH (2018-2020)",False,True
7c908677-b0a5-418e-aaa8-f260ac894e56,2026,second_quarter,Q2,2nd Quarter - Report,2026-07-14T19:41:01-04:00,401104288,BALLARD PARTNERS,71985,"COUPANG, INC.",direct_client,https://lda.gov/filings/public/filing/7c908677-b0a5-418e-aaa8-f260ac894e56/print/,1,ECN,Economics/Economic Development,"Issues related to U.S. export promotion, international economic policy, and investment flows. Discussions regarding efforts to strengthen economic and commercial ties between the United States and allied countries such as South Korea, Taiwan, Japan, the UK, and the European Union.",,152173,MICAH KETCHEL,"Senior Advisor, State Dept. 2025; Special Assistant to the President & Senior Advisor to the NSA, White House 2025;Chief of Staff, US Rep. Mike Waltz 2019-2025;Counsel, House Vet. Affairs Comm. 2011-2012;Staff Assistant, House Vet.AffairsComm.2011",False,True
ca541b9e-c379-483a-bf96-39f11cd72089,2026,second_quarter,Q2,2nd Quarter - Report,2026-07-19T10:42:05-04:00,401106285,"CONTINENTAL STRATEGY, LLC",64134,COUPANG INC.,direct_client,https://lda.gov/filings/public/filing/ca541b9e-c379-483a-bf96-39f11cd72089/print/,1,ECN,Economics/Economic Development,Facilitating meetings and discussions on the expansion into foreign markets and E-commerce.,,148927,ALBERTO ENRIQUE MARTINEZ,Chief of Staff to Marco Rubio,False,True
1d140907-487c-4d2e-ab4f-f8667753f1e5,2026,second_quarter,Q2,2nd Quarter - Report,2026-07-20T09:18:48-04:00,308775,MONUMENT ADVOCACY,68107,COUPANG,direct_client,https://lda.gov/filings/public/filing/1d140907-487c-4d2e-ab4f-f8667753f1e5/print/,1,TRD,Trade (domestic/foreign),Issues related to e-commerce and export and trade promotion.,,45392,RICH THOMAS,,False,True
1d140907-487c-4d2e-ab4f-f8667753f1e5,2026,second_quarter,Q2,2nd Quarter - Report,2026-07-20T09:18:48-04:00,308775,MONUMENT ADVOCACY,68107,COUPANG,direct_client,https://lda.gov/filings/public/filing/1d140907-487c-4d2e-ab4f-f8667753f1e5/print/,1,TRD,Trade (domestic/foreign),Issues related to e-commerce and export and trade promotion.,,56188,KIMBERLY ELLIS,,False,True
1d140907-487c-4d2e-ab4f-f8667753f1e5,2026,second_quarter,Q2,2nd Quarter - Report,2026-07-20T09:18:48-04:00,308775,MONUMENT ADVOCACY,68107,COUPANG,direct_client,https://lda.gov/filings/public/filing/1d140907-487c-4d2e-ab4f-f8667753f1e5/print/,1,TRD,Trade (domestic/foreign),Issues related to e-commerce and export and trade promotion.,,51869,TIMOTHY PUNKE,,False,True
1d140907-487c-4d2e-ab4f-f8667753f1e5,2026,second_quarter,Q2,2nd Quarter - Report,2026-07-20T09:18:48-04:00,308775,MONUMENT ADVOCACY,68107,COUPANG,direct_client,https://lda.gov/filings/public/filing/1d140907-487c-4d2e-ab4f-f8667753f1e5/print/,1,TRD,Trade (domestic/foreign),Issues related to e-commerce and export and trade promotion.,,63572,KATHRYN CHRISTENSEN MILLS,,False,True
1d140907-487c-4d2e-ab4f-f8667753f1e5,2026,second_quarter,Q2,2nd Quarter - Report,2026-07-20T09:18:48-04:00,308775,MONUMENT ADVOCACY,68107,COUPANG,direct_client,https://lda.gov/filings/public/filing/1d140907-487c-4d2e-ab4f-f8667753f1e5/print/,1,TRD,Trade (domestic/foreign),Issues related to e-commerce and export and trade promotion.,,93671,LAWRENCE DUNCAN iii,,True,True
1d140907-487c-4d2e-ab4f-f8667753f1e5,2026,second_quarter,Q2,2nd Quarter - Report,2026-07-20T09:18:48-04:00,308775,MONUMENT ADVOCACY,68107,COUPANG,direct_client,https://lda.gov/filings/public/filing/1d140907-487c-4d2e-ab4f-f8667753f1e5/print/,1,TRD,Trade (domestic/foreign),Issues related to e-commerce and export and trade promotion.,,154195,ALEXA FOX,"Intern, Staff Assistant, Legislative Correspondent and Legislative Aide, Legislative Assistant, Senior Legislative Assistant, Rep Jim Costa (D-CA)",True,True
bc2802ca-61cd-4c15-aa99-37caa14420c5,2026,second_quarter,Q2,2nd Quarter - Report,2026-07-20T12:05:22-04:00,401104313,"MILLER STRATEGIES, LLC",63370,"COUPANG, INC.",direct_client,https://lda.gov/filings/public/filing/bc2802ca-61cd-4c15-aa99-37caa14420c5/print/,1,TRD,Trade (domestic/foreign),Issues as they relate to export promotion.,,65463,JEFFREY MILLER,,False,True
bc2802ca-61cd-4c15-aa99-37caa14420c5,2026,second_quarter,Q2,2nd Quarter - Report,2026-07-20T12:05:22-04:00,401104313,"MILLER STRATEGIES, LLC",63370,"COUPANG, INC.",direct_client,https://lda.gov/filings/public/filing/bc2802ca-61cd-4c15-aa99-37caa14420c5/print/,1,TRD,Trade (domestic/foreign),Issues as they relate to export promotion.,,71740,JONATHAN HILER,,False,True
bc2802ca-61cd-4c15-aa99-37caa14420c5,2026,second_quarter,Q2,2nd Quarter - Report,2026-07-20T12:05:22-04:00,401104313,"MILLER STRATEGIES, LLC",63370,"COUPANG, INC.",direct_client,https://lda.gov/filings/public/filing/bc2802ca-61cd-4c15-aa99-37caa14420c5/print/,1,TRD,Trade (domestic/foreign),Issues as they relate to export promotion.,,148686,JAMES TYLER GRIMM,,False,True
bc2802ca-61cd-4c15-aa99-37caa14420c5,2026,second_quarter,Q2,2nd Quarter - Report,2026-07-20T12:05:22-04:00,401104313,"MILLER STRATEGIES, LLC",63370,"COUPANG, INC.",direct_client,https://lda.gov/filings/public/filing/bc2802ca-61cd-4c15-aa99-37caa14420c5/print/,1,TRD,Trade (domestic/foreign),Issues as they relate to export promotion.,,69623,ASHLEY GUNN,,False,True
bc2802ca-61cd-4c15-aa99-37caa14420c5,2026,second_quarter,Q2,2nd Quarter - Report,2026-07-20T12:05:22-04:00,401104313,"MILLER STRATEGIES, LLC",63370,"COUPANG, INC.",direct_client,https://lda.gov/filings/public/filing/bc2802ca-61cd-4c15-aa99-37caa14420c5/print/,1,TRD,Trade (domestic/foreign),Issues as they relate to export promotion.,,149246,JAMES MIN,,False,True
bc2802ca-61cd-4c15-aa99-37caa14420c5,2026,second_quarter,Q2,2nd Quarter - Report,2026-07-20T12:05:22-04:00,401104313,"MILLER STRATEGIES, LLC",63370,"COUPANG, INC.",direct_client,https://lda.gov/filings/public/filing/bc2802ca-61cd-4c15-aa99-37caa14420c5/print/,2,ECN,Economics/Economic Development,Advancing economic development goals through Coupang's expansion in current and new markets.,,65463,JEFFREY MILLER,,False,True
bc2802ca-61cd-4c15-aa99-37caa14420c5,2026,second_quarter,Q2,2nd Quarter - Report,2026-07-20T12:05:22-04:00,401104313,"MILLER STRATEGIES, LLC",63370,"COUPANG, INC.",direct_client,https://lda.gov/filings/public/filing/bc2802ca-61cd-4c15-aa99-37caa14420c5/print/,2,ECN,Economics/Economic Development,Advancing economic development goals through Coupang's expansion in current and new markets.,,71740,JONATHAN HILER,,False,True
bc2802ca-61cd-4c15-aa99-37caa14420c5,2026,second_quarter,Q2,2nd Quarter - Report,2026-07-20T12:05:22-04:00,401104313,"MILLER STRATEGIES, LLC",63370,"COUPANG, INC.",direct_client,https://lda.gov/filings/public/filing/bc2802ca-61cd-4c15-aa99-37caa14420c5/print/,2,ECN,Economics/Economic Development,Advancing economic development goals through Coupang's expansion in current and new markets.,,148686,JAMES TYLER GRIMM,,False,True
bc2802ca-61cd-4c15-aa99-37caa14420c5,2026,second_quarter,Q2,2nd Quarter - Report,2026-07-20T12:05:22-04:00,401104313,"MILLER STRATEGIES, LLC",63370,"COUPANG, INC.",direct_client,https://lda.gov/filings/public/filing/bc2802ca-61cd-4c15-aa99-37caa14420c5/print/,2,ECN,Economics/Economic Development,Advancing economic development goals through Coupang's expansion in current and new markets.,,149246,JAMES MIN,,False,True
bc2802ca-61cd-4c15-aa99-37caa14420c5,2026,second_quarter,Q2,2nd Quarter - Report,2026-07-20T12:05:22-04:00,401104313,"MILLER STRATEGIES, LLC",63370,"COUPANG, INC.",direct_client,https://lda.gov/filings/public/filing/bc2802ca-61cd-4c15-aa99-37caa14420c5/print/,2,ECN,Economics/Economic Development,Advancing economic development goals through Coupang's expansion in current and new markets.,,69623,ASHLEY GUNN,,False,True
e2bd3de5-e587-441f-8772-9b3221e40581,2026,second_quarter,Q2,2nd Quarter - Report,2026-07-20T13:00:57-04:00,41454,"WILLIAMS AND JENSEN, PLLC",71887,"COUPANG, INC.",direct_client,https://lda.gov/filings/public/filing/e2bd3de5-e587-441f-8772-9b3221e40581/print/,1,TRD,Trade (domestic/foreign),"Issues related to U.S. export promotion, international economic policy, and improving economic and commercial ties between the United States and allied nations, particularly in Asia.",,141323,DANIEL ZIEGLER,"Executive Director, Republican Study Committee; Legislative Director for Rep Doug Lamborn, Policy Director; Speaker Mike Johnson",False,True
e2bd3de5-e587-441f-8772-9b3221e40581,2026,second_quarter,Q2,2nd Quarter - Report,2026-07-20T13:00:57-04:00,41454,"WILLIAMS AND JENSEN, PLLC",71887,"COUPANG, INC.",direct_client,https://lda.gov/filings/public/filing/e2bd3de5-e587-441f-8772-9b3221e40581/print/,1,TRD,Trade (domestic/foreign),"Issues related to U.S. export promotion, international economic policy, and improving economic and commercial ties between the United States and allied nations, particularly in Asia.",,14682,SUSAN HIRSCHMANN,,False,True
e2bd3de5-e587-441f-8772-9b3221e40581,2026,second_quarter,Q2,2nd Quarter - Report,2026-07-20T13:00:57-04:00,41454,"WILLIAMS AND JENSEN, PLLC",71887,"COUPANG, INC.",direct_client,https://lda.gov/filings/public/filing/e2bd3de5-e587-441f-8772-9b3221e40581/print/,1,TRD,Trade (domestic/foreign),"Issues related to U.S. export promotion, international economic policy, and improving economic and commercial ties between the United States and allied nations, particularly in Asia.",,148718,CHRISTOPHER BRINSON,"Deputy Chief LD, COS/General Counsel, Rep. Mike Rogers",False,True
e2bd3de5-e587-441f-8772-9b3221e40581,2026,second_quarter,Q2,2nd Quarter - Report,2026-07-20T13:00:57-04:00,41454,"WILLIAMS AND JENSEN, PLLC",71887,"COUPANG, INC.",direct_client,https://lda.gov/filings/public/filing/e2bd3de5-e587-441f-8772-9b3221e40581/print/,1,TRD,Trade (domestic/foreign),"Issues related to U.S. export promotion, international economic policy, and improving economic and commercial ties between the United States and allied nations, particularly in Asia.",,43332,CHRISTOPHER W HATCHER,,False,True
e2bd3de5-e587-441f-8772-9b3221e40581,2026,second_quarter,Q2,2nd Quarter - Report,2026-07-20T13:00:57-04:00,41454,"WILLIAMS AND JENSEN, PLLC",71887,"COUPANG, INC.",direct_client,https://lda.gov/filings/public/filing/e2bd3de5-e587-441f-8772-9b3221e40581/print/,1,TRD,Trade (domestic/foreign),"Issues related to U.S. export promotion, international economic policy, and improving economic and commercial ties between the United States and allied nations, particularly in Asia.",,148559,JOSHUA DAVID FENDRICK,"Staff Assistant, Legislative Correspondent, and Legislative Aide, Sen. Gary C. Peters; Economic Policy Adviser, Rep. Josh Gottheimer; Economic Policy Adviser, Sen. Gary C. Peters",False,True
db986aab-4b3f-4a2e-a87c-149f75a03ac5,2026,second_quarter,Q2,2nd Quarter - Report,2026-07-20T17:12:41-04:00,400531586,"CROSSROADS STRATEGIES, LLC",71892,"COUPANG, INC.",direct_client,https://lda.gov/filings/public/filing/db986aab-4b3f-4a2e-a87c-149f75a03ac5/print/,1,TRD,Trade (domestic/foreign),"Discussions regarding U.S. export promotion and efforts to increase trade and investment flows between countries in North America, Asia, and Europe (no specific legislation). Discussions regarding international economic policy issues related to trade promotion (no specific legislation). Discussions regarding efforts to strengthen economic and commercial ties between the United States and allied countries like South Korea, Taiwan, Japan, the UK, and the European Union (no specific legislation).",,58561,MATHEW LAPINSKI,,False,True
db986aab-4b3f-4a2e-a87c-149f75a03ac5,2026,second_quarter,Q2,2nd Quarter - Report,2026-07-20T17:12:41-04:00,400531586,"CROSSROADS STRATEGIES, LLC",71892,"COUPANG, INC.",direct_client,https://lda.gov/filings/public/filing/db986aab-4b3f-4a2e-a87c-149f75a03ac5/print/,1,TRD,Trade (domestic/foreign),"Discussions regarding U.S. export promotion and efforts to increase trade and investment flows between countries in North America, Asia, and Europe (no specific legislation). Discussions regarding international economic policy issues related to trade promotion (no specific legislation). Discussions regarding efforts to strengthen economic and commercial ties between the United States and allied countries like South Korea, Taiwan, Japan, the UK, and the European Union (no specific legislation).",,67957,SALIM ALAMEDDIN,,False,True
db986aab-4b3f-4a2e-a87c-149f75a03ac5,2026,second_quarter,Q2,2nd Quarter - Report,2026-07-20T17:12:41-04:00,400531586,"CROSSROADS STRATEGIES, LLC",71892,"COUPANG, INC.",direct_client,https://lda.gov/filings/public/filing/db986aab-4b3f-4a2e-a87c-149f75a03ac5/print/,1,TRD,Trade (domestic/foreign),"Discussions regarding U.S. export promotion and efforts to increase trade and investment flows between countries in North America, Asia, and Europe (no specific legislation). Discussions regarding international economic policy issues related to trade promotion (no specific legislation). Discussions regarding efforts to strengthen economic and commercial ties between the United States and allied countries like South Korea, Taiwan, Japan, the UK, and the European Union (no specific legislation).",,66499,CHRIS J MILLER,,False,True
db986aab-4b3f-4a2e-a87c-149f75a03ac5,2026,second_quarter,Q2,2nd Quarter - Report,2026-07-20T17:12:41-04:00,400531586,"CROSSROADS STRATEGIES, LLC",71892,"COUPANG, INC.",direct_client,https://lda.gov/filings/public/filing/db986aab-4b3f-4a2e-a87c-149f75a03ac5/print/,1,TRD,Trade (domestic/foreign),"Discussions regarding U.S. export promotion and efforts to increase trade and investment flows between countries in North America, Asia, and Europe (no specific legislation). Discussions regarding international economic policy issues related to trade promotion (no specific legislation). Discussions regarding efforts to strengthen economic and commercial ties between the United States and allied countries like South Korea, Taiwan, Japan, the UK, and the European Union (no specific legislation).",,50936,HUNTER MOORHEAD,,False,True
db986aab-4b3f-4a2e-a87c-149f75a03ac5,2026,second_quarter,Q2,2nd Quarter - Report,2026-07-20T17:12:41-04:00,400531586,"CROSSROADS STRATEGIES, LLC",71892,"COUPANG, INC.",direct_client,https://lda.gov/filings/public/filing/db986aab-4b3f-4a2e-a87c-149f75a03ac5/print/,1,TRD,Trade (domestic/foreign),"Discussions regarding U.S. export promotion and efforts to increase trade and investment flows between countries in North America, Asia, and Europe (no specific legislation). Discussions regarding international economic policy issues related to trade promotion (no specific legislation). Discussions regarding efforts to strengthen economic and commercial ties between the United States and allied countries like South Korea, Taiwan, Japan, the UK, and the European Union (no specific legislation).",,146110,LUCIA PANZA,,False,True
db986aab-4b3f-4a2e-a87c-149f75a03ac5,2026,second_quarter,Q2,2nd Quarter - Report,2026-07-20T17:12:41-04:00,400531586,"CROSSROADS STRATEGIES, LLC",71892,"COUPANG, INC.",direct_client,https://lda.gov/filings/public/filing/db986aab-4b3f-4a2e-a87c-149f75a03ac5/print/,1,TRD,Trade (domestic/foreign),"Discussions regarding U.S. export promotion and efforts to increase trade and investment flows between countries in North America, Asia, and Europe (no specific legislation). Discussions regarding international economic policy issues related to trade promotion (no specific legislation). Discussions regarding efforts to strengthen economic and commercial ties between the United States and allied countries like South Korea, Taiwan, Japan, the UK, and the European Union (no specific legislation).",,151117,STEPHEN THOMAS VOLJAVEC,,False,True
db986aab-4b3f-4a2e-a87c-149f75a03ac5,2026,second_quarter,Q2,2nd Quarter - Report,2026-07-20T17:12:41-04:00,400531586,"CROSSROADS STRATEGIES, LLC",71892,"COUPANG, INC.",direct_client,https://lda.gov/filings/public/filing/db986aab-4b3f-4a2e-a87c-149f75a03ac5/print/,1,TRD,Trade (domestic/foreign),"Discussions regarding U.S. export promotion and efforts to increase trade and investment flows between countries in North America, Asia, and Europe (no specific legislation). Discussions regarding international economic policy issues related to trade promotion (no specific legislation). Discussions regarding efforts to strengthen economic and commercial ties between the United States and allied countries like South Korea, Taiwan, Japan, the UK, and the European Union (no specific legislation).",,66496,JASON BENJAMIN VAN PELT,,False,True
db986aab-4b3f-4a2e-a87c-149f75a03ac5,2026,second_quarter,Q2,2nd Quarter - Report,2026-07-20T17:12:41-04:00,400531586,"CROSSROADS STRATEGIES, LLC",71892,"COUPANG, INC.",direct_client,https://lda.gov/filings/public/filing/db986aab-4b3f-4a2e-a87c-149f75a03ac5/print/,1,TRD,Trade (domestic/foreign),"Discussions regarding U.S. export promotion and efforts to increase trade and investment flows between countries in North America, Asia, and Europe (no specific legislation). Discussions regarding international economic policy issues related to trade promotion (no specific legislation). Discussions regarding efforts to strengthen economic and commercial ties between the United States and allied countries like South Korea, Taiwan, Japan, the UK, and the European Union (no specific legislation).",,153070,WILL COURTNEY,,False,True
db986aab-4b3f-4a2e-a87c-149f75a03ac5,2026,second_quarter,Q2,2nd Quarter - Report,2026-07-20T17:12:41-04:00,400531586,"CROSSROADS STRATEGIES, LLC",71892,"COUPANG, INC.",direct_client,https://lda.gov/filings/public/filing/db986aab-4b3f-4a2e-a87c-149f75a03ac5/print/,1,TRD,Trade (domestic/foreign),"Discussions regarding U.S. export promotion and efforts to increase trade and investment flows between countries in North America, Asia, and Europe (no specific legislation). Discussions regarding international economic policy issues related to trade promotion (no specific legislation). Discussions regarding efforts to strengthen economic and commercial ties between the United States and allied countries like South Korea, Taiwan, Japan, the UK, and the European Union (no specific legislation).",,71310,BEN LEE MCMAKIN,,False,True
db986aab-4b3f-4a2e-a87c-149f75a03ac5,2026,second_quarter,Q2,2nd Quarter - Report,2026-07-20T17:12:41-04:00,400531586,"CROSSROADS STRATEGIES, LLC",71892,"COUPANG, INC.",direct_client,https://lda.gov/filings/public/filing/db986aab-4b3f-4a2e-a87c-149f75a03ac5/print/,1,TRD,Trade (domestic/foreign),"Discussions regarding U.S. export promotion and efforts to increase trade and investment flows between countries in North America, Asia, and Europe (no specific legislation). Discussions regarding international economic policy issues related to trade promotion (no specific legislation). Discussions regarding efforts to strengthen economic and commercial ties between the United States and allied countries like South Korea, Taiwan, Japan, the UK, and the European Union (no specific legislation).",,50836,JOHN GREEN,,False,True
db986aab-4b3f-4a2e-a87c-149f75a03ac5,2026,second_quarter,Q2,2nd Quarter - Report,2026-07-20T17:12:41-04:00,400531586,"CROSSROADS STRATEGIES, LLC",71892,"COUPANG, INC.",direct_client,https://lda.gov/filings/public/filing/db986aab-4b3f-4a2e-a87c-149f75a03ac5/print/,1,TRD,Trade (domestic/foreign),"Discussions regarding U.S. export promotion and efforts to increase trade and investment flows between countries in North America, Asia, and Europe (no specific legislation). Discussions regarding international economic policy issues related to trade promotion (no specific legislation). Discussions regarding efforts to strengthen economic and commercial ties between the United States and allied countries like South Korea, Taiwan, Japan, the UK, and the European Union (no specific legislation).",,73823,CHESTER TRENT LOTT sr,,False,True
db986aab-4b3f-4a2e-a87c-149f75a03ac5,2026,second_quarter,Q2,2nd Quarter - Report,2026-07-20T17:12:41-04:00,400531586,"CROSSROADS STRATEGIES, LLC",71892,"COUPANG, INC.",direct_client,https://lda.gov/filings/public/filing/db986aab-4b3f-4a2e-a87c-149f75a03ac5/print/,1,TRD,Trade (domestic/foreign),"Discussions regarding U.S. export promotion and efforts to increase trade and investment flows between countries in North America, Asia, and Europe (no specific legislation). Discussions regarding international economic policy issues related to trade promotion (no specific legislation). Discussions regarding efforts to strengthen economic and commercial ties between the United States and allied countries like South Korea, Taiwan, Japan, the UK, and the European Union (no specific legislation).",,73822,JOHN BREAUX,,False,True
db986aab-4b3f-4a2e-a87c-149f75a03ac5,2026,second_quarter,Q2,2nd Quarter - Report,2026-07-20T17:12:41-04:00,400531586,"CROSSROADS STRATEGIES, LLC",71892,"COUPANG, INC.",direct_client,https://lda.gov/filings/public/filing/db986aab-4b3f-4a2e-a87c-149f75a03ac5/print/,1,TRD,Trade (domestic/foreign),"Discussions regarding U.S. export promotion and efforts to increase trade and investment flows between countries in North America, Asia, and Europe (no specific legislation). Discussions regarding international economic policy issues related to trade promotion (no specific legislation). Discussions regarding efforts to strengthen economic and commercial ties between the United States and allied countries like South Korea, Taiwan, Japan, the UK, and the European Union (no specific legislation).",,107303,BRITTANY JOHNSON HERNANDEZ,,False,True
db986aab-4b3f-4a2e-a87c-149f75a03ac5,2026,second_quarter,Q2,2nd Quarter - Report,2026-07-20T17:12:41-04:00,400531586,"CROSSROADS STRATEGIES, LLC",71892,"COUPANG, INC.",direct_client,https://lda.gov/filings/public/filing/db986aab-4b3f-4a2e-a87c-149f75a03ac5/print/,1,TRD,Trade (domestic/foreign),"Discussions regarding U.S. export promotion and efforts to increase trade and investment flows between countries in North America, Asia, and Europe (no specific legislation). Discussions regarding international economic policy issues related to trade promotion (no specific legislation). Discussions regarding efforts to strengthen economic and commercial ties between the United States and allied countries like South Korea, Taiwan, Japan, the UK, and the European Union (no specific legislation).",,65205,WALLY BURNETT,,False,True
db986aab-4b3f-4a2e-a87c-149f75a03ac5,2026,second_quarter,Q2,2nd Quarter - Report,2026-07-20T17:12:41-04:00,400531586,"CROSSROADS STRATEGIES, LLC",71892,"COUPANG, INC.",direct_client,https://lda.gov/filings/public/filing/db986aab-4b3f-4a2e-a87c-149f75a03ac5/print/,1,TRD,Trade (domestic/foreign),"Discussions regarding U.S. export promotion and efforts to increase trade and investment flows between countries in North America, Asia, and Europe (no specific legislation). Discussions regarding international economic policy issues related to trade promotion (no specific legislation). Discussions regarding efforts to strengthen economic and commercial ties between the United States and allied countries like South Korea, Taiwan, Japan, the UK, and the European Union (no specific legislation).",,143856,IVELISSE ALEXANDRA PORROA-GARCIA,,False,True
db986aab-4b3f-4a2e-a87c-149f75a03ac5,2026,second_quarter,Q2,2nd Quarter - Report,2026-07-20T17:12:41-04:00,400531586,"CROSSROADS STRATEGIES, LLC",71892,"COUPANG, INC.",direct_client,https://lda.gov/filings/public/filing/db986aab-4b3f-4a2e-a87c-149f75a03ac5/print/,1,TRD,Trade (domestic/foreign),"Discussions regarding U.S. export promotion and efforts to increase trade and investment flows between countries in North America, Asia, and Europe (no specific legislation). Discussions regarding international economic policy issues related to trade promotion (no specific legislation). Discussions regarding efforts to strengthen economic and commercial ties between the United States and allied countries like South Korea, Taiwan, Japan, the UK, and the European Union (no specific legislation).",,149010,REGINALD ALEXANDER MCCRIMMON,,False,True
334c6b03-9566-461f-b8b8-c0a8ca1d9c6a,2026,second_quarter,Q2,2nd Quarter - Report,2026-07-20T19:36:24-04:00,401106168,"COUPANG, INC.",211631,"COUPANG, INC.",direct_client,https://lda.gov/filings/public/filing/334c6b03-9566-461f-b8b8-c0a8ca1d9c6a/print/,1,ECN,Economics/Economic Development,"Discussions regarding expanded use of Coupang's digital, retail, and logistics offerings by American SMEs, large businesses, and agricultural producers. Discussions regarding U.S. job creation and economic growth made possible by Coupang's business model and innovation (no specific legislation).",,145063,BILL ANAYA,,False,True
334c6b03-9566-461f-b8b8-c0a8ca1d9c6a,2026,second_quarter,Q2,2nd Quarter - Report,2026-07-20T19:36:24-04:00,401106168,"COUPANG, INC.",211631,"COUPANG, INC.",direct_client,https://lda.gov/filings/public/filing/334c6b03-9566-461f-b8b8-c0a8ca1d9c6a/print/,1,ECN,Economics/Economic Development,"Discussions regarding expanded use of Coupang's digital, retail, and logistics offerings by American SMEs, large businesses, and agricultural producers. Discussions regarding U.S. job creation and economic growth made possible by Coupang's business model and innovation (no specific legislation).",,147684,ARI ZIMMERMAN,,False,True
334c6b03-9566-461f-b8b8-c0a8ca1d9c6a,2026,second_quarter,Q2,2nd Quarter - Report,2026-07-20T19:36:24-04:00,401106168,"COUPANG, INC.",211631,"COUPANG, INC.",direct_client,https://lda.gov/filings/public/filing/334c6b03-9566-461f-b8b8-c0a8ca1d9c6a/print/,1,ECN,Economics/Economic Development,"Discussions regarding expanded use of Coupang's digital, retail, and logistics offerings by American SMEs, large businesses, and agricultural producers. Discussions regarding U.S. job creation and economic growth made possible by Coupang's business model and innovation (no specific legislation).",,150796,JASON ALEXANDER PARK,,False,True
334c6b03-9566-461f-b8b8-c0a8ca1d9c6a,2026,second_quarter,Q2,2nd Quarter - Report,2026-07-20T19:36:24-04:00,401106168,"COUPANG, INC.",211631,"COUPANG, INC.",direct_client,https://lda.gov/filings/public/filing/334c6b03-9566-461f-b8b8-c0a8ca1d9c6a/print/,2,TRD,Trade (domestic/foreign),"Discussions regarding U.S. export promotion and efforts to increase trade and investment flows between countries in North America, Asia, and Europe (no specific legislation). Discussions regarding international economic policy issues related to trade promotion (no specific legislation). Discussions regarding efforts to strengthen economic and commercial ties between the United States and allied countries like South Korea, Taiwan, Japan, the UK, and the European Union (no specific legislation). Discussions regarding the US-Japan-ROK Trilateral Cooperation Act (H.R. 3429).",,145063,BILL ANAYA,,False,True
334c6b03-9566-461f-b8b8-c0a8ca1d9c6a,2026,second_quarter,Q2,2nd Quarter - Report,2026-07-20T19:36:24-04:00,401106168,"COUPANG, INC.",211631,"COUPANG, INC.",direct_client,https://lda.gov/filings/public/filing/334c6b03-9566-461f-b8b8-c0a8ca1d9c6a/print/,2,TRD,Trade (domestic/foreign),"Discussions regarding U.S. export promotion and efforts to increase trade and investment flows between countries in North America, Asia, and Europe (no specific legislation). Discussions regarding international economic policy issues related to trade promotion (no specific legislation). Discussions regarding efforts to strengthen economic and commercial ties between the United States and allied countries like South Korea, Taiwan, Japan, the UK, and the European Union (no specific legislation). Discussions regarding the US-Japan-ROK Trilateral Cooperation Act (H.R. 3429).",,147684,ARI ZIMMERMAN,,False,True
334c6b03-9566-461f-b8b8-c0a8ca1d9c6a,2026,second_quarter,Q2,2nd Quarter - Report,2026-07-20T19:36:24-04:00,401106168,"COUPANG, INC.",211631,"COUPANG, INC.",direct_client,https://lda.gov/filings/public/filing/334c6b03-9566-461f-b8b8-c0a8ca1d9c6a/print/,2,TRD,Trade (domestic/foreign),"Discussions regarding U.S. export promotion and efforts to increase trade and investment flows between countries in North America, Asia, and Europe (no specific legislation). Discussions regarding international economic policy issues related to trade promotion (no specific legislation). Discussions regarding efforts to strengthen economic and commercial ties between the United States and allied countries like South Korea, Taiwan, Japan, the UK, and the European Union (no specific legislation). Discussions regarding the US-Japan-ROK Trilateral Cooperation Act (H.R. 3429).",,150796,JASON ALEXANDER PARK,,False,True
334c6b03-9566-461f-b8b8-c0a8ca1d9c6a,2026,second_quarter,Q2,2nd Quarter - Report,2026-07-20T19:36:24-04:00,401106168,"COUPANG, INC.",211631,"COUPANG, INC.",direct_client,https://lda.gov/filings/public/filing/334c6b03-9566-461f-b8b8-c0a8ca1d9c6a/print/,3,IMM,Immigration,"Issues related to general business immigration policy. H. R. 4687, Partner with Korea Act.",,150796,JASON ALEXANDER PARK,,False,True
